ts_utc,MIDWEST_MISO_6H_AVG_DART
2025-01-01 18:00:00+00:00,8.908402777777777
2025-01-02 00:00:00+00:00,7.401111111111111
2025-01-02 06:00:00+00:00,6.004583333333333
2025-01-02 12:00:00+00:00,8.357962962962963
2025-01-02 18:00:00+00:00,-17.425324074074073
2025-01-03 00:00:00+00:00,-1.8847222222222229
2025-01-03 06:00:00+00:00,-2.1662962962962964
2025-01-03 12:00:00+00:00,-12.012407407407407
2025-01-03 18:00:00+00:00,3.6241666666666674
2025-01-04 00:00:00+00:00,4.821620370370368
2025-01-04 06:00:00+00:00,7.705000000000002
2025-01-04 12:00:00+00:00,12.618703703703703
2025-01-04 18:00:00+00:00,9.860416666666667
2025-01-05 00:00:00+00:00,6.926388888888888
2025-01-05 06:00:00+00:00,2.7869486531986527
2025-01-05 12:00:00+00:00,4.792638888888889
2025-01-05 18:00:00+00:00,5.572268518518519
2025-01-06 00:00:00+00:00,5.870925925925925
2025-01-06 06:00:00+00:00,7.963888888888889
2025-01-06 12:00:00+00:00,19.37009259259259
2025-01-06 18:00:00+00:00,18.07111111111111
2025-01-07 00:00:00+00:00,18.697824074074074
2025-01-07 06:00:00+00:00,9.521666666666667
2025-01-07 12:00:00+00:00,16.96125
2025-01-07 18:00:00+00:00,-28.039814814814815
2025-01-08 00:00:00+00:00,7.6043518518518525
2025-01-08 06:00:00+00:00,5.522037037037037
2025-01-08 12:00:00+00:00,10.996435185185184
2025-01-08 18:00:00+00:00,-7.921805555555552
2025-01-09 00:00:00+00:00,-6.288518518518518
2025-01-09 06:00:00+00:00,-3.958101851851852
2025-01-09 12:00:00+00:00,10.655601851851852
2025-01-09 18:00:00+00:00,5.858333333333333
2025-01-10 00:00:00+00:00,3.2327777777777773
2025-01-10 06:00:00+00:00,-0.31902777777777774
2025-01-10 12:00:00+00:00,-34.50717592592593
2025-01-10 18:00:00+00:00,4.317962962962965
2025-01-11 00:00:00+00:00,-2.5015740740740755
2025-01-11 06:00:00+00:00,-2.23699074074074
2025-01-11 12:00:00+00:00,4.54074074074074
2025-01-11 18:00:00+00:00,-0.20319444444444437
2025-01-12 00:00:00+00:00,-0.3612037037037045
2025-01-12 06:00:00+00:00,4.065138888888888
2025-01-12 12:00:00+00:00,5.4047222222222215
2025-01-12 18:00:00+00:00,1.672407407407407
2025-01-13 00:00:00+00:00,3.5927314814814815
2025-01-13 06:00:00+00:00,3.097685185185185
2025-01-13 12:00:00+00:00,3.0030555555555565
2025-01-13 18:00:00+00:00,-18.388425925925926
2025-01-14 00:00:00+00:00,7.0662962962962945
2025-01-14 06:00:00+00:00,-2.665879629629629
2025-01-14 12:00:00+00:00,9.093611111111112
2025-01-14 18:00:00+00:00,4.804027777777777
2025-01-15 00:00:00+00:00,5.237129629629631
2025-01-15 06:00:00+00:00,-5.537546296296296
2025-01-15 12:00:00+00:00,-2.520972222222221
2025-01-15 18:00:00+00:00,11.099166666666667
2025-01-16 00:00:00+00:00,12.985046296296296
2025-01-16 06:00:00+00:00,1.2942129629629637
2025-01-16 12:00:00+00:00,5.23287037037037
2025-01-16 18:00:00+00:00,3.6311111111111116
2025-01-17 00:00:00+00:00,-0.013093434343435573
2025-01-17 06:00:00+00:00,-3.263287037037037
2025-01-17 12:00:00+00:00,-2.2892592592592593
2025-01-17 18:00:00+00:00,7.610416666666667
2025-01-18 00:00:00+00:00,5.292592592592593
2025-01-18 06:00:00+00:00,-3.335694444444444
2025-01-18 12:00:00+00:00,2.270879629629629
2025-01-18 18:00:00+00:00,5.970879629629631
2025-01-19 00:00:00+00:00,8.523888888888889
2025-01-19 06:00:00+00:00,20.300555555555555
2025-01-19 12:00:00+00:00,22.439629629629632
2025-01-19 18:00:00+00:00,22.11708333333333
2025-01-20 00:00:00+00:00,30.1237962962963
2025-01-20 06:00:00+00:00,22.257953703703706
2025-01-20 12:00:00+00:00,34.19449074074074
2025-01-20 18:00:00+00:00,18.578935185185184
2025-01-21 00:00:00+00:00,16.05037037037037
2025-01-21 06:00:00+00:00,36.18087962962963
2025-01-21 12:00:00+00:00,-40.21370370370371
2025-01-21 18:00:00+00:00,-40.00402777777777
2025-01-22 00:00:00+00:00,-48.91814814814814
2025-01-22 06:00:00+00:00,40.92810185185186
2025-01-22 12:00:00+00:00,41.09439814814815
2025-01-22 18:00:00+00:00,-7.711527777777776
2025-01-23 00:00:00+00:00,-8.035601851851851
2025-01-23 06:00:00+00:00,-6.920694444444443
2025-01-23 12:00:00+00:00,-25.507824074074076
2025-01-23 18:00:00+00:00,17.828194444444446
2025-01-24 00:00:00+00:00,17.405694444444446
2025-01-24 06:00:00+00:00,-17.57689814814815
2025-01-24 12:00:00+00:00,-13.142361111111109
2025-01-24 18:00:00+00:00,6.529629629629629
2025-01-25 00:00:00+00:00,11.039953703703702
2025-01-25 06:00:00+00:00,9.947314814814815
2025-01-25 12:00:00+00:00,5.142222222222222
2025-01-25 18:00:00+00:00,5.363935185185185
2025-01-26 00:00:00+00:00,1.7537037037037047
2025-01-26 06:00:00+00:00,-0.206805555555556
2025-01-26 12:00:00+00:00,-3.766342592592594
2025-01-26 18:00:00+00:00,-25.92972222222222
2025-01-27 00:00:00+00:00,1.519398148148148
2025-01-27 06:00:00+00:00,3.5703703703703695
2025-01-27 12:00:00+00:00,4.634507575757575
2025-01-27 18:00:00+00:00,4.077546296296295
2025-01-28 00:00:00+00:00,-11.611342592592592
2025-01-28 06:00:00+00:00,2.69
2025-01-28 12:00:00+00:00,8.209814814814814
2025-01-28 18:00:00+00:00,8.583097643097643
2025-01-29 00:00:00+00:00,2.372962962962964
2025-01-29 06:00:00+00:00,2.5475925925925926
2025-01-29 12:00:00+00:00,5.723198653198653
2025-01-29 18:00:00+00:00,-53.53875
2025-01-30 00:00:00+00:00,-39.18236111111112
2025-01-30 06:00:00+00:00,0.0636574074074081
2025-01-30 12:00:00+00:00,-39.83305555555555
2025-01-30 18:00:00+00:00,-14.648000000000005
2025-01-31 00:00:00+00:00,-0.40708333333333363
2025-01-31 06:00:00+00:00,2.6926111111111117
2025-01-31 12:00:00+00:00,3.9200968013468014
2025-01-31 18:00:00+00:00,6.425555555555555
2025-02-01 00:00:00+00:00,6.521898148148147
2025-02-01 06:00:00+00:00,0.2351388888888892
2025-02-01 12:00:00+00:00,4.853518518518517
2025-02-01 18:00:00+00:00,3.3790740740740746
2025-02-02 00:00:00+00:00,-15.479398148148148
2025-02-02 06:00:00+00:00,-4.461203703703705
2025-02-02 12:00:00+00:00,-50.91106481481481
2025-02-02 18:00:00+00:00,-17.752638888888892
2025-02-03 00:00:00+00:00,-4.20800925925926
2025-02-03 06:00:00+00:00,-1.736666666666667
2025-02-03 12:00:00+00:00,6.570648148148148
2025-02-03 18:00:00+00:00,0.6336574074074073
2025-02-04 00:00:00+00:00,4.265601851851852
2025-02-04 06:00:00+00:00,2.9326851851851856
2025-02-04 12:00:00+00:00,11.445185185185187
2025-02-04 18:00:00+00:00,12.754074074074074
2025-02-05 00:00:00+00:00,7.472083333333334
2025-02-05 06:00:00+00:00,1.571805555555556
2025-02-05 12:00:00+00:00,-8.37166666666667
2025-02-05 18:00:00+00:00,-16.148148148148152
2025-02-06 00:00:00+00:00,-61.30675925925926
2025-02-06 06:00:00+00:00,-6.972407407407407
2025-02-06 12:00:00+00:00,-1.609444444444444
2025-02-06 18:00:00+00:00,-2.59935185185185
2025-02-07 00:00:00+00:00,2.032407407407407
2025-02-07 06:00:00+00:00,-6.151805555555556
2025-02-07 12:00:00+00:00,3.034398148148148
2025-02-07 18:00:00+00:00,10.983611111111111
2025-02-08 00:00:00+00:00,2.6274537037037033
2025-02-08 06:00:00+00:00,-0.9641203703703702
2025-02-08 12:00:00+00:00,-2.3347685185185187
2025-02-08 18:00:00+00:00,4.527731481481482
2025-02-09 00:00:00+00:00,1.1745833333333329
2025-02-09 06:00:00+00:00,4.416759259259259
2025-02-09 12:00:00+00:00,7.0630092592592595
2025-02-09 18:00:00+00:00,5.921157407407407
2025-02-10 00:00:00+00:00,5.3707870370370365
2025-02-10 06:00:00+00:00,7.768981481481482
2025-02-10 12:00:00+00:00,16.75490740740741
2025-02-10 18:00:00+00:00,0.9717129629629623
2025-02-11 00:00:00+00:00,4.733287037037036
2025-02-11 06:00:00+00:00,2.729583333333333
2025-02-11 12:00:00+00:00,10.3425
2025-02-11 18:00:00+00:00,8.887222222222222
2025-02-12 00:00:00+00:00,-3.854953703703701
2025-02-12 06:00:00+00:00,5.52861111111111
2025-02-12 12:00:00+00:00,11.212546296296296
2025-02-12 18:00:00+00:00,5.120185185185185
2025-02-13 00:00:00+00:00,1.3973611111111115
2025-02-13 06:00:00+00:00,3.15037037037037
2025-02-13 12:00:00+00:00,-12.995694444444446
2025-02-13 18:00:00+00:00,4.425416666666666
2025-02-14 00:00:00+00:00,-0.99601851851852
2025-02-14 06:00:00+00:00,-0.03763888888888959
2025-02-14 12:00:00+00:00,-26.436435185185186
2025-02-14 18:00:00+00:00,-7.469861111111111
2025-02-15 00:00:00+00:00,-2.23060185185185
2025-02-15 06:00:00+00:00,1.0506481481481482
2025-02-15 12:00:00+00:00,1.2346759259259272
2025-02-15 18:00:00+00:00,-3.3235185185185183
2025-02-16 00:00:00+00:00,-0.8146759259259259
2025-02-16 06:00:00+00:00,-3.9875925925925926
2025-02-16 12:00:00+00:00,-1.3377777777777797
2025-02-16 18:00:00+00:00,8.65675925925926
2025-02-17 00:00:00+00:00,18.852592592592593
2025-02-17 06:00:00+00:00,23.431203703703705
2025-02-17 12:00:00+00:00,50.16476851851852
2025-02-17 18:00:00+00:00,29.880277777777778
2025-02-18 00:00:00+00:00,33.52458333333333
2025-02-18 06:00:00+00:00,24.30921296296296
2025-02-18 12:00:00+00:00,34.15585858585859
2025-02-18 18:00:00+00:00,24.72324074074074
2025-02-19 00:00:00+00:00,25.755787037037038
2025-02-19 06:00:00+00:00,5.358194444444446
2025-02-19 12:00:00+00:00,5.825092592592589
2025-02-19 18:00:00+00:00,-17.316931818181814
2025-02-20 00:00:00+00:00,-82.47180555555556
2025-02-20 06:00:00+00:00,10.916574074074076
2025-02-20 12:00:00+00:00,21.45962962962963
2025-02-20 18:00:00+00:00,28.977083333333336
2025-02-21 00:00:00+00:00,39.04138888888889
2025-02-21 06:00:00+00:00,22.289768518518517
2025-02-21 12:00:00+00:00,53.50310185185185
2025-02-21 18:00:00+00:00,24.140972222222217
2025-02-22 00:00:00+00:00,25.49546296296296
2025-02-22 06:00:00+00:00,8.314999999999998
2025-02-22 12:00:00+00:00,9.063888888888888
2025-02-22 18:00:00+00:00,3.401712962962962
2025-02-23 00:00:00+00:00,1.2880555555555553
2025-02-23 06:00:00+00:00,-4.5270370370370365
2025-02-23 12:00:00+00:00,3.0952314814814823
2025-02-23 18:00:00+00:00,0.31564814814814773
2025-02-24 00:00:00+00:00,1.0408796296296297
2025-02-24 06:00:00+00:00,0.17680555555555433
2025-02-24 12:00:00+00:00,0.9253198653198648
2025-02-24 18:00:00+00:00,-9.671477272727273
2025-02-25 00:00:00+00:00,4.3540277777777785
2025-02-25 06:00:00+00:00,5.31212962962963
2025-02-25 12:00:00+00:00,1.593164983164984
2025-02-25 18:00:00+00:00,2.9527609427609427
2025-02-26 00:00:00+00:00,8.568888888888889
2025-02-26 06:00:00+00:00,0.31597222222222193
2025-02-26 12:00:00+00:00,5.761805555555554
2025-02-26 18:00:00+00:00,-5.2646759259259275
2025-02-27 00:00:00+00:00,4.167222222222223
2025-02-27 06:00:00+00:00,4.826203703703702
2025-02-27 12:00:00+00:00,7.177175925925926
2025-02-27 18:00:00+00:00,11.247504208754208
2025-02-28 00:00:00+00:00,6.168745791245791
2025-02-28 06:00:00+00:00,5.458055555555556
2025-02-28 12:00:00+00:00,-3.3268392255892283
2025-02-28 18:00:00+00:00,4.972870370370371
2025-03-01 00:00:00+00:00,3.172740740740741
2025-03-01 06:00:00+00:00,2.092175925925926
2025-03-01 12:00:00+00:00,6.782499999999999
2025-03-01 18:00:00+00:00,8.62699074074074
2025-03-02 00:00:00+00:00,1.1758796296296286
2025-03-02 06:00:00+00:00,-79.0725925925926
2025-03-02 12:00:00+00:00,7.663935185185185
2025-03-02 18:00:00+00:00,3.982314814814814
2025-03-03 00:00:00+00:00,9.907546296296298
2025-03-03 06:00:00+00:00,16.498796296296295
2025-03-03 12:00:00+00:00,11.887361111111112
2025-03-03 18:00:00+00:00,8.530277777777778
2025-03-04 00:00:00+00:00,8.338194444444445
2025-03-04 06:00:00+00:00,0.781712962962963
2025-03-04 12:00:00+00:00,5.622916666666666
2025-03-04 18:00:00+00:00,3.3441666666666663
2025-03-05 00:00:00+00:00,-3.9281944444444457
2025-03-05 06:00:00+00:00,1.2058796296296288
2025-03-05 12:00:00+00:00,8.652546296296295
2025-03-05 18:00:00+00:00,-8.729743265993266
2025-03-06 00:00:00+00:00,1.9374537037037038
2025-03-06 06:00:00+00:00,5.9185185185185185
2025-03-06 12:00:00+00:00,4.81912037037037
2025-03-06 18:00:00+00:00,3.3021296296296305
2025-03-07 00:00:00+00:00,-24.331157407407407
2025-03-07 06:00:00+00:00,-10.346435185185188
2025-03-07 12:00:00+00:00,-8.934166666666666
2025-03-07 18:00:00+00:00,8.432887205387205
2025-03-08 00:00:00+00:00,10.870879629629629
2025-03-08 06:00:00+00:00,3.2760058922558923
2025-03-08 12:00:00+00:00,6.752731481481482
2025-03-08 18:00:00+00:00,7.6809722222222225
2025-03-09 00:00:00+00:00,1.7249074074074073
2025-03-09 06:00:00+00:00,1.7290530303030305
2025-03-09 12:00:00+00:00,4.652623456790122
2025-03-09 18:00:00+00:00,-16.237962962962964
2025-03-10 00:00:00+00:00,-0.5542592592592582
2025-03-10 06:00:00+00:00,-22.261527777777772
2025-03-10 12:00:00+00:00,8.359894781144781
2025-03-10 18:00:00+00:00,-69.63879629629629
2025-03-11 00:00:00+00:00,-13.97365740740741
2025-03-11 06:00:00+00:00,5.7151851851851845
2025-03-11 12:00:00+00:00,7.0139814814814825
2025-03-11 18:00:00+00:00,-8.90810185185185
2025-03-12 00:00:00+00:00,-12.306157407407406
2025-03-12 06:00:00+00:00,13.900462962962962
2025-03-12 12:00:00+00:00,10.183842592592592
2025-03-12 18:00:00+00:00,16.024907407407408
2025-03-13 00:00:00+00:00,10.983333333333334
2025-03-13 06:00:00+00:00,0.8756944444444438
2025-03-13 12:00:00+00:00,7.003194444444445
2025-03-13 18:00:00+00:00,8.688379629629628
2025-03-14 00:00:00+00:00,12.828897306397307
2025-03-14 06:00:00+00:00,8.048425925925926
2025-03-14 12:00:00+00:00,10.741203703703704
2025-03-14 18:00:00+00:00,11.381342592592594
2025-03-15 00:00:00+00:00,0.7362962962962954
2025-03-15 06:00:00+00:00,-0.9138888888888891
2025-03-15 12:00:00+00:00,-4.412592592592592
2025-03-15 18:00:00+00:00,0.12976851851851867
2025-03-16 00:00:00+00:00,4.2726851851851855
2025-03-16 06:00:00+00:00,1.3902314814814816
2025-03-16 12:00:00+00:00,-1.6248148148148152
2025-03-16 18:00:00+00:00,7.405601851851852
2025-03-17 00:00:00+00:00,0.06263888888888824
2025-03-17 06:00:00+00:00,-35.006898148148146
2025-03-17 12:00:00+00:00,1.9525252525252539
2025-03-17 18:00:00+00:00,19.847175925925924
2025-03-18 00:00:00+00:00,4.594398148148148
2025-03-18 06:00:00+00:00,11.573935185185185
2025-03-18 12:00:00+00:00,5.1819444444444445
2025-03-18 18:00:00+00:00,1.780972222222222
2025-03-19 00:00:00+00:00,4.227824074074074
2025-03-19 06:00:00+00:00,10.049166666666666
2025-03-19 12:00:00+00:00,5.999768518518518
2025-03-19 18:00:00+00:00,-14.387500000000001
2025-03-20 00:00:00+00:00,2.127685185185185
2025-03-20 06:00:00+00:00,5.30587962962963
2025-03-20 12:00:00+00:00,6.18037037037037
2025-03-20 18:00:00+00:00,3.369444444444446
2025-03-21 00:00:00+00:00,-5.32526936026936
2025-03-21 06:00:00+00:00,-16.484444444444446
2025-03-21 12:00:00+00:00,9.939583333333333
2025-03-21 18:00:00+00:00,10.021435185185185
2025-03-22 00:00:00+00:00,7.05587962962963
2025-03-22 06:00:00+00:00,6.1903703703703705
2025-03-22 12:00:00+00:00,1.9731018518518513
2025-03-22 18:00:00+00:00,0.4485648148148152
2025-03-23 00:00:00+00:00,7.153101851851851
2025-03-23 06:00:00+00:00,3.073888888888888
2025-03-23 12:00:00+00:00,5.426944444444444
2025-03-23 18:00:00+00:00,-0.15689814814814693
2025-03-24 00:00:00+00:00,-0.40092592592592635
2025-03-24 06:00:00+00:00,-2.119074074074074
2025-03-24 12:00:00+00:00,-4.0231818181818175
2025-03-24 18:00:00+00:00,5.750462962962963
2025-03-25 00:00:00+00:00,10.350509259259258
2025-03-25 06:00:00+00:00,10.013741582491583
2025-03-25 12:00:00+00:00,5.885000000000001
2025-03-25 18:00:00+00:00,1.2269907407407403
2025-03-26 00:00:00+00:00,-2.5001136363636363
2025-03-26 06:00:00+00:00,-1.0228703703703712
2025-03-26 12:00:00+00:00,11.08915404040404
2025-03-26 18:00:00+00:00,4.887626262626263
2025-03-27 00:00:00+00:00,-40.10472222222222
2025-03-27 06:00:00+00:00,-8.130492424242425
2025-03-27 12:00:00+00:00,5.816944444444444
2025-03-27 18:00:00+00:00,-1.727222222222221
2025-03-28 00:00:00+00:00,-0.6801851851851847
2025-03-28 06:00:00+00:00,-1.0496759259259258
2025-03-28 12:00:00+00:00,1.3014351851851853
2025-03-28 18:00:00+00:00,-10.169351851851852
2025-03-29 00:00:00+00:00,-4.247790404040404
2025-03-29 06:00:00+00:00,-4.704351851851851
2025-03-29 12:00:00+00:00,-23.976157407407403
2025-03-29 18:00:00+00:00,-7.732878787878789
2025-03-30 00:00:00+00:00,-9.592285353535354
2025-03-30 06:00:00+00:00,1.614351851851852
2025-03-30 12:00:00+00:00,-0.981712962962963
2025-03-30 18:00:00+00:00,1.2736574074074072
2025-03-31 00:00:00+00:00,5.100694444444444
2025-03-31 06:00:00+00:00,4.471805555555556
2025-03-31 12:00:00+00:00,4.271305555555555
2025-03-31 18:00:00+00:00,6.600231481481482
2025-04-01 00:00:00+00:00,-9.146527777777779
2025-04-01 06:00:00+00:00,14.742546296296297
2025-04-01 12:00:00+00:00,13.431527777777779
2025-04-01 18:00:00+00:00,4.5962499999999995
2025-04-02 00:00:00+00:00,0.9282870370370366
2025-04-02 06:00:00+00:00,-11.148750000000001
2025-04-02 12:00:00+00:00,-33.1187962962963
2025-04-02 18:00:00+00:00,-7.517962962962964
2025-04-03 00:00:00+00:00,0.7777230639730641
2025-04-03 06:00:00+00:00,2.890503367003367
2025-04-03 12:00:00+00:00,-1.075202861952864
2025-04-03 18:00:00+00:00,5.586342592592591
2025-04-04 00:00:00+00:00,-1.0304629629629638
2025-04-04 06:00:00+00:00,-21.666422558922562
2025-04-04 12:00:00+00:00,-24.556342592592596
2025-04-04 18:00:00+00:00,-16.664583333333333
2025-04-05 00:00:00+00:00,-5.926111111111112
2025-04-05 06:00:00+00:00,0.9322685185185183
2025-04-05 12:00:00+00:00,-24.162499999999998
2025-04-05 18:00:00+00:00,-4.999398148148147
2025-04-06 00:00:00+00:00,-83.05199074074075
2025-04-06 06:00:00+00:00,5.391527777777778
2025-04-06 12:00:00+00:00,7.819259259259258
2025-04-06 18:00:00+00:00,6.146527777777777
2025-04-07 00:00:00+00:00,14.894398148148149
2025-04-07 06:00:00+00:00,-3.899629629629628
2025-04-07 12:00:00+00:00,11.639515993265995
2025-04-07 18:00:00+00:00,13.554074074074073
2025-04-08 00:00:00+00:00,25.957037037037036
2025-04-08 06:00:00+00:00,-2.5125799663299646
2025-04-08 12:00:00+00:00,16.04351851851852
2025-04-08 18:00:00+00:00,10.808240740740741
2025-04-09 00:00:00+00:00,19.35497727272727
2025-04-09 06:00:00+00:00,8.157690235690234
2025-04-09 12:00:00+00:00,13.693287037037038
2025-04-09 18:00:00+00:00,0.1968518518518516
2025-04-10 00:00:00+00:00,12.94763888888889
2025-04-10 06:00:00+00:00,2.1691877104377126
2025-04-10 12:00:00+00:00,6.566847643097642
2025-04-10 18:00:00+00:00,5.4965909090909095
2025-04-11 00:00:00+00:00,9.258564814814815
2025-04-11 06:00:00+00:00,4.468657407407409
2025-04-11 12:00:00+00:00,4.609364478114479
2025-04-11 18:00:00+00:00,4.551620370370371
2025-04-12 00:00:00+00:00,2.9473695286195287
2025-04-12 06:00:00+00:00,-2.331355218855219
2025-04-12 12:00:00+00:00,4.445837542087541
2025-04-12 18:00:00+00:00,4.622546296296297
2025-04-13 00:00:00+00:00,8.166557239057239
2025-04-13 06:00:00+00:00,11.505349326599324
2025-04-13 12:00:00+00:00,13.71470538720539
2025-04-13 18:00:00+00:00,7.6100462962962965
2025-04-14 00:00:00+00:00,10.034805555555556
2025-04-14 06:00:00+00:00,10.516157407407407
2025-04-14 12:00:00+00:00,10.104524410774411
2025-04-14 18:00:00+00:00,7.078661616161615
2025-04-15 00:00:00+00:00,7.421712962962963
2025-04-15 06:00:00+00:00,2.852037037037037
2025-04-15 12:00:00+00:00,-2.1824691358024695
2025-04-15 18:00:00+00:00,-0.7136111111111113
2025-04-16 00:00:00+00:00,-4.490231481481483
2025-04-16 06:00:00+00:00,16.447083333333335
2025-04-16 12:00:00+00:00,7.89875
2025-04-16 18:00:00+00:00,8.475648148148148
2025-04-17 00:00:00+00:00,15.843333333333334
2025-04-17 06:00:00+00:00,10.199953703703704
2025-04-17 12:00:00+00:00,4.673750000000001
2025-04-17 18:00:00+00:00,8.872175925925925
2025-04-18 00:00:00+00:00,8.91685185185185
2025-04-18 06:00:00+00:00,0.9434722222222222
2025-04-18 12:00:00+00:00,2.6481481481481484
2025-04-18 18:00:00+00:00,1.493518518518518
2025-04-19 00:00:00+00:00,7.304953703703704
2025-04-19 06:00:00+00:00,4.739027777777778
2025-04-19 12:00:00+00:00,2.824410774410774
2025-04-19 18:00:00+00:00,3.9029629629629627
2025-04-20 00:00:00+00:00,5.186805555555556
2025-04-20 06:00:00+00:00,2.715925925925925
2025-04-20 12:00:00+00:00,4.136759259259258
2025-04-20 18:00:00+00:00,7.788888888888888
2025-04-21 00:00:00+00:00,4.638935185185185
2025-04-21 06:00:00+00:00,0.2994907407407411
2025-04-21 12:00:00+00:00,-4.339953703703705
2025-04-21 18:00:00+00:00,4.634259259259258
2025-04-22 00:00:00+00:00,3.575740740740741
2025-04-22 06:00:00+00:00,0.5883796296296295
2025-04-22 12:00:00+00:00,5.068333333333333
2025-04-22 18:00:00+00:00,3.807601010101011
2025-04-23 00:00:00+00:00,5.315324074074073
2025-04-23 06:00:00+00:00,2.125252525252525
2025-04-23 12:00:00+00:00,2.9410984848484847
2025-04-23 18:00:00+00:00,-15.219166666666666
2025-04-24 00:00:00+00:00,-0.6495833333333328
2025-04-24 06:00:00+00:00,-8.49526936026936
2025-04-24 12:00:00+00:00,-4.800092592592594
2025-04-24 18:00:00+00:00,-11.555324074074074
2025-04-25 00:00:00+00:00,3.4768518518518516
2025-04-25 06:00:00+00:00,-4.0042592592592605
2025-04-25 12:00:00+00:00,-10.580787037037036
2025-04-25 18:00:00+00:00,-4.210740740740742
2025-04-26 00:00:00+00:00,-1.138240740740742
2025-04-26 06:00:00+00:00,0.7995370370370366
2025-04-26 12:00:00+00:00,3.0659259259259257
2025-04-26 18:00:00+00:00,-1.6494444444444447
2025-04-27 00:00:00+00:00,4.134027777777778
2025-04-27 06:00:00+00:00,4.9188425925925925
2025-04-27 12:00:00+00:00,9.720138888888888
2025-04-27 18:00:00+00:00,3.1007407407407417
2025-04-28 00:00:00+00:00,3.636435185185185
2025-04-28 06:00:00+00:00,1.8109722222222222
2025-04-28 12:00:00+00:00,5.843038720538721
2025-04-28 18:00:00+00:00,7.161809764309765
2025-04-29 00:00:00+00:00,7.039490740740741
2025-04-29 06:00:00+00:00,-1.0104629629629627
2025-04-29 12:00:00+00:00,9.02587962962963
2025-04-29 18:00:00+00:00,15.440138888888889
2025-04-30 00:00:00+00:00,-4.089768518518516
2025-04-30 06:00:00+00:00,4.641759259259261
2025-04-30 12:00:00+00:00,2.5754629629629626
2025-04-30 18:00:00+00:00,5.66800925925926
2025-05-01 00:00:00+00:00,9.294431818181817
2025-05-01 06:00:00+00:00,4.81567760942761
2025-05-01 12:00:00+00:00,7.899027777777778
2025-05-01 18:00:00+00:00,6.655601851851852
2025-05-02 00:00:00+00:00,10.328194444444444
2025-05-02 06:00:00+00:00,2.2359764309764314
2025-05-02 12:00:00+00:00,-2.755989057239057
2025-05-02 18:00:00+00:00,-5.1657196969696955
2025-05-03 00:00:00+00:00,8.246157407407408
2025-05-03 06:00:00+00:00,1.8585185185185182
2025-05-03 12:00:00+00:00,-2.913194444444444
2025-05-03 18:00:00+00:00,-1.3779629629629637
2025-05-04 00:00:00+00:00,-8.18101851851852
2025-05-04 06:00:00+00:00,1.5499537037037026
2025-05-04 12:00:00+00:00,-0.45379629629629586
2025-05-04 18:00:00+00:00,-1.756342592592592
2025-05-05 00:00:00+00:00,-20.569166666666664
2025-05-05 06:00:00+00:00,-57.83810185185185
2025-05-05 12:00:00+00:00,-3.302104377104376
2025-05-05 18:00:00+00:00,4.557063131313131
2025-05-06 00:00:00+00:00,2.771574074074074
2025-05-06 06:00:00+00:00,8.388148148148149
2025-05-06 12:00:00+00:00,1.9071759259259278
2025-05-06 18:00:00+00:00,0.9464351851851861
2025-05-07 00:00:00+00:00,-19.584351851851853
2025-05-07 06:00:00+00:00,8.259398148148149
2025-05-07 12:00:00+00:00,5.00388888888889
2025-05-07 18:00:00+00:00,8.280871212121212
2025-05-08 00:00:00+00:00,-2.549999999999999
2025-05-08 06:00:00+00:00,3.6685648148148147
2025-05-08 12:00:00+00:00,4.833287037037037
2025-05-08 18:00:00+00:00,1.417441077441078
2025-05-09 00:00:00+00:00,1.3748863636363637
2025-05-09 06:00:00+00:00,3.848703703703704
2025-05-09 12:00:00+00:00,3.0476851851851854
2025-05-09 18:00:00+00:00,9.573400673400673
2025-05-10 00:00:00+00:00,11.845787037037036
2025-05-10 06:00:00+00:00,2.877212962962964
2025-05-10 12:00:00+00:00,2.75925925925926
2025-05-10 18:00:00+00:00,6.799103535353534
2025-05-11 00:00:00+00:00,6.871805555555556
2025-05-11 06:00:00+00:00,1.0652777777777773
2025-05-11 12:00:00+00:00,3.7090824915824925
2025-05-11 18:00:00+00:00,4.006203703703704
2025-05-12 00:00:00+00:00,6.863909932659932
2025-05-12 06:00:00+00:00,1.3738888888888896
2025-05-12 12:00:00+00:00,-4.57571127946128
2025-05-12 18:00:00+00:00,8.526167227833893
2025-05-13 00:00:00+00:00,-6.6627777777777775
2025-05-13 06:00:00+00:00,1.3424537037037032
2025-05-13 12:00:00+00:00,-1.358733164983163
2025-05-13 18:00:00+00:00,10.377407407407409
2025-05-14 00:00:00+00:00,-12.42266414141414
2025-05-14 06:00:00+00:00,-6.653564814814817
2025-05-14 12:00:00+00:00,4.32421717171717
2025-05-14 18:00:00+00:00,8.911864478114477
2025-05-15 00:00:00+00:00,10.830462962962963
2025-05-15 06:00:00+00:00,5.273055555555555
2025-05-15 12:00:00+00:00,5.443051346801346
2025-05-15 18:00:00+00:00,-13.592794612794615
2025-05-16 00:00:00+00:00,21.545509259259262
2025-05-16 06:00:00+00:00,3.0851851851851855
2025-05-16 12:00:00+00:00,3.389086700336701
2025-05-16 18:00:00+00:00,13.856296296296295
2025-05-17 00:00:00+00:00,13.266944444444443
2025-05-17 06:00:00+00:00,0.5196296296296298
2025-05-17 12:00:00+00:00,9.036367845117846
2025-05-17 18:00:00+00:00,13.126582491582491
2025-05-18 00:00:00+00:00,11.783101851851852
2025-05-18 06:00:00+00:00,0.6176851851851851
2025-05-18 12:00:00+00:00,1.933333333333333
2025-05-18 18:00:00+00:00,1.525231481481482
2025-05-19 00:00:00+00:00,0.5772811447811442
2025-05-19 06:00:00+00:00,-2.643930976430976
2025-05-19 12:00:00+00:00,-0.07585016835016838
2025-05-19 18:00:00+00:00,-5.436564253647588
2025-05-20 00:00:00+00:00,-4.615686026936026
2025-05-20 06:00:00+00:00,-1.6819865319865321
2025-05-20 12:00:00+00:00,-9.462916666666667
2025-05-20 18:00:00+00:00,-3.183131313131315
2025-05-21 00:00:00+00:00,-30.67407407407408
2025-05-21 06:00:00+00:00,1.0239351851851863
2025-05-21 12:00:00+00:00,-4.734031986531986
2025-05-21 18:00:00+00:00,2.432916666666666
2025-05-22 00:00:00+00:00,-2.4314814814814825
2025-05-22 06:00:00+00:00,3.7904545454545455
2025-05-22 12:00:00+00:00,2.4120833333333334
2025-05-22 18:00:00+00:00,4.625332491582491
2025-05-23 00:00:00+00:00,-5.682188552188552
2025-05-23 06:00:00+00:00,5.650277777777778
2025-05-23 12:00:00+00:00,4.315
2025-05-23 18:00:00+00:00,8.96574074074074
2025-05-24 00:00:00+00:00,11.440925925925924
2025-05-24 06:00:00+00:00,2.129231481481481
2025-05-24 12:00:00+00:00,2.544532828282828
2025-05-24 18:00:00+00:00,7.350690235690235
2025-05-25 00:00:00+00:00,5.737916666666666
2025-05-25 06:00:00+00:00,0.07143097643097658
2025-05-25 12:00:00+00:00,2.810366161616162
2025-05-25 18:00:00+00:00,4.074861111111111
2025-05-26 00:00:00+00:00,5.363779461279461
2025-05-26 06:00:00+00:00,-0.5827609427609427
2025-05-26 12:00:00+00:00,4.096666666666667
2025-05-26 18:00:00+00:00,4.559402356902357
2025-05-27 00:00:00+00:00,5.346359427609428
2025-05-27 06:00:00+00:00,4.189566498316498
2025-05-27 12:00:00+00:00,8.025180976430976
2025-05-27 18:00:00+00:00,12.860955387205388
2025-05-28 00:00:00+00:00,13.164511784511783
2025-05-28 06:00:00+00:00,2.7991666666666664
2025-05-28 12:00:00+00:00,-8.188451178451176
2025-05-28 18:00:00+00:00,5.728055555555554
2025-05-29 00:00:00+00:00,10.284953703703705
2025-05-29 06:00:00+00:00,3.229120370370371
2025-05-29 12:00:00+00:00,-3.2372685185185177
2025-05-29 18:00:00+00:00,2.4555092592592596
2025-05-30 00:00:00+00:00,7.91638888888889
2025-05-30 06:00:00+00:00,1.6964814814814815
2025-05-30 12:00:00+00:00,3.171658249158249
2025-05-30 18:00:00+00:00,2.886527777777778
2025-05-31 00:00:00+00:00,7.054212962962963
2025-05-31 06:00:00+00:00,0.5325000000000003
2025-05-31 12:00:00+00:00,-0.3964478114478116
2025-05-31 18:00:00+00:00,2.166052188552188
2025-06-01 00:00:00+00:00,5.581698933782267
2025-06-01 06:00:00+00:00,3.010203703703704
2025-06-01 12:00:00+00:00,1.7977062289562287
2025-06-01 18:00:00+00:00,2.419465488215488
2025-06-02 00:00:00+00:00,9.707996632996634
2025-06-02 06:00:00+00:00,3.500677609427609
2025-06-02 12:00:00+00:00,8.05803872053872
2025-06-02 18:00:00+00:00,17.05485409652076
2025-06-03 00:00:00+00:00,7.3229713804713805
2025-06-03 06:00:00+00:00,1.3245370370370375
2025-06-03 12:00:00+00:00,4.9661195286195285
2025-06-03 18:00:00+00:00,15.80013888888889
2025-06-04 00:00:00+00:00,3.7099915824915812
2025-06-04 06:00:00+00:00,0.9415740740740741
2025-06-04 12:00:00+00:00,4.42645202020202
2025-06-04 18:00:00+00:00,10.729212962962963
2025-06-05 00:00:00+00:00,5.50723063973064
2025-06-05 06:00:00+00:00,-5.688994107744108
2025-06-05 12:00:00+00:00,1.7654461279461289
2025-06-05 18:00:00+00:00,8.75175925925926
2025-06-06 00:00:00+00:00,0.5181018518518512
2025-06-06 06:00:00+00:00,2.044739057239058
2025-06-06 12:00:00+00:00,-8.455194444444444
2025-06-06 18:00:00+00:00,-1.598240740740741
2025-06-07 00:00:00+00:00,0.6378198653198649
2025-06-07 06:00:00+00:00,-0.7525154320987654
2025-06-07 12:00:00+00:00,-0.21984427609427648
2025-06-07 18:00:00+00:00,-1.6916203703703712
2025-06-08 00:00:00+00:00,-0.3163173400673412
2025-06-08 06:00:00+00:00,-0.09084595959596047
2025-06-08 12:00:00+00:00,0.44177609427609416
2025-06-08 18:00:00+00:00,-5.304625420875421
2025-06-09 00:00:00+00:00,4.539541245791247
2025-06-09 06:00:00+00:00,-2.2337499999999997
2025-06-09 12:00:00+00:00,-4.532630471380473
2025-06-09 18:00:00+00:00,-5.732528619528619
2025-06-10 00:00:00+00:00,6.62300925925926
2025-06-10 06:00:00+00:00,2.124953703703704
2025-06-10 12:00:00+00:00,0.27986111111111095
2025-06-10 18:00:00+00:00,5.240509259259259
2025-06-11 00:00:00+00:00,3.421380471380472
2025-06-11 06:00:00+00:00,1.0517129629629627
2025-06-11 12:00:00+00:00,4.085835618085618
2025-06-11 18:00:00+00:00,13.028888888888888
2025-06-12 00:00:00+00:00,10.019579124579124
2025-06-12 06:00:00+00:00,1.1388888888888895
2025-06-12 12:00:00+00:00,0.7323442760942752
2025-06-12 18:00:00+00:00,-9.0239212962963
2025-06-13 00:00:00+00:00,-0.3344234006733991
2025-06-13 06:00:00+00:00,0.033148148148147406
2025-06-13 12:00:00+00:00,3.0565277777777786
2025-06-13 18:00:00+00:00,5.523930976430975
2025-06-14 00:00:00+00:00,4.336519360269359
2025-06-14 06:00:00+00:00,-0.6169688552188549
2025-06-14 12:00:00+00:00,0.7816540404040406
2025-06-14 18:00:00+00:00,3.759351851851853
2025-06-15 00:00:00+00:00,-0.26523148148148107
2025-06-15 06:00:00+00:00,-0.1264814814814815
2025-06-15 12:00:00+00:00,0.8371296296296297
2025-06-15 18:00:00+00:00,9.142685185185185
2025-06-16 00:00:00+00:00,11.804410774410774
2025-06-16 06:00:00+00:00,0.5881144781144778
2025-06-16 12:00:00+00:00,1.0624579124579123
2025-06-16 18:00:00+00:00,4.9915221661055
2025-06-17 00:00:00+00:00,4.340277777777778
2025-06-17 06:00:00+00:00,-1.0846296296296303
2025-06-17 12:00:00+00:00,-2.8082084736251396
2025-06-17 18:00:00+00:00,-25.848434343434345
2025-06-18 00:00:00+00:00,-71.59694444444445
2025-06-18 06:00:00+00:00,-63.47814814814816
2025-06-18 12:00:00+00:00,-16.2474031986532
2025-06-18 18:00:00+00:00,4.8804040404040405
2025-06-19 00:00:00+00:00,0.6774537037037033
2025-06-19 06:00:00+00:00,4.8080092592592605
2025-06-19 12:00:00+00:00,6.427154882154883
2025-06-19 18:00:00+00:00,16.56472222222222
2025-06-20 00:00:00+00:00,7.7643055555555565
2025-06-20 06:00:00+00:00,-1.4126557239057238
2025-06-20 12:00:00+00:00,-0.2941414141414154
2025-06-20 18:00:00+00:00,8.323804713804714
2025-06-21 00:00:00+00:00,-2.437377946127946
2025-06-21 06:00:00+00:00,-0.6799814814814812
2025-06-21 12:00:00+00:00,-10.111405723905724
2025-06-21 18:00:00+00:00,-39.73095117845118
2025-06-22 00:00:00+00:00,-82.78606481481482
2025-06-22 06:00:00+00:00,-0.6260185185185188
2025-06-22 12:00:00+00:00,-39.80623737373737
2025-06-22 18:00:00+00:00,-45.30340488215487
2025-06-23 00:00:00+00:00,-52.540787037037035
2025-06-23 06:00:00+00:00,-0.35695286195286174
2025-06-23 12:00:00+00:00,-26.056502525252522
2025-06-23 18:00:00+00:00,3.672194444444443
2025-06-24 00:00:00+00:00,-137.41313131313132
2025-06-24 06:00:00+00:00,7.249814814814816
2025-06-24 12:00:00+00:00,-68.61516498316497
2025-06-24 18:00:00+00:00,-183.3027314814815
2025-06-25 00:00:00+00:00,-87.77967592592593
2025-06-25 06:00:00+00:00,8.292028619528619
2025-06-25 12:00:00+00:00,3.9860606060606067
2025-06-25 18:00:00+00:00,-8.781287878787879
2025-06-26 00:00:00+00:00,11.131203703703703
2025-06-26 06:00:00+00:00,4.60787037037037
2025-06-26 12:00:00+00:00,28.863518518518518
2025-06-26 18:00:00+00:00,95.54407407407409
2025-06-27 00:00:00+00:00,47.75050925925925
2025-06-27 06:00:00+00:00,5.806557239057239
2025-06-27 12:00:00+00:00,15.047954545454544
2025-06-27 18:00:00+00:00,30.37078282828283
2025-06-28 00:00:00+00:00,18.53587962962963
2025-06-28 06:00:00+00:00,-10.388101851851852
2025-06-28 12:00:00+00:00,-20.189027777777778
2025-06-28 18:00:00+00:00,14.766203703703704
2025-06-29 00:00:00+00:00,11.043476430976432
2025-06-29 06:00:00+00:00,0.9819907407407408
2025-06-29 12:00:00+00:00,4.392222222222221
2025-06-29 18:00:00+00:00,-0.27819444444444663
2025-06-30 00:00:00+00:00,10.057407407407409
2025-06-30 06:00:00+00:00,2.86773148148148
2025-06-30 12:00:00+00:00,-14.328240740740739
2025-06-30 18:00:00+00:00,-20.398829966329966
2025-07-01 00:00:00+00:00,0.37962962962962915
2025-07-01 06:00:00+00:00,2.3085185185185186
2025-07-01 12:00:00+00:00,4.972731481481481
2025-07-01 18:00:00+00:00,22.969166666666666
2025-07-02 00:00:00+00:00,5.492361111111112
2025-07-02 06:00:00+00:00,3.592731481481481
2025-07-02 12:00:00+00:00,8.893842592592593
2025-07-02 18:00:00+00:00,22.873564814814813
2025-07-03 00:00:00+00:00,11.803796296296298
2025-07-03 06:00:00+00:00,1.5661574074074078
2025-07-03 12:00:00+00:00,-22.810694444444447
2025-07-03 18:00:00+00:00,8.889537037037037
2025-07-04 00:00:00+00:00,10.749953703703705
2025-07-04 06:00:00+00:00,2.073611111111111
2025-07-04 12:00:00+00:00,4.955370370370371
2025-07-04 18:00:00+00:00,24.072685185185183
2025-07-05 00:00:00+00:00,8.540972222222223
2025-07-05 06:00:00+00:00,0.5160648148148145
2025-07-05 12:00:00+00:00,-2.015787037037038
2025-07-05 18:00:00+00:00,11.351851851851853
2025-07-06 00:00:00+00:00,7.679074074074074
2025-07-06 06:00:00+00:00,2.4088846801346797
2025-07-06 12:00:00+00:00,-0.33981481481481524
2025-07-06 18:00:00+00:00,16.109987373737376
2025-07-07 00:00:00+00:00,14.297962962962963
2025-07-07 06:00:00+00:00,-12.340206228956228
2025-07-07 12:00:00+00:00,7.313935185185186
2025-07-07 18:00:00+00:00,19.928277777777776
2025-07-08 00:00:00+00:00,-7.348240740740739
2025-07-08 06:00:00+00:00,-7.033518518518517
2025-07-08 12:00:00+00:00,4.036342592592592
2025-07-08 18:00:00+00:00,-51.470462962962955
2025-07-09 00:00:00+00:00,12.392685185185185
2025-07-09 06:00:00+00:00,-0.8852777777777772
2025-07-09 12:00:00+00:00,10.329907407407406
2025-07-09 18:00:00+00:00,29.592407407407407
2025-07-10 00:00:00+00:00,17.8724537037037
2025-07-10 06:00:00+00:00,1.0253703703703698
2025-07-10 12:00:00+00:00,-15.063287037037036
2025-07-10 18:00:00+00:00,-5.2565740740740745
2025-07-11 00:00:00+00:00,-71.47898148148148
2025-07-11 06:00:00+00:00,-2.2765277777777775
2025-07-11 12:00:00+00:00,7.21763888888889
2025-07-11 18:00:00+00:00,36.54615740740741
2025-07-12 00:00:00+00:00,0.8009166666666664
2025-07-12 06:00:00+00:00,0.529722222222222
2025-07-12 12:00:00+00:00,0.094490740740741
2025-07-12 18:00:00+00:00,17.216620370370368
2025-07-13 00:00:00+00:00,12.624675925925926
2025-07-13 06:00:00+00:00,-4.115277777777778
2025-07-13 12:00:00+00:00,-29.974768518518516
2025-07-13 18:00:00+00:00,1.1155092592592577
2025-07-14 00:00:00+00:00,1.796249999999999
2025-07-14 06:00:00+00:00,0.5581018518518519
2025-07-14 12:00:00+00:00,6.071527777777779
2025-07-14 18:00:00+00:00,21.331722222222222
2025-07-15 00:00:00+00:00,18.381064814814817
2025-07-15 06:00:00+00:00,4.041898148148149
2025-07-15 12:00:00+00:00,18.829037037037036
2025-07-15 18:00:00+00:00,-49.17231481481482
2025-07-16 00:00:00+00:00,31.04510942760943
2025-07-16 06:00:00+00:00,1.8457365319865318
2025-07-16 12:00:00+00:00,-9.190231481481483
2025-07-16 18:00:00+00:00,24.817916666666665
2025-07-17 00:00:00+00:00,22.857083333333335
2025-07-17 06:00:00+00:00,0.1322685185185192
2025-07-17 12:00:00+00:00,17.151157407407407
2025-07-17 18:00:00+00:00,23.933287037037037
2025-07-18 00:00:00+00:00,3.9268981481481475
2025-07-18 06:00:00+00:00,-5.3842129629629625
2025-07-18 12:00:00+00:00,4.542222222222223
2025-07-18 18:00:00+00:00,-7.99189814814815
2025-07-19 00:00:00+00:00,4.339367283950616
2025-07-19 06:00:00+00:00,6.109166666666667
2025-07-19 12:00:00+00:00,-3.7103240740740735
2025-07-19 18:00:00+00:00,11.451805555555554
2025-07-20 00:00:00+00:00,3.964166666666665
2025-07-20 06:00:00+00:00,3.391157407407407
2025-07-20 12:00:00+00:00,4.5452314814814825
2025-07-20 18:00:00+00:00,-31.36402777777778
2025-07-21 00:00:00+00:00,-0.13587962962963024
2025-07-21 06:00:00+00:00,3.3988425925925925
2025-07-21 12:00:00+00:00,11.319907407407408
2025-07-21 18:00:00+00:00,16.121185185185183
2025-07-22 00:00:00+00:00,6.927937710437711
2025-07-22 06:00:00+00:00,1.8161111111111117
2025-07-22 12:00:00+00:00,3.7190277777777765
2025-07-22 18:00:00+00:00,-32.12685185185185
2025-07-23 00:00:00+00:00,-31.398425925925924
2025-07-23 06:00:00+00:00,0.9486574074074076
2025-07-23 12:00:00+00:00,17.159545454545455
2025-07-23 18:00:00+00:00,52.57208333333333
2025-07-24 00:00:00+00:00,37.59879629629629
2025-07-24 06:00:00+00:00,5.312777777777778
2025-07-24 12:00:00+00:00,23.842824074074073
2025-07-24 18:00:00+00:00,104.7536574074074
2025-07-25 00:00:00+00:00,68.47856481481482
2025-07-25 06:00:00+00:00,6.14537037037037
2025-07-25 12:00:00+00:00,17.21300925925926
2025-07-25 18:00:00+00:00,46.98222222222222
2025-07-26 00:00:00+00:00,18.684296296296296
2025-07-26 06:00:00+00:00,-0.12740740740740697
2025-07-26 12:00:00+00:00,-11.942407407407408
2025-07-26 18:00:00+00:00,-2.9696759259259244
2025-07-27 00:00:00+00:00,-3.599444444444444
2025-07-27 06:00:00+00:00,2.025601851851852
2025-07-27 12:00:00+00:00,-6.505555555555554
2025-07-27 18:00:00+00:00,-2.682037037037039
2025-07-28 00:00:00+00:00,14.05949074074074
2025-07-28 06:00:00+00:00,5.7995833333333335
2025-07-28 12:00:00+00:00,12.098518518518523
2025-07-28 18:00:00+00:00,56.8640277777778
2025-07-29 00:00:00+00:00,-86.58837962962963
2025-07-29 06:00:00+00:00,5.88574074074074
2025-07-29 12:00:00+00:00,-1.424027777777776
2025-07-29 18:00:00+00:00,65.11712962962963
2025-07-30 00:00:00+00:00,-27.44430555555556
2025-07-30 06:00:00+00:00,-21.567268518518517
2025-07-30 12:00:00+00:00,-15.048842592592598
2025-07-30 18:00:00+00:00,-9.238796296296291
2025-07-31 00:00:00+00:00,12.944953703703703
2025-07-31 06:00:00+00:00,-2.637916666666668
2025-07-31 12:00:00+00:00,-3.6939814814814813
2025-07-31 18:00:00+00:00,11.249305555555553
2025-08-01 00:00:00+00:00,6.692407407407408
2025-08-01 06:00:00+00:00,0.9390740740740736
2025-08-01 12:00:00+00:00,6.796776094276093
2025-08-01 18:00:00+00:00,7.89537037037037
2025-08-02 00:00:00+00:00,6.15625
2025-08-02 06:00:00+00:00,0.3385648148148146
2025-08-02 12:00:00+00:00,2.5526851851851857
2025-08-02 18:00:00+00:00,0.49990740740740885
2025-08-03 00:00:00+00:00,2.582685185185186
2025-08-03 06:00:00+00:00,1.040925925925926
2025-08-03 12:00:00+00:00,3.553055555555556
2025-08-03 18:00:00+00:00,8.712546296296296
2025-08-04 00:00:00+00:00,-32.813472222222224
2025-08-04 06:00:00+00:00,-1.8081018518518526
2025-08-04 12:00:00+00:00,5.3197685185185195
2025-08-04 18:00:00+00:00,18.615648148148146
2025-08-05 00:00:00+00:00,1.7699228395061732
2025-08-05 06:00:00+00:00,1.7907777777777782
2025-08-05 12:00:00+00:00,-2.2593223905723905
2025-08-05 18:00:00+00:00,13.643101851851853
2025-08-06 00:00:00+00:00,2.1234722222222224
2025-08-06 06:00:00+00:00,-4.3835185185185175
2025-08-06 12:00:00+00:00,-5.917592592592594
2025-08-06 18:00:00+00:00,-21.546944444444446
2025-08-07 00:00:00+00:00,-2.7194486531986537
2025-08-07 06:00:00+00:00,1.5540067340067347
2025-08-07 12:00:00+00:00,-4.616868686868688
2025-08-07 18:00:00+00:00,11.893611111111113
2025-08-08 00:00:00+00:00,13.353981481481483
2025-08-08 06:00:00+00:00,3.2511111111111113
2025-08-08 12:00:00+00:00,8.056342592592591
2025-08-08 18:00:00+00:00,-7.7700000000000005
2025-08-09 00:00:00+00:00,-49.07510802469136
2025-08-09 06:00:00+00:00,1.4244865319865312
2025-08-09 12:00:00+00:00,9.76037037037037
2025-08-09 18:00:00+00:00,13.34037037037037
2025-08-10 00:00:00+00:00,5.739768518518519
2025-08-10 06:00:00+00:00,2.404537037037036
2025-08-10 12:00:00+00:00,14.215185185185184
2025-08-10 18:00:00+00:00,4.559629629629633
2025-08-11 00:00:00+00:00,11.459629629629632
2025-08-11 06:00:00+00:00,-12.307685185185186
2025-08-11 12:00:00+00:00,13.817361111111113
2025-08-11 18:00:00+00:00,57.17998737373737
2025-08-12 00:00:00+00:00,-6.36588383838384
2025-08-12 06:00:00+00:00,-2.191296296296296
2025-08-12 12:00:00+00:00,-12.232685185185185
2025-08-12 18:00:00+00:00,25.26245370370371
2025-08-13 00:00:00+00:00,23.8150462962963
2025-08-13 06:00:00+00:00,4.614953703703704
2025-08-13 12:00:00+00:00,5.540648148148148
2025-08-13 18:00:00+00:00,9.248564814814815
2025-08-14 00:00:00+00:00,8.267129629629627
2025-08-14 06:00:00+00:00,3.1956481481481487
2025-08-14 12:00:00+00:00,-0.011342592592593181
2025-08-14 18:00:00+00:00,15.19523148148148
2025-08-15 00:00:00+00:00,-5.990324074074075
2025-08-15 06:00:00+00:00,-1.4715740740740741
2025-08-15 12:00:00+00:00,-40.00671296296297
2025-08-15 18:00:00+00:00,10.809583333333336
2025-08-16 00:00:00+00:00,16.398472222222225
2025-08-16 06:00:00+00:00,1.7786481481481478
2025-08-16 12:00:00+00:00,3.0412962962962973
2025-08-16 18:00:00+00:00,42.70374999999999
2025-08-17 00:00:00+00:00,19.216898148148147
2025-08-17 06:00:00+00:00,1.5209722222222222
2025-08-17 12:00:00+00:00,12.549999999999999
2025-08-17 18:00:00+00:00,25.287731481481483
2025-08-18 00:00:00+00:00,9.452453703703705
2025-08-18 06:00:00+00:00,0.17768518518518514
2025-08-18 12:00:00+00:00,10.887222222222222
2025-08-18 18:00:00+00:00,44.50875
2025-08-19 00:00:00+00:00,20.291
2025-08-19 06:00:00+00:00,4.54050925925926
2025-08-19 12:00:00+00:00,3.3281018518518515
2025-08-19 18:00:00+00:00,31.450138888888887
2025-08-20 00:00:00+00:00,6.664259259259258
2025-08-20 06:00:00+00:00,0.956750841750841
2025-08-20 12:00:00+00:00,-27.154953703703708
2025-08-20 18:00:00+00:00,-0.31703703703703595
2025-08-21 00:00:00+00:00,-6.842777777777777
2025-08-21 06:00:00+00:00,0.981944444444444
2025-08-21 12:00:00+00:00,2.4909722222222226
2025-08-21 18:00:00+00:00,13.336203703703703
2025-08-22 00:00:00+00:00,8.65462962962963
2025-08-22 06:00:00+00:00,5.211851851851852
2025-08-22 12:00:00+00:00,5.891435185185185
2025-08-22 18:00:00+00:00,12.148564814814813
2025-08-23 00:00:00+00:00,8.435787037037036
2025-08-23 06:00:00+00:00,0.6296296296296293
2025-08-23 12:00:00+00:00,1.50236531986532
2025-08-23 18:00:00+00:00,5.103750000000001
2025-08-24 00:00:00+00:00,6.390324074074074
2025-08-24 06:00:00+00:00,1.3688888888888886
2025-08-24 12:00:00+00:00,1.3743981481481482
2025-08-24 18:00:00+00:00,2.783796296296296
2025-08-25 00:00:00+00:00,4.53625
2025-08-25 06:00:00+00:00,0.19027777777777807
2025-08-25 12:00:00+00:00,3.1295370370370375
2025-08-25 18:00:00+00:00,4.160555555555556
2025-08-26 00:00:00+00:00,5.554659090909091
2025-08-26 06:00:00+00:00,1.8662037037037036
2025-08-26 12:00:00+00:00,2.9621296296296293
2025-08-26 18:00:00+00:00,1.6754629629629638
2025-08-27 00:00:00+00:00,1.514861111111111
2025-08-27 06:00:00+00:00,-3.1962037037037034
2025-08-27 12:00:00+00:00,2.2477777777777774
2025-08-27 18:00:00+00:00,4.6883333333333335
2025-08-28 00:00:00+00:00,1.2345370370370363
2025-08-28 06:00:00+00:00,-0.6800462962962968
2025-08-28 12:00:00+00:00,0.7968981481481476
2025-08-28 18:00:00+00:00,-31.002499999999998
2025-08-29 00:00:00+00:00,-1.389675925925925
2025-08-29 06:00:00+00:00,0.48509259259259335
2025-08-29 12:00:00+00:00,1.861574074074074
2025-08-29 18:00:00+00:00,-4.132584175084175
2025-08-30 00:00:00+00:00,-5.756620370370371
2025-08-30 06:00:00+00:00,1.0690909090909086
2025-08-30 12:00:00+00:00,2.1365740740740744
2025-08-30 18:00:00+00:00,6.172685185185185
2025-08-31 00:00:00+00:00,4.268842592592592
2025-08-31 06:00:00+00:00,1.6755555555555561
2025-08-31 12:00:00+00:00,1.9127777777777784
2025-08-31 18:00:00+00:00,2.6111111111111107
2025-09-01 00:00:00+00:00,3.425092592592593
2025-09-01 06:00:00+00:00,0.5472222222222223
2025-09-01 12:00:00+00:00,1.7149074074074067
2025-09-01 18:00:00+00:00,-77.94902777777779
2025-09-02 00:00:00+00:00,3.0718148148148146
2025-09-02 06:00:00+00:00,3.527546296296297
2025-09-02 12:00:00+00:00,2.0655092592592585
2025-09-02 18:00:00+00:00,-3.168796296296296
2025-09-03 00:00:00+00:00,1.3042592592592592
2025-09-03 06:00:00+00:00,-0.22148148148148059
2025-09-03 12:00:00+00:00,2.6706060606060604
2025-09-03 18:00:00+00:00,-0.4467129629629622
2025-09-04 00:00:00+00:00,6.291931818181818
2025-09-04 06:00:00+00:00,-2.2229166666666655
2025-09-04 12:00:00+00:00,-0.7983796296296286
2025-09-04 18:00:00+00:00,-23.441944444444445
2025-09-05 00:00:00+00:00,-1.8971296296296298
2025-09-05 06:00:00+00:00,1.0938888888888882
2025-09-05 12:00:00+00:00,-0.9243981481481484
2025-09-05 18:00:00+00:00,0.5856691919191918
2025-09-06 00:00:00+00:00,4.243842592592593
2025-09-06 06:00:00+00:00,-2.2670735129068453
2025-09-06 12:00:00+00:00,0.01615740740740697
2025-09-06 18:00:00+00:00,2.9670833333333335
2025-09-07 00:00:00+00:00,-1.981527777777778
2025-09-07 06:00:00+00:00,-0.4059722222222224
2025-09-07 12:00:00+00:00,1.589629629629629
2025-09-07 18:00:00+00:00,-11.281666666666665
2025-09-08 00:00:00+00:00,-0.6521296296296298
2025-09-08 06:00:00+00:00,2.217083333333333
2025-09-08 12:00:00+00:00,2.34162037037037
2025-09-08 18:00:00+00:00,-0.20817760942760977
2025-09-09 00:00:00+00:00,2.035802469135803
2025-09-09 06:00:00+00:00,-1.1785058922558922
2025-09-09 12:00:00+00:00,0.3304166666666665
2025-09-09 18:00:00+00:00,8.564398148148149
2025-09-10 00:00:00+00:00,3.324351851851852
2025-09-10 06:00:00+00:00,-8.705157407407407
2025-09-10 12:00:00+00:00,0.3738888888888891
2025-09-10 18:00:00+00:00,20.319444444444446
2025-09-11 00:00:00+00:00,7.3593981481481485
2025-09-11 06:00:00+00:00,1.1599074074074072
2025-09-11 12:00:00+00:00,3.6144444444444446
2025-09-11 18:00:00+00:00,12.432268518518518
2025-09-12 00:00:00+00:00,9.443842592592594
2025-09-12 06:00:00+00:00,4.220231481481481
2025-09-12 12:00:00+00:00,3.4321759259259266
2025-09-12 18:00:00+00:00,5.506759259259259
2025-09-13 00:00:00+00:00,1.900000000000001
2025-09-13 06:00:00+00:00,-0.42592592592592543
2025-09-13 12:00:00+00:00,-5.456620370370371
2025-09-13 18:00:00+00:00,14.919398148148147
2025-09-14 00:00:00+00:00,4.026759259259259
2025-09-14 06:00:00+00:00,2.23547138047138
2025-09-14 12:00:00+00:00,6.7868223905723895
2025-09-14 18:00:00+00:00,10.80662037037037
2025-09-15 00:00:00+00:00,5.062592592592593
2025-09-15 06:00:00+00:00,-0.601527777777778
2025-09-15 12:00:00+00:00,-10.462361111111113
2025-09-15 18:00:00+00:00,14.136296296296296
2025-09-16 00:00:00+00:00,10.934777777777777
2025-09-16 06:00:00+00:00,-1.1636574074074073
2025-09-16 12:00:00+00:00,-6.761005892255892
2025-09-16 18:00:00+00:00,-19.37458333333333
2025-09-17 00:00:00+00:00,11.01902777777778
2025-09-17 06:00:00+00:00,4.6473148148148145
2025-09-17 12:00:00+00:00,0.1313888888888878
2025-09-17 18:00:00+00:00,17.698127104377104
2025-09-18 00:00:00+00:00,-17.128981481481482
2025-09-18 06:00:00+00:00,-19.962003367003366
2025-09-18 12:00:00+00:00,-12.608430134680134
2025-09-18 18:00:00+00:00,-60.733078703703704
2025-09-19 00:00:00+00:00,-9.037916666666666
2025-09-19 06:00:00+00:00,-13.705372895622896
2025-09-19 12:00:00+00:00,-41.09748316498317
2025-09-19 18:00:00+00:00,2.208446969696972
2025-09-20 00:00:00+00:00,-12.080888047138046
2025-09-20 06:00:00+00:00,3.9784743265993274
2025-09-20 12:00:00+00:00,-10.720719696969695
2025-09-20 18:00:00+00:00,5.885997474747476
2025-09-21 00:00:00+00:00,2.2811910774410777
2025-09-21 06:00:00+00:00,1.848425925925926
2025-09-21 12:00:00+00:00,0.20015151515151533
2025-09-21 18:00:00+00:00,3.4349999999999987
2025-09-22 00:00:00+00:00,1.5101599326599324
2025-09-22 06:00:00+00:00,3.31331228956229
2025-09-22 12:00:00+00:00,1.4510185185185163
2025-09-22 18:00:00+00:00,18.978329124579123
2025-09-23 00:00:00+00:00,13.792953703703702
2025-09-23 06:00:00+00:00,4.205753367003367
2025-09-23 12:00:00+00:00,15.978472222222223
2025-09-23 18:00:00+00:00,2.056735409652078
2025-09-24 00:00:00+00:00,-11.023156565656564
2025-09-24 06:00:00+00:00,-16.941872895622893
2025-09-24 12:00:00+00:00,-32.977348484848484
2025-09-24 18:00:00+00:00,-28.852142255892257
2025-09-25 00:00:00+00:00,-24.821018518518514
2025-09-25 06:00:00+00:00,5.317592592592592
2025-09-25 12:00:00+00:00,0.15911195286195165
2025-09-25 18:00:00+00:00,-136.5587415824916
2025-09-26 00:00:00+00:00,-8.974166666666664
2025-09-26 06:00:00+00:00,6.785126262626264
2025-09-26 12:00:00+00:00,8.264166666666668
2025-09-26 18:00:00+00:00,12.413287037037037
2025-09-27 00:00:00+00:00,1.7846759259259255
2025-09-27 06:00:00+00:00,-4.1809890572390565
2025-09-27 12:00:00+00:00,6.43787037037037
2025-09-27 18:00:00+00:00,24.78578703703704
2025-09-28 00:00:00+00:00,11.776527777777778
2025-09-28 06:00:00+00:00,9.232874579124578
2025-09-28 12:00:00+00:00,5.261986531986532
2025-09-28 18:00:00+00:00,-1.3491582491582512
2025-09-29 00:00:00+00:00,9.243333333333334
2025-09-29 06:00:00+00:00,-0.5805555555555558
2025-09-29 12:00:00+00:00,10.073935185185185
2025-09-29 18:00:00+00:00,58.39984006734007
2025-09-30 00:00:00+00:00,22.13801851851852
2025-09-30 06:00:00+00:00,-1.62469696969697
2025-09-30 12:00:00+00:00,9.338101851851851
2025-09-30 18:00:00+00:00,39.71810185185185
2025-10-01 00:00:00+00:00,3.5552777777777784
2025-10-01 06:00:00+00:00,-1.8063425925925933
2025-10-01 12:00:00+00:00,6.502083333333334
2025-10-01 18:00:00+00:00,26.497962962962962
2025-10-02 00:00:00+00:00,7.534019360269359
2025-10-02 06:00:00+00:00,3.3988425925925925
2025-10-02 12:00:00+00:00,6.902314814814815
2025-10-02 18:00:00+00:00,21.239528619528617
2025-10-03 00:00:00+00:00,-0.9309048821548821
2025-10-03 06:00:00+00:00,-20.656759259259257
2025-10-03 12:00:00+00:00,-6.119936868686871
2025-10-03 18:00:00+00:00,21.461250000000003
2025-10-04 00:00:00+00:00,5.777175925925925
2025-10-04 06:00:00+00:00,-0.43560185185185096
2025-10-04 12:00:00+00:00,4.106851851851851
2025-10-04 18:00:00+00:00,20.965138888888887
2025-10-05 00:00:00+00:00,2.188379629629629
2025-10-05 06:00:00+00:00,-5.22347222222222
2025-10-05 12:00:00+00:00,3.56925925925926
2025-10-05 18:00:00+00:00,-4.434814814814814
2025-10-06 00:00:00+00:00,5.446851851851853
2025-10-06 06:00:00+00:00,2.7168055555555557
2025-10-06 12:00:00+00:00,3.4573703703703704
2025-10-06 18:00:00+00:00,59.50187289562289
2025-10-07 00:00:00+00:00,25.697916666666668
2025-10-07 06:00:00+00:00,0.5036574074074073
2025-10-07 12:00:00+00:00,4.546140572390574
2025-10-07 18:00:00+00:00,26.457083333333333
2025-10-08 00:00:00+00:00,9.828287037037034
2025-10-08 06:00:00+00:00,-3.4617424242424235
2025-10-08 12:00:00+00:00,2.4706481481481486
2025-10-08 18:00:00+00:00,10.579999999999998
2025-10-09 00:00:00+00:00,2.267638888888889
2025-10-09 06:00:00+00:00,7.228675925925926
2025-10-09 12:00:00+00:00,-12.243998316498315
2025-10-09 18:00:00+00:00,13.690370370370369
2025-10-10 00:00:00+00:00,6.6737836700336715
2025-10-10 06:00:00+00:00,-2.8808164983164986
2025-10-10 12:00:00+00:00,-6.671620370370371
2025-10-10 18:00:00+00:00,3.477491582491582
2025-10-11 00:00:00+00:00,0.47523989898989966
2025-10-11 06:00:00+00:00,-0.4044907407407406
2025-10-11 12:00:00+00:00,-0.9646759259259267
2025-10-11 18:00:00+00:00,1.8396759259259259
2025-10-12 00:00:00+00:00,1.2003240740740735
2025-10-12 06:00:00+00:00,3.606851851851852
2025-10-12 12:00:00+00:00,2.914675925925925
2025-10-12 18:00:00+00:00,-6.066788720538721
2025-10-13 00:00:00+00:00,-0.2766666666666672
2025-10-13 06:00:00+00:00,2.326712962962963
2025-10-13 12:00:00+00:00,-29.77285774410774
2025-10-13 18:00:00+00:00,-1.681111111111111
2025-10-14 00:00:00+00:00,-4.148611111111111
2025-10-14 06:00:00+00:00,-0.19148148148148103
2025-10-14 12:00:00+00:00,-5.328981481481482
2025-10-14 18:00:00+00:00,17.7975
2025-10-15 00:00:00+00:00,0.5024031986531986
2025-10-15 06:00:00+00:00,5.0150000000000015
2025-10-15 12:00:00+00:00,6.029398148148149
2025-10-15 18:00:00+00:00,6.601481481481482
2025-10-16 00:00:00+00:00,5.219212962962962
2025-10-16 06:00:00+00:00,-13.702824074074075
2025-10-16 12:00:00+00:00,4.48662037037037
2025-10-16 18:00:00+00:00,-12.890046296296292
2025-10-17 00:00:00+00:00,5.462453703703704
2025-10-17 06:00:00+00:00,4.211527777777778
2025-10-17 12:00:00+00:00,2.240416666666666
2025-10-17 18:00:00+00:00,9.595416666666665
2025-10-18 00:00:00+00:00,3.8281018518518515
2025-10-18 06:00:00+00:00,0.3737500000000005
2025-10-18 12:00:00+00:00,4.313632154882155
2025-10-18 18:00:00+00:00,-12.59597222222222
2025-10-19 00:00:00+00:00,1.8250925925925923
2025-10-19 06:00:00+00:00,2.6805808080808085
2025-10-19 12:00:00+00:00,-2.1592592592592594
2025-10-19 18:00:00+00:00,10.189722222222223
2025-10-20 00:00:00+00:00,1.821574074074074
2025-10-20 06:00:00+00:00,3.306203703703703
2025-10-20 12:00:00+00:00,7.343392255892255
2025-10-20 18:00:00+00:00,20.727626262626263
2025-10-21 00:00:00+00:00,7.103379629629629
2025-10-21 06:00:00+00:00,-5.4935816498316505
2025-10-21 12:00:00+00:00,4.977546296296297
2025-10-21 18:00:00+00:00,8.844806397306398
2025-10-22 00:00:00+00:00,-1.3856018518518525
2025-10-22 06:00:00+00:00,-2.47837962962963
2025-10-22 12:00:00+00:00,0.43754629629629666
2025-10-22 18:00:00+00:00,8.628333333333332
2025-10-23 00:00:00+00:00,-4.461805555555555
2025-10-23 06:00:00+00:00,-12.790046296296296
2025-10-23 12:00:00+00:00,-41.67513888888889
2025-10-23 18:00:00+00:00,13.172188552188551
2025-10-24 00:00:00+00:00,-3.8353703703703688
2025-10-24 06:00:00+00:00,8.39375
2025-10-24 12:00:00+00:00,6.21976851851852
2025-10-24 18:00:00+00:00,5.826102693602695
2025-10-25 00:00:00+00:00,-3.0623611111111106
2025-10-25 06:00:00+00:00,-9.388379629629629
2025-10-25 12:00:00+00:00,1.19162037037037
2025-10-25 18:00:00+00:00,-0.9405260942760937
2025-10-26 00:00:00+00:00,-5.315995370370371
2025-10-26 06:00:00+00:00,-2.547289562289563
2025-10-26 12:00:00+00:00,-1.5200084175084179
2025-10-26 18:00:00+00:00,7.636203703703703
2025-10-27 00:00:00+00:00,2.705054713804714
2025-10-27 06:00:00+00:00,0.48564814814814855
2025-10-27 12:00:00+00:00,-11.974444444444444
2025-10-27 18:00:00+00:00,-5.409461279461279
2025-10-28 00:00:00+00:00,2.2852777777777775
2025-10-28 06:00:00+00:00,7.662361111111111
2025-10-28 12:00:00+00:00,10.492449494949495
2025-10-28 18:00:00+00:00,-9.61898148148148
2025-10-29 00:00:00+00:00,-1.3933333333333344
2025-10-29 06:00:00+00:00,2.6142129629629625
2025-10-29 12:00:00+00:00,7.680879629629629
2025-10-29 18:00:00+00:00,16.67167222222222
2025-10-30 00:00:00+00:00,12.594074074074074
2025-10-30 06:00:00+00:00,15.700324074074075
2025-10-30 12:00:00+00:00,14.785079966329967
2025-10-30 18:00:00+00:00,-34.104814814814816
2025-10-31 00:00:00+00:00,-8.901666666666666
2025-10-31 06:00:00+00:00,3.8747222222222226
2025-10-31 12:00:00+00:00,8.461981481481482
2025-10-31 18:00:00+00:00,5.3868981481481475
2025-11-01 00:00:00+00:00,-0.9470370370370365
2025-11-01 06:00:00+00:00,-3.6640277777777777
2025-11-01 12:00:00+00:00,4.0935185185185174
2025-11-01 18:00:00+00:00,12.177824074074074
2025-11-02 00:00:00+00:00,13.053703703703704
2025-11-02 06:00:00+00:00,-0.4968333333333329
2025-11-02 12:00:00+00:00,4.182222222222221
2025-11-02 18:00:00+00:00,1.1351851851851855
2025-11-03 00:00:00+00:00,9.982175925925926
2025-11-03 06:00:00+00:00,10.072605218855218
2025-11-03 12:00:00+00:00,4.140231481481481
2025-11-03 18:00:00+00:00,9.292731481481484
2025-11-04 00:00:00+00:00,-5.200879629629632
2025-11-04 06:00:00+00:00,1.2171506734006738
2025-11-04 12:00:00+00:00,3.0453787878787892
2025-11-04 18:00:00+00:00,1.7769444444444442
2025-11-05 00:00:00+00:00,2.088981481481481
2025-11-05 06:00:00+00:00,3.885046296296295
2025-11-05 12:00:00+00:00,4.098564814814815
2025-11-05 18:00:00+00:00,12.128438552188554
2025-11-06 00:00:00+00:00,10.433564814814813
2025-11-06 06:00:00+00:00,-0.2917592592592584
2025-11-06 12:00:00+00:00,6.477731481481481
2025-11-06 18:00:00+00:00,7.8096296296296295
2025-11-07 00:00:00+00:00,-0.44099326599326655
2025-11-07 06:00:00+00:00,-5.407222222222223
2025-11-07 12:00:00+00:00,-4.584583333333332
2025-11-07 18:00:00+00:00,3.50138888888889
2025-11-08 00:00:00+00:00,4.2804629629629645
2025-11-08 06:00:00+00:00,-2.4771043771043764
2025-11-08 12:00:00+00:00,3.0934722222222217
2025-11-08 18:00:00+00:00,1.1366666666666665
2025-11-09 00:00:00+00:00,-3.8913425925925935
2025-11-09 06:00:00+00:00,-1.6523611111111112
2025-11-09 12:00:00+00:00,1.2687962962962966
2025-11-09 18:00:00+00:00,8.54773148148148
2025-11-10 00:00:00+00:00,4.110627104377104
2025-11-10 06:00:00+00:00,10.885517676767677
2025-11-10 12:00:00+00:00,16.74972222222222
2025-11-10 18:00:00+00:00,-5.796805555555557
2025-11-11 00:00:00+00:00,7.789490740740741
2025-11-11 06:00:00+00:00,11.823935185185187
2025-11-11 12:00:00+00:00,-6.083842592592595
2025-11-11 18:00:00+00:00,4.042177777777776
2025-11-12 00:00:00+00:00,-63.799305555555556
2025-11-12 06:00:00+00:00,4.036064814814815
2025-11-12 12:00:00+00:00,3.990277777777777
2025-11-12 18:00:00+00:00,13.826481481481482
2025-11-13 00:00:00+00:00,12.963425925925925
2025-11-13 06:00:00+00:00,0.9650462962962969
2025-11-13 12:00:00+00:00,0.8519907407407401
2025-11-13 18:00:00+00:00,7.548101851851851
2025-11-14 00:00:00+00:00,3.8236111111111124
2025-11-14 06:00:00+00:00,3.5269907407407413
2025-11-14 12:00:00+00:00,6.310879629629631
2025-11-14 18:00:00+00:00,-16.186527777777776
2025-11-15 00:00:00+00:00,3.213518518518518
2025-11-15 06:00:00+00:00,-1.436527777777777
2025-11-15 12:00:00+00:00,1.5684722222222218
2025-11-15 18:00:00+00:00,4.869351851851852
2025-11-16 00:00:00+00:00,1.597575757575757
2025-11-16 06:00:00+00:00,0.5472222222222222
2025-11-16 12:00:00+00:00,2.2989814814814817
2025-11-16 18:00:00+00:00,2.4881018518518525
2025-11-17 00:00:00+00:00,5.723333333333333
2025-11-17 06:00:00+00:00,-2.3642592592592586
2025-11-17 12:00:00+00:00,-3.082824074074074
2025-11-17 18:00:00+00:00,14.527129629629632
2025-11-18 00:00:00+00:00,5.933657407407407
2025-11-18 06:00:00+00:00,6.0475925925925935
2025-11-18 12:00:00+00:00,4.00550925925926
2025-11-18 18:00:00+00:00,1.4090740740740735
2025-11-19 00:00:00+00:00,7.863564814814816
2025-11-19 06:00:00+00:00,13.544953703703703
2025-11-19 12:00:00+00:00,-5.431750000000002
2025-11-19 18:00:00+00:00,8.99175925925926
2025-11-20 00:00:00+00:00,0.7756481481481484
2025-11-20 06:00:00+00:00,-6.190000000000002
2025-11-20 12:00:00+00:00,-43.90337962962963
2025-11-20 18:00:00+00:00,-2.6685185185185163
2025-11-21 00:00:00+00:00,8.819583333333332
2025-11-21 06:00:00+00:00,6.616296296296297
2025-11-21 12:00:00+00:00,11.520555555555555
2025-11-21 18:00:00+00:00,5.42662037037037
2025-11-22 00:00:00+00:00,0.4802230639730644
2025-11-22 06:00:00+00:00,-1.7955555555555556
2025-11-22 12:00:00+00:00,0.7855050505050506
2025-11-22 18:00:00+00:00,2.2470833333333338
2025-11-23 00:00:00+00:00,2.5118981481481484
2025-11-23 06:00:00+00:00,-0.7556018518518522
2025-11-23 12:00:00+00:00,2.1774074074074075
2025-11-23 18:00:00+00:00,3.6374999999999993
2025-11-24 00:00:00+00:00,-4.226296296296296
2025-11-24 06:00:00+00:00,-0.42384259259259266
2025-11-24 12:00:00+00:00,7.693981481481482
2025-11-24 18:00:00+00:00,3.628703703703703
2025-11-25 00:00:00+00:00,6.631759259259259
2025-11-25 06:00:00+00:00,2.6919444444444447
2025-11-25 12:00:00+00:00,-41.53615740740741
2025-11-25 18:00:00+00:00,-1.4420370370370372
2025-11-26 00:00:00+00:00,5.445092592592592
2025-11-26 06:00:00+00:00,8.327407407407408
2025-11-26 12:00:00+00:00,3.713973063973065
2025-11-26 18:00:00+00:00,7.161851851851851
2025-11-27 00:00:00+00:00,8.16956228956229
2025-11-27 06:00:00+00:00,-0.6352777777777779
2025-11-27 12:00:00+00:00,0.22194444444444406
2025-11-27 18:00:00+00:00,10.77263888888889
2025-11-28 00:00:00+00:00,8.39135521885522
2025-11-28 06:00:00+00:00,3.751342592592593
2025-11-28 12:00:00+00:00,3.823333333333333
2025-11-28 18:00:00+00:00,7.780370370370371
2025-11-29 00:00:00+00:00,9.778194444444445
2025-11-29 06:00:00+00:00,1.8810648148148144
2025-11-29 12:00:00+00:00,1.076203703703703
2025-11-29 18:00:00+00:00,-4.893888888888887
2025-11-30 00:00:00+00:00,2.9523148148148137
2025-11-30 06:00:00+00:00,-0.628518518518519
2025-11-30 12:00:00+00:00,5.46837962962963
2025-11-30 18:00:00+00:00,-4.5857407407407385
2025-12-01 00:00:00+00:00,2.6162037037037043
2025-12-01 06:00:00+00:00,8.55912037037037
2025-12-01 12:00:00+00:00,13.75227994227994
2025-12-01 18:00:00+00:00,15.863518518518518
2025-12-02 00:00:00+00:00,-3.1145833333333344
2025-12-02 06:00:00+00:00,2.2713888888888882
2025-12-02 12:00:00+00:00,-18.267031144781146
2025-12-02 18:00:00+00:00,1.7049999999999994
2025-12-03 00:00:00+00:00,8.367916666666666
2025-12-03 06:00:00+00:00,3.1380555555555554
2025-12-03 12:00:00+00:00,9.119259259259259
2025-12-03 18:00:00+00:00,2.1021906565656563
2025-12-04 00:00:00+00:00,7.007175925925924
2025-12-04 06:00:00+00:00,9.23087962962963
2025-12-04 12:00:00+00:00,20.095694444444444
2025-12-04 18:00:00+00:00,-65.31907407407408
2025-12-05 00:00:00+00:00,-13.081111111111111
2025-12-05 06:00:00+00:00,0.8741666666666642
2025-12-05 12:00:00+00:00,13.348935185185184
2025-12-05 18:00:00+00:00,-0.48439814814814736
2025-12-06 00:00:00+00:00,11.62324074074074
2025-12-06 06:00:00+00:00,-0.759675925925925
2025-12-06 12:00:00+00:00,1.1668055555555545
2025-12-06 18:00:00+00:00,-2.4763888888888896
2025-12-07 00:00:00+00:00,-44.650370370370375
2025-12-07 06:00:00+00:00,-9.818055555555556
2025-12-07 12:00:00+00:00,-16.8775
2025-12-07 18:00:00+00:00,2.5459722222222223
2025-12-08 00:00:00+00:00,2.660462962962964
2025-12-08 06:00:00+00:00,-29.732916666666668
2025-12-08 12:00:00+00:00,-77.85847222222223
2025-12-08 18:00:00+00:00,-37.86930555555556
2025-12-09 00:00:00+00:00,5.666064814814813
2025-12-09 06:00:00+00:00,-13.639978956228957
2025-12-09 12:00:00+00:00,10.24273148148148
2025-12-09 18:00:00+00:00,-10.080231481481482
2025-12-10 00:00:00+00:00,-13.012125420875421
2025-12-10 06:00:00+00:00,-1.623657407407407
2025-12-10 12:00:00+00:00,3.79486111111111
2025-12-10 18:00:00+00:00,4.131759259259261
2025-12-11 00:00:00+00:00,23.99930555555556
2025-12-11 06:00:00+00:00,13.068472222222221
2025-12-11 12:00:00+00:00,12.588194444444445
2025-12-11 18:00:00+00:00,12.095092592592591
2025-12-12 00:00:00+00:00,-5.201759259259259
2025-12-12 06:00:00+00:00,-2.470989057239056
2025-12-12 12:00:00+00:00,7.921999158249157
2025-12-12 18:00:00+00:00,24.87736111111111
2025-12-13 00:00:00+00:00,18.25273148148148
2025-12-13 06:00:00+00:00,15.127824074074075
2025-12-13 12:00:00+00:00,27.038712121212125
2025-12-13 18:00:00+00:00,24.59272727272727
2025-12-14 00:00:00+00:00,20.11425925925926
2025-12-14 06:00:00+00:00,16.50229377104377
2025-12-14 12:00:00+00:00,15.834490740740742
2025-12-14 18:00:00+00:00,21.078564814814815
2025-12-15 00:00:00+00:00,35.138526936026935
2025-12-15 06:00:00+00:00,18.416830808080807
2025-12-15 12:00:00+00:00,23.011527777777776
2025-12-15 18:00:00+00:00,7.481805555555554
2025-12-16 00:00:00+00:00,22.300648148148152
2025-12-16 06:00:00+00:00,-2.4947643097643097
2025-12-16 12:00:00+00:00,7.909537037037037
2025-12-16 18:00:00+00:00,7.676759259259259
2025-12-17 00:00:00+00:00,5.947592592592592
2025-12-17 06:00:00+00:00,9.255740740740741
2025-12-17 12:00:00+00:00,12.000854377104377
2025-12-17 18:00:00+00:00,3.35537037037037
2025-12-18 00:00:00+00:00,3.840358585858588
2025-12-18 06:00:00+00:00,-3.1837584175084177
2025-12-18 12:00:00+00:00,0.3890740740740741
2025-12-18 18:00:00+00:00,-0.4651388888888885
2025-12-19 00:00:00+00:00,-1.4299999999999995
2025-12-19 06:00:00+00:00,4.3388888888888895
2025-12-19 12:00:00+00:00,3.350084175084176
2025-12-19 18:00:00+00:00,11.304074074074073
2025-12-20 00:00:00+00:00,-1.1053240740740746
2025-12-20 06:00:00+00:00,-6.660046296296297
2025-12-20 12:00:00+00:00,-2.7133796296296286
2025-12-20 18:00:00+00:00,-7.109991582491584
2025-12-21 00:00:00+00:00,-9.834351851851853
2025-12-21 06:00:00+00:00,1.600138888888888
2025-12-21 12:00:00+00:00,3.7071632996633
2025-12-21 18:00:00+00:00,-8.934120370370367
2025-12-22 00:00:00+00:00,-0.7886574074074072
2025-12-22 06:00:00+00:00,6.3593728956228945
2025-12-22 12:00:00+00:00,-8.923160774410773
2025-12-22 18:00:00+00:00,2.637500000000001
2025-12-23 00:00:00+00:00,4.3183796296296295
2025-12-23 06:00:00+00:00,5.057685185185186
2025-12-23 12:00:00+00:00,15.176601851851855
2025-12-23 18:00:00+00:00,11.916018518518518
2025-12-24 00:00:00+00:00,9.202314814814814
2025-12-24 06:00:00+00:00,3.8433333333333337
2025-12-24 12:00:00+00:00,6.742201178451178
2025-12-24 18:00:00+00:00,6.831805555555557
2025-12-25 00:00:00+00:00,4.161296296296297
2025-12-25 06:00:00+00:00,1.843926767676769
2025-12-25 12:00:00+00:00,2.677314814814815
2025-12-25 18:00:00+00:00,3.4935185185185174
2025-12-26 00:00:00+00:00,1.5382870370370372
2025-12-26 06:00:00+00:00,-0.45740740740740654
2025-12-26 12:00:00+00:00,-5.27625
2025-12-26 18:00:00+00:00,-35.98967592592592
2025-12-27 00:00:00+00:00,-38.54802609427609
2025-12-27 06:00:00+00:00,2.6324957912457916
2025-12-27 12:00:00+00:00,-0.2014814814814804
2025-12-27 18:00:00+00:00,-5.86199074074074
2025-12-28 00:00:00+00:00,-4.932175925925925
2025-12-28 06:00:00+00:00,-0.7214074074074083
2025-12-28 12:00:00+00:00,2.0750505050505055
2025-12-28 18:00:00+00:00,4.982453703703704
2025-12-29 00:00:00+00:00,3.7884722222222216
2025-12-29 06:00:00+00:00,1.4500000000000002
2025-12-29 12:00:00+00:00,3.092222222222222
2025-12-29 18:00:00+00:00,8.041481481481481
2025-12-30 00:00:00+00:00,7.739814814814815
2025-12-30 06:00:00+00:00,2.661435185185186
2025-12-30 12:00:00+00:00,2.7541203703703725
2025-12-30 18:00:00+00:00,3.6807870370370366
2025-12-31 00:00:00+00:00,5.967962962962962
2025-12-31 06:00:00+00:00,2.864675925925926
2025-12-31 12:00:00+00:00,8.753981481481482
2025-12-31 18:00:00+00:00,-0.93861111111111
