interval_start_utc,MINN.HUB
2025-01-01 18:00:00+00:00,33.8
2025-01-02 00:00:00+00:00,38.29333333333333
2025-01-02 06:00:00+00:00,33.855
2025-01-02 12:00:00+00:00,48.815
2025-01-02 18:00:00+00:00,34.19833333333333
2025-01-03 00:00:00+00:00,29.573333333333334
2025-01-03 06:00:00+00:00,24.923333333333332
2025-01-03 12:00:00+00:00,31.018333333333334
2025-01-03 18:00:00+00:00,31.388333333333335
2025-01-04 00:00:00+00:00,35.964999999999996
2025-01-04 06:00:00+00:00,33.041666666666664
2025-01-04 12:00:00+00:00,48.968333333333334
2025-01-04 18:00:00+00:00,42.43666666666667
2025-01-05 00:00:00+00:00,36.11
2025-01-05 06:00:00+00:00,27.448333333333334
2025-01-05 12:00:00+00:00,34.615
2025-01-05 18:00:00+00:00,38.913333333333334
2025-01-06 00:00:00+00:00,37.464999999999996
2025-01-06 06:00:00+00:00,32.97
2025-01-06 12:00:00+00:00,47.51
2025-01-06 18:00:00+00:00,49.51333333333333
2025-01-07 00:00:00+00:00,54.11333333333334
2025-01-07 06:00:00+00:00,41.935
2025-01-07 12:00:00+00:00,65.52
2025-01-07 18:00:00+00:00,48.81666666666666
2025-01-08 00:00:00+00:00,45.916666666666664
2025-01-08 06:00:00+00:00,35.208333333333336
2025-01-08 12:00:00+00:00,52.681666666666665
2025-01-08 18:00:00+00:00,37.525
2025-01-09 00:00:00+00:00,30.808333333333334
2025-01-09 06:00:00+00:00,26.063333333333333
2025-01-09 12:00:00+00:00,35.58833333333333
2025-01-09 18:00:00+00:00,25.781666666666666
2025-01-10 00:00:00+00:00,25.084999999999997
2025-01-10 06:00:00+00:00,25.47666666666667
2025-01-10 12:00:00+00:00,37.235
2025-01-10 18:00:00+00:00,39.675000000000004
2025-01-11 00:00:00+00:00,38.288333333333334
2025-01-11 06:00:00+00:00,30.584999999999997
2025-01-11 12:00:00+00:00,31.314999999999998
2025-01-11 18:00:00+00:00,33.358333333333334
2025-01-12 00:00:00+00:00,32.805
2025-01-12 06:00:00+00:00,27.223333333333333
2025-01-12 12:00:00+00:00,31.816666666666663
2025-01-12 18:00:00+00:00,40.111666666666665
2025-01-13 00:00:00+00:00,42.791666666666664
2025-01-13 06:00:00+00:00,30.826666666666668
2025-01-13 12:00:00+00:00,48.050000000000004
2025-01-13 18:00:00+00:00,53.94166666666666
2025-01-14 00:00:00+00:00,58.155
2025-01-14 06:00:00+00:00,50.56166666666667
2025-01-14 12:00:00+00:00,76.35833333333333
2025-01-14 18:00:00+00:00,75.93666666666667
2025-01-15 00:00:00+00:00,78.33833333333332
2025-01-15 06:00:00+00:00,47.79
2025-01-15 12:00:00+00:00,44.64166666666667
2025-01-15 18:00:00+00:00,38.37
2025-01-16 00:00:00+00:00,32.050000000000004
2025-01-16 06:00:00+00:00,28.316666666666666
2025-01-16 12:00:00+00:00,51.781666666666666
2025-01-16 18:00:00+00:00,48.923333333333325
2025-01-17 00:00:00+00:00,33.18333333333333
2025-01-17 06:00:00+00:00,28.80333333333333
2025-01-17 12:00:00+00:00,35.89833333333333
2025-01-17 18:00:00+00:00,34.69166666666667
2025-01-18 00:00:00+00:00,38.538333333333334
2025-01-18 06:00:00+00:00,34.63166666666667
2025-01-18 12:00:00+00:00,39.48
2025-01-18 18:00:00+00:00,42.38833333333333
2025-01-19 00:00:00+00:00,53.03666666666667
2025-01-19 06:00:00+00:00,52.78666666666667
2025-01-19 12:00:00+00:00,56.623333333333335
2025-01-19 18:00:00+00:00,74.84666666666666
2025-01-20 00:00:00+00:00,92.02333333333333
2025-01-20 06:00:00+00:00,81.36
2025-01-20 12:00:00+00:00,109.61500000000001
2025-01-20 18:00:00+00:00,101.12333333333333
2025-01-21 00:00:00+00:00,133.50666666666666
2025-01-21 06:00:00+00:00,146.70833333333334
2025-01-21 12:00:00+00:00,126.60000000000001
2025-01-21 18:00:00+00:00,68.295
2025-01-22 00:00:00+00:00,86.90499999999999
2025-01-22 06:00:00+00:00,49.35166666666667
2025-01-22 12:00:00+00:00,76.10000000000001
2025-01-22 18:00:00+00:00,61.80666666666667
2025-01-23 00:00:00+00:00,63.876666666666665
2025-01-23 06:00:00+00:00,48.995000000000005
2025-01-23 12:00:00+00:00,57.41833333333333
2025-01-23 18:00:00+00:00,69.55
2025-01-24 00:00:00+00:00,81.86666666666666
2025-01-24 06:00:00+00:00,30.865
2025-01-24 12:00:00+00:00,37.65833333333333
2025-01-24 18:00:00+00:00,36.00666666666667
2025-01-25 00:00:00+00:00,28.633333333333336
2025-01-25 06:00:00+00:00,20.151666666666667
2025-01-25 12:00:00+00:00,23.811666666666667
2025-01-25 18:00:00+00:00,27.611666666666668
2025-01-26 00:00:00+00:00,29.42833333333333
2025-01-26 06:00:00+00:00,24.746666666666666
2025-01-26 12:00:00+00:00,26.543333333333333
2025-01-26 18:00:00+00:00,22.645
2025-01-27 00:00:00+00:00,24.905
2025-01-27 06:00:00+00:00,23.153333333333336
2025-01-27 12:00:00+00:00,26.99
2025-01-27 18:00:00+00:00,30.708333333333332
2025-01-28 00:00:00+00:00,33.14666666666667
2025-01-28 06:00:00+00:00,25.575
2025-01-28 12:00:00+00:00,16.41
2025-01-28 18:00:00+00:00,9.458333333333334
2025-01-29 00:00:00+00:00,13.148333333333333
2025-01-29 06:00:00+00:00,15.96
2025-01-29 12:00:00+00:00,31.595
2025-01-29 18:00:00+00:00,36.14666666666667
2025-01-30 00:00:00+00:00,21.47666666666667
2025-01-30 06:00:00+00:00,18.898333333333333
2025-01-30 12:00:00+00:00,28.99
2025-01-30 18:00:00+00:00,38.705000000000005
2025-01-31 00:00:00+00:00,33.25833333333333
2025-01-31 06:00:00+00:00,22.735
2025-01-31 12:00:00+00:00,29.873333333333335
2025-01-31 18:00:00+00:00,31.05
2025-02-01 00:00:00+00:00,29.991666666666664
2025-02-01 06:00:00+00:00,19.106666666666666
2025-02-01 12:00:00+00:00,21.959999999999997
2025-02-01 18:00:00+00:00,26.473333333333333
2025-02-02 00:00:00+00:00,23.775000000000002
2025-02-02 06:00:00+00:00,21.69333333333333
2025-02-02 12:00:00+00:00,28.263333333333335
2025-02-02 18:00:00+00:00,33.425000000000004
2025-02-03 00:00:00+00:00,28.555000000000003
2025-02-03 06:00:00+00:00,21.781666666666666
2025-02-03 12:00:00+00:00,27.84166666666667
2025-02-03 18:00:00+00:00,27.439999999999998
2025-02-04 00:00:00+00:00,30.14833333333333
2025-02-04 06:00:00+00:00,27.595
2025-02-04 12:00:00+00:00,47.34833333333333
2025-02-04 18:00:00+00:00,48.595
2025-02-05 00:00:00+00:00,44.18666666666667
2025-02-05 06:00:00+00:00,32.416666666666664
2025-02-05 12:00:00+00:00,38.218333333333334
2025-02-05 18:00:00+00:00,34.75666666666667
2025-02-06 00:00:00+00:00,34.748333333333335
2025-02-06 06:00:00+00:00,21.32166666666667
2025-02-06 12:00:00+00:00,25.228333333333335
2025-02-06 18:00:00+00:00,22.569999999999997
2025-02-07 00:00:00+00:00,26.77
2025-02-07 06:00:00+00:00,32.751666666666665
2025-02-07 12:00:00+00:00,57.39333333333334
2025-02-07 18:00:00+00:00,41.37166666666666
2025-02-08 00:00:00+00:00,35.873333333333335
2025-02-08 06:00:00+00:00,32.550000000000004
2025-02-08 12:00:00+00:00,36.50666666666667
2025-02-08 18:00:00+00:00,27.201666666666668
2025-02-09 00:00:00+00:00,29.628333333333334
2025-02-09 06:00:00+00:00,30.343333333333334
2025-02-09 12:00:00+00:00,35.748333333333335
2025-02-09 18:00:00+00:00,36.12166666666667
2025-02-10 00:00:00+00:00,30.618333333333336
2025-02-10 06:00:00+00:00,37.53666666666667
2025-02-10 12:00:00+00:00,57.318333333333335
2025-02-10 18:00:00+00:00,40.51333333333333
2025-02-11 00:00:00+00:00,33.57
2025-02-11 06:00:00+00:00,27.285
2025-02-11 12:00:00+00:00,49.32833333333334
2025-02-11 18:00:00+00:00,51.54
2025-02-12 00:00:00+00:00,53.16833333333333
2025-02-12 06:00:00+00:00,34.41833333333333
2025-02-12 12:00:00+00:00,54.20166666666666
2025-02-12 18:00:00+00:00,44.288333333333334
2025-02-13 00:00:00+00:00,38.84666666666667
2025-02-13 06:00:00+00:00,30.676666666666666
2025-02-13 12:00:00+00:00,44.49333333333333
2025-02-13 18:00:00+00:00,38.01166666666666
2025-02-14 00:00:00+00:00,32.151666666666664
2025-02-14 06:00:00+00:00,21.205000000000002
2025-02-14 12:00:00+00:00,25.80333333333333
2025-02-14 18:00:00+00:00,29.846666666666668
2025-02-15 00:00:00+00:00,37.52833333333333
2025-02-15 06:00:00+00:00,33.056666666666665
2025-02-15 12:00:00+00:00,31.054999999999996
2025-02-15 18:00:00+00:00,30.546666666666667
2025-02-16 00:00:00+00:00,29.473333333333333
2025-02-16 06:00:00+00:00,25.44333333333333
2025-02-16 12:00:00+00:00,24.68166666666667
2025-02-16 18:00:00+00:00,31.80666666666667
2025-02-17 00:00:00+00:00,48.81
2025-02-17 06:00:00+00:00,49.623333333333335
2025-02-17 12:00:00+00:00,93.32
2025-02-17 18:00:00+00:00,73.39833333333333
2025-02-18 00:00:00+00:00,101.85333333333334
2025-02-18 06:00:00+00:00,76.94833333333334
2025-02-18 12:00:00+00:00,96.86333333333333
2025-02-18 18:00:00+00:00,78.71
2025-02-19 00:00:00+00:00,85.33666666666666
2025-02-19 06:00:00+00:00,78.93666666666667
2025-02-19 12:00:00+00:00,103.24000000000001
2025-02-19 18:00:00+00:00,76.97
2025-02-20 00:00:00+00:00,88.76833333333333
2025-02-20 06:00:00+00:00,107.795
2025-02-20 12:00:00+00:00,143.70666666666668
2025-02-20 18:00:00+00:00,112.16166666666668
2025-02-21 00:00:00+00:00,129.25833333333333
2025-02-21 06:00:00+00:00,65.60000000000001
2025-02-21 12:00:00+00:00,59.218333333333334
2025-02-21 18:00:00+00:00,33.225
2025-02-22 00:00:00+00:00,40.72
2025-02-22 06:00:00+00:00,23.295
2025-02-22 12:00:00+00:00,36.11
2025-02-22 18:00:00+00:00,33.975
2025-02-23 00:00:00+00:00,34.01833333333333
2025-02-23 06:00:00+00:00,28.916666666666668
2025-02-23 12:00:00+00:00,33.38333333333333
2025-02-23 18:00:00+00:00,23.626666666666665
2025-02-24 00:00:00+00:00,18.075
2025-02-24 06:00:00+00:00,8.948333333333332
2025-02-24 12:00:00+00:00,29.911666666666665
2025-02-24 18:00:00+00:00,29.623333333333335
2025-02-25 00:00:00+00:00,31.86833333333333
2025-02-25 06:00:00+00:00,32.471666666666664
2025-02-25 12:00:00+00:00,43.835
2025-02-25 18:00:00+00:00,28.429999999999996
2025-02-26 00:00:00+00:00,24.463333333333335
2025-02-26 06:00:00+00:00,18.296666666666667
2025-02-26 12:00:00+00:00,33.464999999999996
2025-02-26 18:00:00+00:00,28.243333333333336
2025-02-27 00:00:00+00:00,25.358333333333334
2025-02-27 06:00:00+00:00,11.700000000000001
2025-02-27 12:00:00+00:00,24.400000000000002
2025-02-27 18:00:00+00:00,26.076666666666668
2025-02-28 00:00:00+00:00,28.91333333333333
2025-02-28 06:00:00+00:00,4.718333333333333
2025-02-28 12:00:00+00:00,20.09
2025-02-28 18:00:00+00:00,20.471666666666668
2025-03-01 00:00:00+00:00,24.294999999999998
2025-03-01 06:00:00+00:00,23.425
2025-03-01 12:00:00+00:00,28.853333333333335
2025-03-01 18:00:00+00:00,38.830000000000005
2025-03-02 00:00:00+00:00,52.928333333333335
2025-03-02 06:00:00+00:00,34.88333333333333
2025-03-02 12:00:00+00:00,26.625
2025-03-02 18:00:00+00:00,25.853333333333335
2025-03-03 00:00:00+00:00,23.285
2025-03-03 06:00:00+00:00,18.863333333333333
2025-03-03 12:00:00+00:00,28.46666666666667
2025-03-03 18:00:00+00:00,23.060000000000002
2025-03-04 00:00:00+00:00,26.635
2025-03-04 06:00:00+00:00,22.666666666666668
2025-03-04 12:00:00+00:00,33.574999999999996
2025-03-04 18:00:00+00:00,31.11
2025-03-05 00:00:00+00:00,29.486666666666668
2025-03-05 06:00:00+00:00,25.061666666666667
2025-03-05 12:00:00+00:00,37.14333333333334
2025-03-05 18:00:00+00:00,32.681666666666665
2025-03-06 00:00:00+00:00,44.37
2025-03-06 06:00:00+00:00,30.540000000000003
2025-03-06 12:00:00+00:00,40.43666666666667
2025-03-06 18:00:00+00:00,39.14333333333334
2025-03-07 00:00:00+00:00,56.42666666666667
2025-03-07 06:00:00+00:00,34.62833333333333
2025-03-07 12:00:00+00:00,34.15833333333333
2025-03-07 18:00:00+00:00,32.14
2025-03-08 00:00:00+00:00,33.92
2025-03-08 06:00:00+00:00,22.24
2025-03-08 12:00:00+00:00,17.578333333333333
2025-03-08 18:00:00+00:00,15.348333333333334
2025-03-09 00:00:00+00:00,31.516666666666666
2025-03-09 06:00:00+00:00,20.84
2025-03-09 12:00:00+00:00,11.688333333333333
2025-03-09 18:00:00+00:00,8.566666666666666
2025-03-10 00:00:00+00:00,24.311666666666667
2025-03-10 06:00:00+00:00,25.103333333333335
2025-03-10 12:00:00+00:00,19.56833333333333
2025-03-10 18:00:00+00:00,14.08
2025-03-11 00:00:00+00:00,19.81
2025-03-11 06:00:00+00:00,24.798333333333332
2025-03-11 12:00:00+00:00,31.378333333333334
2025-03-11 18:00:00+00:00,37.305
2025-03-12 00:00:00+00:00,34.99666666666666
2025-03-12 06:00:00+00:00,36.57666666666667
2025-03-12 12:00:00+00:00,40.41166666666667
2025-03-12 18:00:00+00:00,41.285000000000004
2025-03-13 00:00:00+00:00,37.705
2025-03-13 06:00:00+00:00,29.911666666666665
2025-03-13 12:00:00+00:00,26.900000000000002
2025-03-13 18:00:00+00:00,26.944999999999997
2025-03-14 00:00:00+00:00,32.87166666666666
2025-03-14 06:00:00+00:00,28.133333333333336
2025-03-14 12:00:00+00:00,33.25
2025-03-14 18:00:00+00:00,25.166666666666668
2025-03-15 00:00:00+00:00,24.67
2025-03-15 06:00:00+00:00,9.685
2025-03-15 12:00:00+00:00,13.71
2025-03-15 18:00:00+00:00,16.991666666666667
2025-03-16 00:00:00+00:00,24.87
2025-03-16 06:00:00+00:00,25.915000000000003
2025-03-16 12:00:00+00:00,27.938333333333333
2025-03-16 18:00:00+00:00,31.051666666666666
2025-03-17 00:00:00+00:00,33.355
2025-03-17 06:00:00+00:00,26.021666666666665
2025-03-17 12:00:00+00:00,26.679999999999996
2025-03-17 18:00:00+00:00,22.80666666666667
2025-03-18 00:00:00+00:00,27.506666666666664
2025-03-18 06:00:00+00:00,23.37833333333333
2025-03-18 12:00:00+00:00,26.645
2025-03-18 18:00:00+00:00,24.793333333333333
2025-03-19 00:00:00+00:00,28.450000000000003
2025-03-19 06:00:00+00:00,25.433333333333334
2025-03-19 12:00:00+00:00,28.543333333333333
2025-03-19 18:00:00+00:00,26.320000000000004
2025-03-20 00:00:00+00:00,27.179999999999996
2025-03-20 06:00:00+00:00,28.099999999999998
2025-03-20 12:00:00+00:00,31.263333333333332
2025-03-20 18:00:00+00:00,18.426666666666666
2025-03-21 00:00:00+00:00,23.426666666666666
2025-03-21 06:00:00+00:00,23.145
2025-03-21 12:00:00+00:00,22.906666666666666
2025-03-21 18:00:00+00:00,22.94333333333333
2025-03-22 00:00:00+00:00,38.556666666666665
2025-03-22 06:00:00+00:00,37.27
2025-03-22 12:00:00+00:00,25.978333333333335
2025-03-22 18:00:00+00:00,19.093333333333334
2025-03-23 00:00:00+00:00,27.048333333333332
2025-03-23 06:00:00+00:00,21.05333333333333
2025-03-23 12:00:00+00:00,25.008333333333336
2025-03-23 18:00:00+00:00,24.268333333333334
2025-03-24 00:00:00+00:00,28.036666666666665
2025-03-24 06:00:00+00:00,30.953333333333333
2025-03-24 12:00:00+00:00,33.781666666666666
2025-03-24 18:00:00+00:00,31.459999999999997
2025-03-25 00:00:00+00:00,49.906666666666666
2025-03-25 06:00:00+00:00,39.291666666666664
2025-03-25 12:00:00+00:00,38.86333333333334
2025-03-25 18:00:00+00:00,18.08666666666667
2025-03-26 00:00:00+00:00,39.141666666666666
2025-03-26 06:00:00+00:00,42.46666666666667
2025-03-26 12:00:00+00:00,41.25833333333333
2025-03-26 18:00:00+00:00,36.431666666666665
2025-03-27 00:00:00+00:00,37.580000000000005
2025-03-27 06:00:00+00:00,28.478333333333335
2025-03-27 12:00:00+00:00,28.745
2025-03-27 18:00:00+00:00,22.694999999999997
2025-03-28 00:00:00+00:00,26.08
2025-03-28 06:00:00+00:00,25.236666666666668
2025-03-28 12:00:00+00:00,28.855
2025-03-28 18:00:00+00:00,23.258333333333336
2025-03-29 00:00:00+00:00,24.543333333333333
2025-03-29 06:00:00+00:00,19.151666666666667
2025-03-29 12:00:00+00:00,25.065
2025-03-29 18:00:00+00:00,23.528333333333336
2025-03-30 00:00:00+00:00,26.333333333333332
2025-03-30 06:00:00+00:00,23.21666666666667
2025-03-30 12:00:00+00:00,25.063333333333333
2025-03-30 18:00:00+00:00,24.451666666666668
2025-03-31 00:00:00+00:00,27.55333333333333
2025-03-31 06:00:00+00:00,28.996666666666666
2025-03-31 12:00:00+00:00,37.61
2025-03-31 18:00:00+00:00,40.641666666666666
2025-04-01 00:00:00+00:00,46.45666666666667
2025-04-01 06:00:00+00:00,29.798333333333332
2025-04-01 12:00:00+00:00,40.24333333333333
2025-04-01 18:00:00+00:00,41.748333333333335
2025-04-02 00:00:00+00:00,37.98
2025-04-02 06:00:00+00:00,36.29666666666667
2025-04-02 12:00:00+00:00,42.59166666666667
2025-04-02 18:00:00+00:00,35.486666666666665
2025-04-03 00:00:00+00:00,33.71666666666667
2025-04-03 06:00:00+00:00,36.0
2025-04-03 12:00:00+00:00,40.37166666666667
2025-04-03 18:00:00+00:00,55.09166666666667
2025-04-04 00:00:00+00:00,63.99
2025-04-04 06:00:00+00:00,39.903333333333336
2025-04-04 12:00:00+00:00,44.76
2025-04-04 18:00:00+00:00,41.36333333333334
2025-04-05 00:00:00+00:00,36.19166666666667
2025-04-05 06:00:00+00:00,29.705
2025-04-05 12:00:00+00:00,25.233333333333334
2025-04-05 18:00:00+00:00,16.62
2025-04-06 00:00:00+00:00,38.275
2025-04-06 06:00:00+00:00,32.95
2025-04-06 12:00:00+00:00,37.14833333333333
2025-04-06 18:00:00+00:00,34.82333333333333
2025-04-07 00:00:00+00:00,36.806666666666665
2025-04-07 06:00:00+00:00,26.895
2025-04-07 12:00:00+00:00,34.27833333333333
2025-04-07 18:00:00+00:00,37.36
2025-04-08 00:00:00+00:00,62.62833333333333
2025-04-08 06:00:00+00:00,59.24666666666667
2025-04-08 12:00:00+00:00,37.071666666666665
2025-04-08 18:00:00+00:00,27.406666666666666
2025-04-09 00:00:00+00:00,31.155
2025-04-09 06:00:00+00:00,31.13
2025-04-09 12:00:00+00:00,37.96666666666667
2025-04-09 18:00:00+00:00,23.38
2025-04-10 00:00:00+00:00,42.66166666666667
2025-04-10 06:00:00+00:00,24.506666666666664
2025-04-10 12:00:00+00:00,28.558333333333334
2025-04-10 18:00:00+00:00,23.775000000000002
2025-04-11 00:00:00+00:00,35.711666666666666
2025-04-11 06:00:00+00:00,40.34166666666667
2025-04-11 12:00:00+00:00,47.123333333333335
2025-04-11 18:00:00+00:00,39.08833333333333
2025-04-12 00:00:00+00:00,34.02166666666667
2025-04-12 06:00:00+00:00,15.125
2025-04-12 12:00:00+00:00,13.863333333333335
2025-04-12 18:00:00+00:00,18.565
2025-04-13 00:00:00+00:00,22.066666666666666
2025-04-13 06:00:00+00:00,12.783333333333333
2025-04-13 12:00:00+00:00,23.776666666666667
2025-04-13 18:00:00+00:00,21.166666666666668
2025-04-14 00:00:00+00:00,24.888333333333332
2025-04-14 06:00:00+00:00,20.278333333333332
2025-04-14 12:00:00+00:00,34.05166666666667
2025-04-14 18:00:00+00:00,23.92
2025-04-15 00:00:00+00:00,27.131666666666664
2025-04-15 06:00:00+00:00,23.165000000000003
2025-04-15 12:00:00+00:00,27.75
2025-04-15 18:00:00+00:00,24.576666666666668
2025-04-16 00:00:00+00:00,48.093333333333334
2025-04-16 06:00:00+00:00,28.725000000000005
2025-04-16 12:00:00+00:00,26.048333333333332
2025-04-16 18:00:00+00:00,21.76
2025-04-17 00:00:00+00:00,29.101666666666663
2025-04-17 06:00:00+00:00,23.985
2025-04-17 12:00:00+00:00,26.97
2025-04-17 18:00:00+00:00,25.916666666666668
2025-04-18 00:00:00+00:00,28.831666666666667
2025-04-18 06:00:00+00:00,17.213333333333335
2025-04-18 12:00:00+00:00,27.438333333333333
2025-04-18 18:00:00+00:00,23.258333333333336
2025-04-19 00:00:00+00:00,28.066666666666666
2025-04-19 06:00:00+00:00,31.183333333333334
2025-04-19 12:00:00+00:00,30.554999999999996
2025-04-19 18:00:00+00:00,34.14333333333334
2025-04-20 00:00:00+00:00,36.52166666666667
2025-04-20 06:00:00+00:00,16.62
2025-04-20 12:00:00+00:00,18.276666666666667
2025-04-20 18:00:00+00:00,19.07
2025-04-21 00:00:00+00:00,23.833333333333332
2025-04-21 06:00:00+00:00,26.53333333333333
2025-04-21 12:00:00+00:00,32.38666666666666
2025-04-21 18:00:00+00:00,28.995
2025-04-22 00:00:00+00:00,36.065000000000005
2025-04-22 06:00:00+00:00,23.64833333333333
2025-04-22 12:00:00+00:00,25.481666666666666
2025-04-22 18:00:00+00:00,32.975
2025-04-23 00:00:00+00:00,43.24166666666667
2025-04-23 06:00:00+00:00,28.605
2025-04-23 12:00:00+00:00,29.05
2025-04-23 18:00:00+00:00,36.82833333333333
2025-04-24 00:00:00+00:00,41.94833333333333
2025-04-24 06:00:00+00:00,29.724999999999998
2025-04-24 12:00:00+00:00,33.02
2025-04-24 18:00:00+00:00,29.586666666666662
2025-04-25 00:00:00+00:00,34.531666666666666
2025-04-25 06:00:00+00:00,30.583333333333332
2025-04-25 12:00:00+00:00,35.66833333333333
2025-04-25 18:00:00+00:00,25.258333333333336
2025-04-26 00:00:00+00:00,28.813333333333333
2025-04-26 06:00:00+00:00,23.666666666666668
2025-04-26 12:00:00+00:00,19.255
2025-04-26 18:00:00+00:00,17.38
2025-04-27 00:00:00+00:00,19.65
2025-04-27 06:00:00+00:00,10.591666666666667
2025-04-27 12:00:00+00:00,21.065
2025-04-27 18:00:00+00:00,25.67
2025-04-28 00:00:00+00:00,31.421666666666667
2025-04-28 06:00:00+00:00,23.111666666666665
2025-04-28 12:00:00+00:00,27.728333333333335
2025-04-28 18:00:00+00:00,25.94666666666667
2025-04-29 00:00:00+00:00,38.163333333333334
2025-04-29 06:00:00+00:00,34.20666666666667
2025-04-29 12:00:00+00:00,45.31166666666667
2025-04-29 18:00:00+00:00,38.12
2025-04-30 00:00:00+00:00,44.65
2025-04-30 06:00:00+00:00,25.543333333333333
2025-04-30 12:00:00+00:00,24.606666666666666
2025-04-30 18:00:00+00:00,29.141666666666666
2025-05-01 00:00:00+00:00,42.73
2025-05-01 06:00:00+00:00,36.26166666666666
2025-05-01 12:00:00+00:00,38.745
2025-05-01 18:00:00+00:00,33.19833333333333
2025-05-02 00:00:00+00:00,39.053333333333335
2025-05-02 06:00:00+00:00,30.128333333333334
2025-05-02 12:00:00+00:00,43.83166666666667
2025-05-02 18:00:00+00:00,42.86833333333333
2025-05-03 00:00:00+00:00,45.815
2025-05-03 06:00:00+00:00,32.17
2025-05-03 12:00:00+00:00,29.73
2025-05-03 18:00:00+00:00,34.06166666666667
2025-05-04 00:00:00+00:00,40.125
2025-05-04 06:00:00+00:00,27.206666666666667
2025-05-04 12:00:00+00:00,23.105
2025-05-04 18:00:00+00:00,24.78833333333333
2025-05-05 00:00:00+00:00,31.176666666666666
2025-05-05 06:00:00+00:00,28.37833333333333
2025-05-05 12:00:00+00:00,38.63
2025-05-05 18:00:00+00:00,40.64333333333334
2025-05-06 00:00:00+00:00,41.52
2025-05-06 06:00:00+00:00,32.248333333333335
2025-05-06 12:00:00+00:00,39.95333333333333
2025-05-06 18:00:00+00:00,45.370000000000005
2025-05-07 00:00:00+00:00,49.23333333333333
2025-05-07 06:00:00+00:00,29.179999999999996
2025-05-07 12:00:00+00:00,30.481666666666666
2025-05-07 18:00:00+00:00,32.455000000000005
2025-05-08 00:00:00+00:00,32.76166666666666
2025-05-08 06:00:00+00:00,19.498333333333335
2025-05-08 12:00:00+00:00,30.231666666666666
2025-05-08 18:00:00+00:00,32.693333333333335
2025-05-09 00:00:00+00:00,38.803333333333335
2025-05-09 06:00:00+00:00,20.003333333333334
2025-05-09 12:00:00+00:00,27.418333333333333
2025-05-09 18:00:00+00:00,42.56166666666667
2025-05-10 00:00:00+00:00,35.59166666666667
2025-05-10 06:00:00+00:00,16.663333333333334
2025-05-10 12:00:00+00:00,20.166666666666668
2025-05-10 18:00:00+00:00,26.561666666666667
2025-05-11 00:00:00+00:00,20.301666666666666
2025-05-11 06:00:00+00:00,-1.2783333333333335
2025-05-11 12:00:00+00:00,6.12
2025-05-11 18:00:00+00:00,27.974999999999998
2025-05-12 00:00:00+00:00,38.37166666666666
2025-05-12 06:00:00+00:00,7.366666666666667
2025-05-12 12:00:00+00:00,25.173333333333332
2025-05-12 18:00:00+00:00,50.405
2025-05-13 00:00:00+00:00,47.048333333333325
2025-05-13 06:00:00+00:00,19.238333333333333
2025-05-13 12:00:00+00:00,32.685
2025-05-13 18:00:00+00:00,56.071666666666665
2025-05-14 00:00:00+00:00,43.27
2025-05-14 06:00:00+00:00,23.511666666666667
2025-05-14 12:00:00+00:00,43.044999999999995
2025-05-14 18:00:00+00:00,61.56166666666667
2025-05-15 00:00:00+00:00,58.06666666666666
2025-05-15 06:00:00+00:00,15.225000000000001
2025-05-15 12:00:00+00:00,27.61
2025-05-15 18:00:00+00:00,33.696666666666665
2025-05-16 00:00:00+00:00,30.72
2025-05-16 06:00:00+00:00,16.044999999999998
2025-05-16 12:00:00+00:00,21.701666666666668
2025-05-16 18:00:00+00:00,20.953333333333333
2025-05-17 00:00:00+00:00,14.32
2025-05-17 06:00:00+00:00,4.191666666666666
2025-05-17 12:00:00+00:00,11.833333333333334
2025-05-17 18:00:00+00:00,19.150000000000002
2025-05-18 00:00:00+00:00,37.10333333333333
2025-05-18 06:00:00+00:00,23.886666666666667
2025-05-18 12:00:00+00:00,25.459999999999997
2025-05-18 18:00:00+00:00,25.441666666666666
2025-05-19 00:00:00+00:00,23.988333333333333
2025-05-19 06:00:00+00:00,19.731666666666666
2025-05-19 12:00:00+00:00,35.598333333333336
2025-05-19 18:00:00+00:00,34.14333333333333
2025-05-20 00:00:00+00:00,35.85
2025-05-20 06:00:00+00:00,21.015
2025-05-20 12:00:00+00:00,32.32666666666667
2025-05-20 18:00:00+00:00,35.94
2025-05-21 00:00:00+00:00,34.086666666666666
2025-05-21 06:00:00+00:00,27.995
2025-05-21 12:00:00+00:00,34.443333333333335
2025-05-21 18:00:00+00:00,35.74166666666667
2025-05-22 00:00:00+00:00,37.70666666666667
2025-05-22 06:00:00+00:00,25.97
2025-05-22 12:00:00+00:00,26.64833333333333
2025-05-22 18:00:00+00:00,30.55333333333333
2025-05-23 00:00:00+00:00,48.49166666666667
2025-05-23 06:00:00+00:00,31.22666666666667
2025-05-23 12:00:00+00:00,30.873333333333335
2025-05-23 18:00:00+00:00,34.175000000000004
2025-05-24 00:00:00+00:00,41.69833333333333
2025-05-24 06:00:00+00:00,27.873333333333335
2025-05-24 12:00:00+00:00,26.208333333333332
2025-05-24 18:00:00+00:00,32.25
2025-05-25 00:00:00+00:00,40.625
2025-05-25 06:00:00+00:00,26.186666666666667
2025-05-25 12:00:00+00:00,22.078333333333333
2025-05-25 18:00:00+00:00,26.25
2025-05-26 00:00:00+00:00,34.83166666666667
2025-05-26 06:00:00+00:00,21.375
2025-05-26 12:00:00+00:00,21.291666666666668
2025-05-26 18:00:00+00:00,29.55
2025-05-27 00:00:00+00:00,34.17666666666667
2025-05-27 06:00:00+00:00,26.423333333333332
2025-05-27 12:00:00+00:00,38.27333333333333
2025-05-27 18:00:00+00:00,49.37166666666667
2025-05-28 00:00:00+00:00,50.19833333333333
2025-05-28 06:00:00+00:00,35.355
2025-05-28 12:00:00+00:00,47.55666666666667
2025-05-28 18:00:00+00:00,50.151666666666664
2025-05-29 00:00:00+00:00,57.55500000000001
2025-05-29 06:00:00+00:00,31.64
2025-05-29 12:00:00+00:00,35.005
2025-05-29 18:00:00+00:00,41.07333333333333
2025-05-30 00:00:00+00:00,48.525
2025-05-30 06:00:00+00:00,24.385
2025-05-30 12:00:00+00:00,25.62
2025-05-30 18:00:00+00:00,30.631666666666664
2025-05-31 00:00:00+00:00,39.645
2025-05-31 06:00:00+00:00,17.99
2025-05-31 12:00:00+00:00,22.7
2025-05-31 18:00:00+00:00,35.25
2025-06-01 00:00:00+00:00,52.01333333333333
2025-06-01 06:00:00+00:00,22.918333333333333
2025-06-01 12:00:00+00:00,25.17833333333333
2025-06-01 18:00:00+00:00,45.13833333333333
2025-06-02 00:00:00+00:00,41.23166666666666
2025-06-02 06:00:00+00:00,27.28833333333333
2025-06-02 12:00:00+00:00,30.481666666666666
2025-06-02 18:00:00+00:00,50.25833333333333
2025-06-03 00:00:00+00:00,42.96666666666667
2025-06-03 06:00:00+00:00,21.819999999999997
2025-06-03 12:00:00+00:00,32.50333333333333
2025-06-03 18:00:00+00:00,40.330000000000005
2025-06-04 00:00:00+00:00,46.76166666666666
2025-06-04 06:00:00+00:00,29.998333333333335
2025-06-04 12:00:00+00:00,49.54333333333333
2025-06-04 18:00:00+00:00,62.22833333333333
2025-06-05 00:00:00+00:00,60.62
2025-06-05 06:00:00+00:00,31.86
2025-06-05 12:00:00+00:00,42.968333333333334
2025-06-05 18:00:00+00:00,58.56333333333333
2025-06-06 00:00:00+00:00,52.528333333333336
2025-06-06 06:00:00+00:00,35.794999999999995
2025-06-06 12:00:00+00:00,51.48666666666667
2025-06-06 18:00:00+00:00,54.428333333333335
2025-06-07 00:00:00+00:00,42.928333333333335
2025-06-07 06:00:00+00:00,24.218333333333334
2025-06-07 12:00:00+00:00,28.401666666666667
2025-06-07 18:00:00+00:00,40.92666666666667
2025-06-08 00:00:00+00:00,32.88333333333333
2025-06-08 06:00:00+00:00,19.676666666666666
2025-06-08 12:00:00+00:00,22.59166666666667
2025-06-08 18:00:00+00:00,26.123333333333335
2025-06-09 00:00:00+00:00,33.446666666666665
2025-06-09 06:00:00+00:00,21.055000000000003
2025-06-09 12:00:00+00:00,29.686666666666667
2025-06-09 18:00:00+00:00,30.076666666666664
2025-06-10 00:00:00+00:00,38.181666666666665
2025-06-10 06:00:00+00:00,23.03
2025-06-10 12:00:00+00:00,28.491666666666664
2025-06-10 18:00:00+00:00,37.66166666666667
2025-06-11 00:00:00+00:00,42.626666666666665
2025-06-11 06:00:00+00:00,22.245
2025-06-11 12:00:00+00:00,33.141666666666666
2025-06-11 18:00:00+00:00,46.86166666666667
2025-06-12 00:00:00+00:00,43.70666666666667
2025-06-12 06:00:00+00:00,23.218333333333334
2025-06-12 12:00:00+00:00,31.959999999999997
2025-06-12 18:00:00+00:00,37.958333333333336
2025-06-13 00:00:00+00:00,32.711666666666666
2025-06-13 06:00:00+00:00,21.991666666666664
2025-06-13 12:00:00+00:00,34.315000000000005
2025-06-13 18:00:00+00:00,39.495
2025-06-14 00:00:00+00:00,30.911666666666665
2025-06-14 06:00:00+00:00,22.246666666666666
2025-06-14 12:00:00+00:00,29.343333333333334
2025-06-14 18:00:00+00:00,38.76
2025-06-15 00:00:00+00:00,32.04833333333334
2025-06-15 06:00:00+00:00,22.62833333333333
2025-06-15 12:00:00+00:00,26.895
2025-06-15 18:00:00+00:00,43.048333333333325
2025-06-16 00:00:00+00:00,41.88666666666666
2025-06-16 06:00:00+00:00,21.84166666666667
2025-06-16 12:00:00+00:00,33.59
2025-06-16 18:00:00+00:00,43.56666666666666
2025-06-17 00:00:00+00:00,39.25
2025-06-17 06:00:00+00:00,26.921666666666667
2025-06-17 12:00:00+00:00,38.99166666666667
2025-06-17 18:00:00+00:00,58.18666666666667
2025-06-18 00:00:00+00:00,50.16833333333333
2025-06-18 06:00:00+00:00,27.633333333333336
2025-06-18 12:00:00+00:00,36.245
2025-06-18 18:00:00+00:00,43.818333333333335
2025-06-19 00:00:00+00:00,42.23166666666666
2025-06-19 06:00:00+00:00,28.575
2025-06-19 12:00:00+00:00,39.00833333333333
2025-06-19 18:00:00+00:00,55.163333333333334
2025-06-20 00:00:00+00:00,58.36166666666667
2025-06-20 06:00:00+00:00,26.175
2025-06-20 12:00:00+00:00,34.19166666666667
2025-06-20 18:00:00+00:00,52.165
2025-06-21 00:00:00+00:00,57.321666666666665
2025-06-21 06:00:00+00:00,26.993333333333336
2025-06-21 12:00:00+00:00,40.873333333333335
2025-06-21 18:00:00+00:00,77.19
2025-06-22 00:00:00+00:00,77.59333333333333
2025-06-22 06:00:00+00:00,36.836666666666666
2025-06-22 12:00:00+00:00,48.5
2025-06-22 18:00:00+00:00,90.69333333333333
2025-06-23 00:00:00+00:00,96.73
2025-06-23 06:00:00+00:00,34.843333333333334
2025-06-23 12:00:00+00:00,56.43833333333333
2025-06-23 18:00:00+00:00,182.5583333333333
2025-06-24 00:00:00+00:00,162.77666666666667
2025-06-24 06:00:00+00:00,46.535
2025-06-24 12:00:00+00:00,89.26333333333334
2025-06-24 18:00:00+00:00,201.49833333333333
2025-06-25 00:00:00+00:00,124.02333333333333
2025-06-25 06:00:00+00:00,38.42666666666667
2025-06-25 12:00:00+00:00,65.165
2025-06-25 18:00:00+00:00,81.44333333333333
2025-06-26 00:00:00+00:00,61.51166666666666
2025-06-26 06:00:00+00:00,35.598333333333336
2025-06-26 12:00:00+00:00,61.99666666666667
2025-06-26 18:00:00+00:00,93.87166666666667
2025-06-27 00:00:00+00:00,82.45833333333333
2025-06-27 06:00:00+00:00,33.443333333333335
2025-06-27 12:00:00+00:00,56.98666666666667
2025-06-27 18:00:00+00:00,74.41
2025-06-28 00:00:00+00:00,51.971666666666664
2025-06-28 06:00:00+00:00,26.52
2025-06-28 12:00:00+00:00,35.38166666666667
2025-06-28 18:00:00+00:00,68.58166666666666
2025-06-29 00:00:00+00:00,70.27
2025-06-29 06:00:00+00:00,30.353333333333335
2025-06-29 12:00:00+00:00,40.95333333333333
2025-06-29 18:00:00+00:00,75.01
2025-06-30 00:00:00+00:00,66.57000000000001
2025-06-30 06:00:00+00:00,30.84166666666667
2025-06-30 12:00:00+00:00,45.06166666666667
2025-06-30 18:00:00+00:00,51.93666666666667
2025-07-01 00:00:00+00:00,52.595
2025-07-01 06:00:00+00:00,25.925
2025-07-01 12:00:00+00:00,50.211666666666666
2025-07-01 18:00:00+00:00,81.20333333333333
2025-07-02 00:00:00+00:00,73.005
2025-07-02 06:00:00+00:00,27.076666666666668
2025-07-02 12:00:00+00:00,46.30166666666667
2025-07-02 18:00:00+00:00,84.81166666666667
2025-07-03 00:00:00+00:00,67.28166666666667
2025-07-03 06:00:00+00:00,26.736666666666668
2025-07-03 12:00:00+00:00,51.00833333333333
2025-07-03 18:00:00+00:00,77.99
2025-07-04 00:00:00+00:00,65.06666666666668
2025-07-04 06:00:00+00:00,29.146666666666665
2025-07-04 12:00:00+00:00,46.22
2025-07-04 18:00:00+00:00,86.24833333333333
2025-07-05 00:00:00+00:00,75.93833333333333
2025-07-05 06:00:00+00:00,28.758333333333336
2025-07-05 12:00:00+00:00,38.015
2025-07-05 18:00:00+00:00,55.30833333333334
2025-07-06 00:00:00+00:00,52.06166666666667
2025-07-06 06:00:00+00:00,23.16333333333333
2025-07-06 12:00:00+00:00,38.89666666666667
2025-07-06 18:00:00+00:00,65.81833333333333
2025-07-07 00:00:00+00:00,57.835
2025-07-07 06:00:00+00:00,33.0
2025-07-07 12:00:00+00:00,54.68333333333334
2025-07-07 18:00:00+00:00,83.72500000000001
2025-07-08 00:00:00+00:00,64.38666666666667
2025-07-08 06:00:00+00:00,32.67
2025-07-08 12:00:00+00:00,61.22
2025-07-08 18:00:00+00:00,94.60166666666667
2025-07-09 00:00:00+00:00,72.96
2025-07-09 06:00:00+00:00,33.87166666666667
2025-07-09 12:00:00+00:00,52.849999999999994
2025-07-09 18:00:00+00:00,85.19333333333333
2025-07-10 00:00:00+00:00,57.288333333333334
2025-07-10 06:00:00+00:00,30.313333333333333
2025-07-10 12:00:00+00:00,48.574999999999996
2025-07-10 18:00:00+00:00,82.635
2025-07-11 00:00:00+00:00,65.5
2025-07-11 06:00:00+00:00,32.48166666666666
2025-07-11 12:00:00+00:00,57.699999999999996
2025-07-11 18:00:00+00:00,72.69833333333334
2025-07-12 00:00:00+00:00,54.51166666666666
2025-07-12 06:00:00+00:00,25.356666666666666
2025-07-12 12:00:00+00:00,35.17666666666667
2025-07-12 18:00:00+00:00,57.86833333333333
2025-07-13 00:00:00+00:00,54.86000000000001
2025-07-13 06:00:00+00:00,24.17833333333333
2025-07-13 12:00:00+00:00,31.243333333333336
2025-07-13 18:00:00+00:00,57.36333333333334
2025-07-14 00:00:00+00:00,54.59
2025-07-14 06:00:00+00:00,30.603333333333335
2025-07-14 12:00:00+00:00,57.13666666666666
2025-07-14 18:00:00+00:00,94.25666666666666
2025-07-15 00:00:00+00:00,78.74833333333333
2025-07-15 06:00:00+00:00,31.395
2025-07-15 12:00:00+00:00,53.99666666666667
2025-07-15 18:00:00+00:00,98.425
2025-07-16 00:00:00+00:00,80.87666666666667
2025-07-16 06:00:00+00:00,34.901666666666664
2025-07-16 12:00:00+00:00,59.06166666666667
2025-07-16 18:00:00+00:00,68.09166666666667
2025-07-17 00:00:00+00:00,50.583333333333336
2025-07-17 06:00:00+00:00,30.44666666666667
2025-07-17 12:00:00+00:00,44.080000000000005
2025-07-17 18:00:00+00:00,63.82833333333334
2025-07-18 00:00:00+00:00,51.27
2025-07-18 06:00:00+00:00,27.161666666666665
2025-07-18 12:00:00+00:00,40.401666666666664
2025-07-18 18:00:00+00:00,58.815
2025-07-19 00:00:00+00:00,47.58833333333333
2025-07-19 06:00:00+00:00,27.791666666666668
2025-07-19 12:00:00+00:00,43.85166666666667
2025-07-19 18:00:00+00:00,63.84166666666667
2025-07-20 00:00:00+00:00,50.79
2025-07-20 06:00:00+00:00,25.918333333333333
2025-07-20 12:00:00+00:00,34.40833333333333
2025-07-20 18:00:00+00:00,58.10166666666667
2025-07-21 00:00:00+00:00,47.09166666666667
2025-07-21 06:00:00+00:00,25.581666666666667
2025-07-21 12:00:00+00:00,41.115
2025-07-21 18:00:00+00:00,67.05
2025-07-22 00:00:00+00:00,53.48
2025-07-22 06:00:00+00:00,26.895
2025-07-22 12:00:00+00:00,44.251666666666665
2025-07-22 18:00:00+00:00,92.82833333333333
2025-07-23 00:00:00+00:00,83.55499999999999
2025-07-23 06:00:00+00:00,33.885
2025-07-23 12:00:00+00:00,52.425000000000004
2025-07-23 18:00:00+00:00,106.54666666666667
2025-07-24 00:00:00+00:00,81.34833333333334
2025-07-24 06:00:00+00:00,40.15
2025-07-24 12:00:00+00:00,73.41166666666668
2025-07-24 18:00:00+00:00,197.38833333333332
2025-07-25 00:00:00+00:00,132.17666666666665
2025-07-25 06:00:00+00:00,40.19833333333333
2025-07-25 12:00:00+00:00,57.294999999999995
2025-07-25 18:00:00+00:00,99.75999999999999
2025-07-26 00:00:00+00:00,62.855
2025-07-26 06:00:00+00:00,28.406666666666666
2025-07-26 12:00:00+00:00,44.47
2025-07-26 18:00:00+00:00,78.51333333333334
2025-07-27 00:00:00+00:00,57.76166666666666
2025-07-27 06:00:00+00:00,26.013333333333332
2025-07-27 12:00:00+00:00,43.96666666666667
2025-07-27 18:00:00+00:00,86.30499999999999
2025-07-28 00:00:00+00:00,71.80666666666666
2025-07-28 06:00:00+00:00,32.97666666666667
2025-07-28 12:00:00+00:00,79.51
2025-07-28 18:00:00+00:00,249.48333333333335
2025-07-29 00:00:00+00:00,128.29833333333332
2025-07-29 06:00:00+00:00,36.25666666666667
2025-07-29 12:00:00+00:00,75.26666666666667
2025-07-29 18:00:00+00:00,248.17999999999998
2025-07-30 00:00:00+00:00,117.29166666666667
2025-07-30 06:00:00+00:00,36.166666666666664
2025-07-30 12:00:00+00:00,54.06333333333333
2025-07-30 18:00:00+00:00,71.92833333333333
2025-07-31 00:00:00+00:00,56.11833333333333
2025-07-31 06:00:00+00:00,30.426666666666666
2025-07-31 12:00:00+00:00,43.678333333333335
2025-07-31 18:00:00+00:00,64.98166666666667
2025-08-01 00:00:00+00:00,45.85166666666667
2025-08-01 06:00:00+00:00,26.596666666666664
2025-08-01 12:00:00+00:00,33.79666666666667
2025-08-01 18:00:00+00:00,48.696666666666665
2025-08-02 00:00:00+00:00,38.455
2025-08-02 06:00:00+00:00,23.03333333333333
2025-08-02 12:00:00+00:00,26.366666666666664
2025-08-02 18:00:00+00:00,39.57833333333333
2025-08-03 00:00:00+00:00,36.93833333333333
2025-08-03 06:00:00+00:00,21.951666666666668
2025-08-03 12:00:00+00:00,24.426666666666666
2025-08-03 18:00:00+00:00,46.56833333333333
2025-08-04 00:00:00+00:00,42.01
2025-08-04 06:00:00+00:00,26.83
2025-08-04 12:00:00+00:00,44.51666666666667
2025-08-04 18:00:00+00:00,74.21333333333332
2025-08-05 00:00:00+00:00,49.48666666666667
2025-08-05 06:00:00+00:00,26.64
2025-08-05 12:00:00+00:00,38.74333333333333
2025-08-05 18:00:00+00:00,67.15333333333334
2025-08-06 00:00:00+00:00,52.38999999999999
2025-08-06 06:00:00+00:00,33.03666666666667
2025-08-06 12:00:00+00:00,40.995
2025-08-06 18:00:00+00:00,78.15333333333334
2025-08-07 00:00:00+00:00,63.041666666666664
2025-08-07 06:00:00+00:00,33.65
2025-08-07 12:00:00+00:00,55.77666666666667
2025-08-07 18:00:00+00:00,101.47166666666665
2025-08-08 00:00:00+00:00,80.16333333333334
2025-08-08 06:00:00+00:00,33.071666666666665
2025-08-08 12:00:00+00:00,58.09166666666667
2025-08-08 18:00:00+00:00,111.28333333333335
2025-08-09 00:00:00+00:00,78.01333333333334
2025-08-09 06:00:00+00:00,29.138333333333335
2025-08-09 12:00:00+00:00,43.40166666666667
2025-08-09 18:00:00+00:00,79.41666666666667
2025-08-10 00:00:00+00:00,55.82833333333334
2025-08-10 06:00:00+00:00,23.771666666666665
2025-08-10 12:00:00+00:00,43.51833333333334
2025-08-10 18:00:00+00:00,92.61166666666666
2025-08-11 00:00:00+00:00,69.71333333333332
2025-08-11 06:00:00+00:00,30.396666666666665
2025-08-11 12:00:00+00:00,58.63333333333333
2025-08-11 18:00:00+00:00,119.69
2025-08-12 00:00:00+00:00,75.68333333333334
2025-08-12 06:00:00+00:00,31.705
2025-08-12 12:00:00+00:00,54.169999999999995
2025-08-12 18:00:00+00:00,96.46
2025-08-13 00:00:00+00:00,72.295
2025-08-13 06:00:00+00:00,34.595
2025-08-13 12:00:00+00:00,55.129999999999995
2025-08-13 18:00:00+00:00,86.72000000000001
2025-08-14 00:00:00+00:00,56.96
2025-08-14 06:00:00+00:00,28.43166666666667
2025-08-14 12:00:00+00:00,47.06166666666667
2025-08-14 18:00:00+00:00,80.365
2025-08-15 00:00:00+00:00,59.95333333333334
2025-08-15 06:00:00+00:00,28.3
2025-08-15 12:00:00+00:00,54.56166666666667
2025-08-15 18:00:00+00:00,118.19
2025-08-16 00:00:00+00:00,69.86166666666666
2025-08-16 06:00:00+00:00,25.506666666666664
2025-08-16 12:00:00+00:00,46.163333333333334
2025-08-16 18:00:00+00:00,87.675
2025-08-17 00:00:00+00:00,61.33833333333333
2025-08-17 06:00:00+00:00,24.53333333333333
2025-08-17 12:00:00+00:00,36.928333333333335
2025-08-17 18:00:00+00:00,62.453333333333326
2025-08-18 00:00:00+00:00,43.78
2025-08-18 06:00:00+00:00,25.473333333333333
2025-08-18 12:00:00+00:00,49.65
2025-08-18 18:00:00+00:00,129.68166666666667
2025-08-19 00:00:00+00:00,88.53333333333335
2025-08-19 06:00:00+00:00,43.51
2025-08-19 12:00:00+00:00,68.89833333333333
2025-08-19 18:00:00+00:00,126.89333333333333
2025-08-20 00:00:00+00:00,78.09833333333334
2025-08-20 06:00:00+00:00,32.705000000000005
2025-08-20 12:00:00+00:00,53.46666666666666
2025-08-20 18:00:00+00:00,80.60000000000001
2025-08-21 00:00:00+00:00,49.715
2025-08-21 06:00:00+00:00,26.828333333333333
2025-08-21 12:00:00+00:00,44.06333333333333
2025-08-21 18:00:00+00:00,84.01
2025-08-22 00:00:00+00:00,55.25333333333333
2025-08-22 06:00:00+00:00,28.301666666666666
2025-08-22 12:00:00+00:00,48.958333333333336
2025-08-22 18:00:00+00:00,68.93333333333334
2025-08-23 00:00:00+00:00,48.48333333333333
2025-08-23 06:00:00+00:00,22.32166666666667
2025-08-23 12:00:00+00:00,22.188333333333333
2025-08-23 18:00:00+00:00,28.501666666666665
2025-08-24 00:00:00+00:00,36.03
2025-08-24 06:00:00+00:00,21.43166666666667
2025-08-24 12:00:00+00:00,21.651666666666667
2025-08-24 18:00:00+00:00,24.84166666666667
2025-08-25 00:00:00+00:00,31.775000000000002
2025-08-25 06:00:00+00:00,25.340000000000003
2025-08-25 12:00:00+00:00,31.238333333333333
2025-08-25 18:00:00+00:00,40.31
2025-08-26 00:00:00+00:00,44.754999999999995
2025-08-26 06:00:00+00:00,25.036666666666665
2025-08-26 12:00:00+00:00,29.276666666666667
2025-08-26 18:00:00+00:00,41.86833333333333
2025-08-27 00:00:00+00:00,34.9
2025-08-27 06:00:00+00:00,20.731666666666666
2025-08-27 12:00:00+00:00,24.046666666666667
2025-08-27 18:00:00+00:00,38.971666666666664
2025-08-28 00:00:00+00:00,33.97
2025-08-28 06:00:00+00:00,24.2
2025-08-28 12:00:00+00:00,34.95666666666667
2025-08-28 18:00:00+00:00,50.43833333333333
2025-08-29 00:00:00+00:00,34.266666666666666
2025-08-29 06:00:00+00:00,25.133333333333336
2025-08-29 12:00:00+00:00,32.14833333333333
2025-08-29 18:00:00+00:00,44.45333333333334
2025-08-30 00:00:00+00:00,33.26833333333334
2025-08-30 06:00:00+00:00,23.588333333333335
2025-08-30 12:00:00+00:00,26.39
2025-08-30 18:00:00+00:00,38.81666666666667
2025-08-31 00:00:00+00:00,32.06166666666667
2025-08-31 06:00:00+00:00,21.69333333333333
2025-08-31 12:00:00+00:00,22.435000000000002
2025-08-31 18:00:00+00:00,37.071666666666665
2025-09-01 00:00:00+00:00,34.833333333333336
2025-09-01 06:00:00+00:00,21.868333333333336
2025-09-01 12:00:00+00:00,24.34
2025-09-01 18:00:00+00:00,46.66166666666667
2025-09-02 00:00:00+00:00,41.625
2025-09-02 06:00:00+00:00,25.724999999999998
2025-09-02 12:00:00+00:00,38.535000000000004
2025-09-02 18:00:00+00:00,56.885
2025-09-03 00:00:00+00:00,37.35666666666666
2025-09-03 06:00:00+00:00,23.593333333333334
2025-09-03 12:00:00+00:00,27.076666666666668
2025-09-03 18:00:00+00:00,31.37833333333333
2025-09-04 00:00:00+00:00,31.03333333333333
2025-09-04 06:00:00+00:00,27.973333333333333
2025-09-04 12:00:00+00:00,26.45
2025-09-04 18:00:00+00:00,33.475
2025-09-05 00:00:00+00:00,31.353333333333335
2025-09-05 06:00:00+00:00,17.888333333333332
2025-09-05 12:00:00+00:00,21.83666666666667
2025-09-05 18:00:00+00:00,25.51
2025-09-06 00:00:00+00:00,32.126666666666665
2025-09-06 06:00:00+00:00,23.865
2025-09-06 12:00:00+00:00,23.111666666666665
2025-09-06 18:00:00+00:00,28.608333333333334
2025-09-07 00:00:00+00:00,32.705
2025-09-07 06:00:00+00:00,25.78
2025-09-07 12:00:00+00:00,25.17
2025-09-07 18:00:00+00:00,35.02333333333333
2025-09-08 00:00:00+00:00,30.790000000000003
2025-09-08 06:00:00+00:00,24.49
2025-09-08 12:00:00+00:00,31.419999999999998
2025-09-08 18:00:00+00:00,40.151666666666664
2025-09-09 00:00:00+00:00,39.651666666666664
2025-09-09 06:00:00+00:00,24.941666666666666
2025-09-09 12:00:00+00:00,34.29833333333334
2025-09-09 18:00:00+00:00,55.73499999999999
2025-09-10 00:00:00+00:00,43.35166666666667
2025-09-10 06:00:00+00:00,34.065
2025-09-10 12:00:00+00:00,47.93833333333333
2025-09-10 18:00:00+00:00,68.02166666666666
2025-09-11 00:00:00+00:00,42.98666666666667
2025-09-11 06:00:00+00:00,26.27
2025-09-11 12:00:00+00:00,31.801666666666666
2025-09-11 18:00:00+00:00,45.43833333333333
2025-09-12 00:00:00+00:00,31.285
2025-09-12 06:00:00+00:00,20.336666666666666
2025-09-12 12:00:00+00:00,36.78333333333333
2025-09-12 18:00:00+00:00,58.76500000000001
2025-09-13 00:00:00+00:00,38.42333333333333
2025-09-13 06:00:00+00:00,25.91
2025-09-13 12:00:00+00:00,39.22666666666667
2025-09-13 18:00:00+00:00,67.65333333333334
2025-09-14 00:00:00+00:00,42.85333333333333
2025-09-14 06:00:00+00:00,24.325
2025-09-14 12:00:00+00:00,34.705
2025-09-14 18:00:00+00:00,56.81666666666666
2025-09-15 00:00:00+00:00,40.751666666666665
2025-09-15 06:00:00+00:00,25.55
2025-09-15 12:00:00+00:00,38.065
2025-09-15 18:00:00+00:00,67.305
2025-09-16 00:00:00+00:00,43.805
2025-09-16 06:00:00+00:00,30.971666666666664
2025-09-16 12:00:00+00:00,58.85333333333333
2025-09-16 18:00:00+00:00,116.46499999999999
2025-09-17 00:00:00+00:00,73.32333333333334
2025-09-17 06:00:00+00:00,35.26833333333334
2025-09-17 12:00:00+00:00,52.01
2025-09-17 18:00:00+00:00,83.17833333333334
2025-09-18 00:00:00+00:00,48.75
2025-09-18 06:00:00+00:00,30.811666666666667
2025-09-18 12:00:00+00:00,44.81333333333333
2025-09-18 18:00:00+00:00,69.66666666666667
2025-09-19 00:00:00+00:00,49.93166666666667
2025-09-19 06:00:00+00:00,35.59666666666667
2025-09-19 12:00:00+00:00,48.35333333333333
2025-09-19 18:00:00+00:00,62.91833333333333
2025-09-20 00:00:00+00:00,48.98166666666666
2025-09-20 06:00:00+00:00,32.18833333333333
2025-09-20 12:00:00+00:00,40.791666666666664
2025-09-20 18:00:00+00:00,58.11166666666667
2025-09-21 00:00:00+00:00,49.39666666666667
2025-09-21 06:00:00+00:00,29.929999999999996
2025-09-21 12:00:00+00:00,41.97666666666667
2025-09-21 18:00:00+00:00,59.50833333333333
2025-09-22 00:00:00+00:00,40.94166666666667
2025-09-22 06:00:00+00:00,34.781666666666666
2025-09-22 12:00:00+00:00,60.88166666666667
2025-09-22 18:00:00+00:00,80.43333333333334
2025-09-23 00:00:00+00:00,57.97333333333333
2025-09-23 06:00:00+00:00,41.22666666666667
2025-09-23 12:00:00+00:00,61.85833333333333
2025-09-23 18:00:00+00:00,82.48833333333333
2025-09-24 00:00:00+00:00,54.22833333333333
2025-09-24 06:00:00+00:00,39.541666666666664
2025-09-24 12:00:00+00:00,56.43
2025-09-24 18:00:00+00:00,66.15166666666666
2025-09-25 00:00:00+00:00,52.223333333333336
2025-09-25 06:00:00+00:00,41.07333333333333
2025-09-25 12:00:00+00:00,51.83166666666667
2025-09-25 18:00:00+00:00,91.335
2025-09-26 00:00:00+00:00,59.23166666666666
2025-09-26 06:00:00+00:00,34.27333333333333
2025-09-26 12:00:00+00:00,45.788333333333334
2025-09-26 18:00:00+00:00,64.94166666666666
2025-09-27 00:00:00+00:00,32.42166666666667
2025-09-27 06:00:00+00:00,14.051666666666668
2025-09-27 12:00:00+00:00,23.208333333333332
2025-09-27 18:00:00+00:00,65.67333333333333
2025-09-28 00:00:00+00:00,41.61666666666667
2025-09-28 06:00:00+00:00,21.78
2025-09-28 12:00:00+00:00,27.659999999999997
2025-09-28 18:00:00+00:00,68.69333333333333
2025-09-29 00:00:00+00:00,42.63333333333333
2025-09-29 06:00:00+00:00,27.626666666666665
2025-09-29 12:00:00+00:00,51.830000000000005
2025-09-29 18:00:00+00:00,137.24166666666667
2025-09-30 00:00:00+00:00,64.09
2025-09-30 06:00:00+00:00,29.756666666666664
2025-09-30 12:00:00+00:00,48.901666666666664
2025-09-30 18:00:00+00:00,98.80166666666666
2025-10-01 00:00:00+00:00,49.346666666666664
2025-10-01 06:00:00+00:00,28.465000000000003
2025-10-01 12:00:00+00:00,40.526666666666664
2025-10-01 18:00:00+00:00,74.36
2025-10-02 00:00:00+00:00,49.39833333333333
2025-10-02 06:00:00+00:00,30.45
2025-10-02 12:00:00+00:00,47.336666666666666
2025-10-02 18:00:00+00:00,124.64999999999999
2025-10-03 00:00:00+00:00,65.58333333333333
2025-10-03 06:00:00+00:00,31.618333333333336
2025-10-03 12:00:00+00:00,46.24166666666667
2025-10-03 18:00:00+00:00,82.09833333333334
2025-10-04 00:00:00+00:00,36.555
2025-10-04 06:00:00+00:00,16.166666666666668
2025-10-04 12:00:00+00:00,27.516666666666666
2025-10-04 18:00:00+00:00,61.445
2025-10-05 00:00:00+00:00,41.375
2025-10-05 06:00:00+00:00,11.245
2025-10-05 12:00:00+00:00,23.814999999999998
2025-10-05 18:00:00+00:00,54.26166666666666
2025-10-06 00:00:00+00:00,37.675000000000004
2025-10-06 06:00:00+00:00,27.536666666666665
2025-10-06 12:00:00+00:00,47.855
2025-10-06 18:00:00+00:00,95.69666666666667
2025-10-07 00:00:00+00:00,59.178333333333335
2025-10-07 06:00:00+00:00,34.865
2025-10-07 12:00:00+00:00,50.475
2025-10-07 18:00:00+00:00,72.14333333333333
2025-10-08 00:00:00+00:00,49.23166666666666
2025-10-08 06:00:00+00:00,33.17333333333334
2025-10-08 12:00:00+00:00,36.035
2025-10-08 18:00:00+00:00,43.33166666666667
2025-10-09 00:00:00+00:00,24.705000000000002
2025-10-09 06:00:00+00:00,16.529999999999998
2025-10-09 12:00:00+00:00,28.605
2025-10-09 18:00:00+00:00,37.403333333333336
2025-10-10 00:00:00+00:00,29.016666666666666
2025-10-10 06:00:00+00:00,24.900000000000002
2025-10-10 12:00:00+00:00,36.71666666666667
2025-10-10 18:00:00+00:00,47.050000000000004
2025-10-11 00:00:00+00:00,40.095
2025-10-11 06:00:00+00:00,19.66
2025-10-11 12:00:00+00:00,21.276666666666667
2025-10-11 18:00:00+00:00,25.00666666666667
2025-10-12 00:00:00+00:00,16.396666666666665
2025-10-12 06:00:00+00:00,-6.396666666666667
2025-10-12 12:00:00+00:00,2.82
2025-10-12 18:00:00+00:00,18.133333333333336
2025-10-13 00:00:00+00:00,21.046666666666667
2025-10-13 06:00:00+00:00,20.846666666666668
2025-10-13 12:00:00+00:00,33.848333333333336
2025-10-13 18:00:00+00:00,57.541666666666664
2025-10-14 00:00:00+00:00,42.675000000000004
2025-10-14 06:00:00+00:00,31.328333333333333
2025-10-14 12:00:00+00:00,43.885
2025-10-14 18:00:00+00:00,56.315
2025-10-15 00:00:00+00:00,39.01
2025-10-15 06:00:00+00:00,42.14166666666667
2025-10-15 12:00:00+00:00,68.49166666666666
2025-10-15 18:00:00+00:00,60.48833333333334
2025-10-16 00:00:00+00:00,36.93333333333333
2025-10-16 06:00:00+00:00,27.825
2025-10-16 12:00:00+00:00,37.925000000000004
2025-10-16 18:00:00+00:00,41.66
2025-10-17 00:00:00+00:00,28.83
2025-10-17 06:00:00+00:00,16.856666666666666
2025-10-17 12:00:00+00:00,27.151666666666667
2025-10-17 18:00:00+00:00,42.54666666666666
2025-10-18 00:00:00+00:00,31.150000000000002
2025-10-18 06:00:00+00:00,23.383333333333336
2025-10-18 12:00:00+00:00,27.453333333333333
2025-10-18 18:00:00+00:00,21.536666666666665
2025-10-19 00:00:00+00:00,17.16
2025-10-19 06:00:00+00:00,5.3
2025-10-19 12:00:00+00:00,14.973333333333334
2025-10-19 18:00:00+00:00,32.115
2025-10-20 00:00:00+00:00,24.343333333333334
2025-10-20 06:00:00+00:00,14.038333333333334
2025-10-20 12:00:00+00:00,22.811666666666667
2025-10-20 18:00:00+00:00,28.416666666666668
2025-10-21 00:00:00+00:00,19.066666666666666
2025-10-21 06:00:00+00:00,12.188333333333333
2025-10-21 12:00:00+00:00,28.28833333333333
2025-10-21 18:00:00+00:00,37.919999999999995
2025-10-22 00:00:00+00:00,33.27
2025-10-22 06:00:00+00:00,25.493333333333336
2025-10-22 12:00:00+00:00,36.96
2025-10-22 18:00:00+00:00,38.70166666666667
2025-10-23 00:00:00+00:00,41.891666666666666
2025-10-23 06:00:00+00:00,51.348333333333336
2025-10-23 12:00:00+00:00,52.18666666666667
2025-10-23 18:00:00+00:00,58.86333333333334
2025-10-24 00:00:00+00:00,57.54
2025-10-24 06:00:00+00:00,42.46
2025-10-24 12:00:00+00:00,40.541666666666664
2025-10-24 18:00:00+00:00,43.451666666666675
2025-10-25 00:00:00+00:00,29.133333333333336
2025-10-25 06:00:00+00:00,26.816666666666666
2025-10-25 12:00:00+00:00,31.040000000000003
2025-10-25 18:00:00+00:00,29.028333333333332
2025-10-26 00:00:00+00:00,19.641666666666666
2025-10-26 06:00:00+00:00,11.725
2025-10-26 12:00:00+00:00,16.55666666666667
2025-10-26 18:00:00+00:00,26.453333333333333
2025-10-27 00:00:00+00:00,21.453333333333333
2025-10-27 06:00:00+00:00,23.429999999999996
2025-10-27 12:00:00+00:00,29.728333333333335
2025-10-27 18:00:00+00:00,30.271666666666665
2025-10-28 00:00:00+00:00,25.71666666666667
2025-10-28 06:00:00+00:00,32.85
2025-10-28 12:00:00+00:00,49.76333333333334
2025-10-28 18:00:00+00:00,39.14833333333333
2025-10-29 00:00:00+00:00,25.545
2025-10-29 06:00:00+00:00,20.55333333333333
2025-10-29 12:00:00+00:00,34.14
2025-10-29 18:00:00+00:00,51.98
2025-10-30 00:00:00+00:00,49.791666666666664
2025-10-30 06:00:00+00:00,45.055
2025-10-30 12:00:00+00:00,49.02666666666667
2025-10-30 18:00:00+00:00,44.45666666666667
2025-10-31 00:00:00+00:00,32.385
2025-10-31 06:00:00+00:00,31.723333333333333
2025-10-31 12:00:00+00:00,34.80833333333333
2025-10-31 18:00:00+00:00,36.09166666666667
2025-11-01 00:00:00+00:00,31.84
2025-11-01 06:00:00+00:00,32.365
2025-11-01 12:00:00+00:00,39.35666666666666
2025-11-01 18:00:00+00:00,54.68166666666667
2025-11-02 00:00:00+00:00,51.0
2025-11-02 06:00:00+00:00,20.616666666666667
2025-11-02 12:00:00+00:00,9.195
2025-11-02 18:00:00+00:00,15.418333333333335
2025-11-03 00:00:00+00:00,16.81833333333333
2025-11-03 06:00:00+00:00,13.786666666666667
2025-11-03 12:00:00+00:00,28.17833333333333
2025-11-03 18:00:00+00:00,46.879999999999995
2025-11-04 00:00:00+00:00,46.75666666666667
2025-11-04 06:00:00+00:00,24.65833333333333
2025-11-04 12:00:00+00:00,27.798333333333332
2025-11-04 18:00:00+00:00,43.065
2025-11-05 00:00:00+00:00,31.215
2025-11-05 06:00:00+00:00,14.68
2025-11-05 12:00:00+00:00,28.97
2025-11-05 18:00:00+00:00,47.004999999999995
2025-11-06 00:00:00+00:00,55.78333333333333
2025-11-06 06:00:00+00:00,27.540000000000003
2025-11-06 12:00:00+00:00,30.94333333333333
2025-11-06 18:00:00+00:00,31.71666666666667
2025-11-07 00:00:00+00:00,25.668333333333333
2025-11-07 06:00:00+00:00,16.008333333333333
2025-11-07 12:00:00+00:00,31.905
2025-11-07 18:00:00+00:00,38.836666666666666
2025-11-08 00:00:00+00:00,37.10666666666666
2025-11-08 06:00:00+00:00,41.06333333333333
2025-11-08 12:00:00+00:00,55.943333333333335
2025-11-08 18:00:00+00:00,46.52333333333333
2025-11-09 00:00:00+00:00,30.561666666666667
2025-11-09 06:00:00+00:00,25.881666666666664
2025-11-09 12:00:00+00:00,26.695000000000004
2025-11-09 18:00:00+00:00,35.69
2025-11-10 00:00:00+00:00,36.07666666666667
2025-11-10 06:00:00+00:00,29.081666666666667
2025-11-10 12:00:00+00:00,53.41166666666667
2025-11-10 18:00:00+00:00,50.791666666666664
2025-11-11 00:00:00+00:00,32.931666666666665
2025-11-11 06:00:00+00:00,15.696666666666667
2025-11-11 12:00:00+00:00,32.455000000000005
2025-11-11 18:00:00+00:00,28.304999999999996
2025-11-12 00:00:00+00:00,28.37166666666667
2025-11-12 06:00:00+00:00,21.813333333333333
2025-11-12 12:00:00+00:00,34.88
2025-11-12 18:00:00+00:00,48.165
2025-11-13 00:00:00+00:00,47.62833333333333
2025-11-13 06:00:00+00:00,40.13999999999999
2025-11-13 12:00:00+00:00,43.12833333333333
2025-11-13 18:00:00+00:00,47.635
2025-11-14 00:00:00+00:00,34.39
2025-11-14 06:00:00+00:00,30.60166666666667
2025-11-14 12:00:00+00:00,40.495
2025-11-14 18:00:00+00:00,35.03333333333334
2025-11-15 00:00:00+00:00,29.358333333333334
2025-11-15 06:00:00+00:00,22.123333333333335
2025-11-15 12:00:00+00:00,29.915000000000003
2025-11-15 18:00:00+00:00,32.37166666666667
2025-11-16 00:00:00+00:00,28.531666666666666
2025-11-16 06:00:00+00:00,22.47
2025-11-16 12:00:00+00:00,32.818333333333335
2025-11-16 18:00:00+00:00,43.35666666666666
2025-11-17 00:00:00+00:00,38.64
2025-11-17 06:00:00+00:00,28.441666666666666
2025-11-17 12:00:00+00:00,34.01166666666666
2025-11-17 18:00:00+00:00,35.846666666666664
2025-11-18 00:00:00+00:00,32.72833333333333
2025-11-18 06:00:00+00:00,26.721666666666664
2025-11-18 12:00:00+00:00,49.43333333333334
2025-11-18 18:00:00+00:00,66.24333333333333
2025-11-19 00:00:00+00:00,62.044999999999995
2025-11-19 06:00:00+00:00,48.626666666666665
2025-11-19 12:00:00+00:00,62.303333333333335
2025-11-19 18:00:00+00:00,56.0
2025-11-20 00:00:00+00:00,41.211666666666666
2025-11-20 06:00:00+00:00,29.900000000000002
2025-11-20 12:00:00+00:00,59.585
2025-11-20 18:00:00+00:00,63.36666666666667
2025-11-21 00:00:00+00:00,51.165
2025-11-21 06:00:00+00:00,34.32666666666667
2025-11-21 12:00:00+00:00,54.145
2025-11-21 18:00:00+00:00,55.208333333333336
2025-11-22 00:00:00+00:00,42.47166666666667
2025-11-22 06:00:00+00:00,26.096666666666668
2025-11-22 12:00:00+00:00,31.98
2025-11-22 18:00:00+00:00,31.7
2025-11-23 00:00:00+00:00,30.256666666666664
2025-11-23 06:00:00+00:00,28.296666666666667
2025-11-23 12:00:00+00:00,31.351666666666663
2025-11-23 18:00:00+00:00,30.834999999999997
2025-11-24 00:00:00+00:00,32.24166666666667
2025-11-24 06:00:00+00:00,25.766666666666666
2025-11-24 12:00:00+00:00,46.03333333333333
2025-11-24 18:00:00+00:00,64.03166666666668
2025-11-25 00:00:00+00:00,51.605
2025-11-25 06:00:00+00:00,38.96333333333333
2025-11-25 12:00:00+00:00,49.288333333333334
2025-11-25 18:00:00+00:00,35.544999999999995
2025-11-26 00:00:00+00:00,33.443333333333335
2025-11-26 06:00:00+00:00,23.838333333333335
2025-11-26 12:00:00+00:00,32.388333333333335
2025-11-26 18:00:00+00:00,33.84166666666667
2025-11-27 00:00:00+00:00,29.96666666666667
2025-11-27 06:00:00+00:00,25.439999999999998
2025-11-27 12:00:00+00:00,31.02333333333333
2025-11-27 18:00:00+00:00,25.97666666666667
2025-11-28 00:00:00+00:00,31.286666666666665
2025-11-28 06:00:00+00:00,30.15833333333333
2025-11-28 12:00:00+00:00,40.721666666666664
2025-11-28 18:00:00+00:00,43.35666666666666
2025-11-29 00:00:00+00:00,38.56166666666667
2025-11-29 06:00:00+00:00,21.748333333333335
2025-11-29 12:00:00+00:00,36.32833333333333
2025-11-29 18:00:00+00:00,38.505
2025-11-30 00:00:00+00:00,31.236666666666668
2025-11-30 06:00:00+00:00,12.066666666666668
2025-11-30 12:00:00+00:00,25.273333333333337
2025-11-30 18:00:00+00:00,49.00666666666666
2025-12-01 00:00:00+00:00,61.29
2025-12-01 06:00:00+00:00,46.78666666666667
2025-12-01 12:00:00+00:00,65.91666666666667
2025-12-01 18:00:00+00:00,72.31166666666667
2025-12-02 00:00:00+00:00,67.71166666666666
2025-12-02 06:00:00+00:00,50.791666666666664
2025-12-02 12:00:00+00:00,73.40833333333333
2025-12-02 18:00:00+00:00,55.94
2025-12-03 00:00:00+00:00,48.73333333333333
2025-12-03 06:00:00+00:00,44.501666666666665
2025-12-03 12:00:00+00:00,50.41
2025-12-03 18:00:00+00:00,57.465
2025-12-04 00:00:00+00:00,66.95333333333333
2025-12-04 06:00:00+00:00,87.08333333333333
2025-12-04 12:00:00+00:00,98.31666666666666
2025-12-04 18:00:00+00:00,86.61500000000001
2025-12-05 00:00:00+00:00,89.61166666666666
2025-12-05 06:00:00+00:00,66.07666666666667
2025-12-05 12:00:00+00:00,85.04333333333334
2025-12-05 18:00:00+00:00,65.69166666666666
2025-12-06 00:00:00+00:00,47.428333333333335
2025-12-06 06:00:00+00:00,50.81999999999999
2025-12-06 12:00:00+00:00,72.21166666666666
2025-12-06 18:00:00+00:00,60.833333333333336
2025-12-07 00:00:00+00:00,58.193333333333335
2025-12-07 06:00:00+00:00,34.04666666666667
2025-12-07 12:00:00+00:00,51.050000000000004
2025-12-07 18:00:00+00:00,71.70666666666666
2025-12-08 00:00:00+00:00,72.13666666666667
2025-12-08 06:00:00+00:00,61.06166666666667
2025-12-08 12:00:00+00:00,77.745
2025-12-08 18:00:00+00:00,61.205000000000005
2025-12-09 00:00:00+00:00,50.16
2025-12-09 06:00:00+00:00,40.690000000000005
2025-12-09 12:00:00+00:00,66.73
2025-12-09 18:00:00+00:00,52.30833333333334
2025-12-10 00:00:00+00:00,42.22833333333333
2025-12-10 06:00:00+00:00,34.85166666666667
2025-12-10 12:00:00+00:00,54.288333333333334
2025-12-10 18:00:00+00:00,66.68666666666667
2025-12-11 00:00:00+00:00,69.11666666666666
2025-12-11 06:00:00+00:00,52.36833333333333
2025-12-11 12:00:00+00:00,70.805
2025-12-11 18:00:00+00:00,72.645
2025-12-12 00:00:00+00:00,67.26666666666667
2025-12-12 06:00:00+00:00,51.18666666666667
2025-12-12 12:00:00+00:00,53.965
2025-12-12 18:00:00+00:00,52.02666666666667
2025-12-13 00:00:00+00:00,47.01
2025-12-13 06:00:00+00:00,46.16833333333333
2025-12-13 12:00:00+00:00,71.25666666666666
2025-12-13 18:00:00+00:00,48.04833333333334
2025-12-14 00:00:00+00:00,48.288333333333334
2025-12-14 06:00:00+00:00,41.266666666666666
2025-12-14 12:00:00+00:00,62.47833333333333
2025-12-14 18:00:00+00:00,53.68166666666667
2025-12-15 00:00:00+00:00,46.18166666666667
2025-12-15 06:00:00+00:00,28.395
2025-12-15 12:00:00+00:00,46.701666666666675
2025-12-15 18:00:00+00:00,71.81666666666666
2025-12-16 00:00:00+00:00,70.545
2025-12-16 06:00:00+00:00,38.515
2025-12-16 12:00:00+00:00,39.45666666666667
2025-12-16 18:00:00+00:00,32.95333333333333
2025-12-17 00:00:00+00:00,36.61333333333334
2025-12-17 06:00:00+00:00,35.145
2025-12-17 12:00:00+00:00,44.38999999999999
2025-12-17 18:00:00+00:00,32.395
2025-12-18 00:00:00+00:00,29.680000000000003
2025-12-18 06:00:00+00:00,15.308333333333332
2025-12-18 12:00:00+00:00,38.56
2025-12-18 18:00:00+00:00,41.185
2025-12-19 00:00:00+00:00,41.339999999999996
2025-12-19 06:00:00+00:00,32.74666666666667
2025-12-19 12:00:00+00:00,49.65833333333333
2025-12-19 18:00:00+00:00,45.708333333333336
2025-12-20 00:00:00+00:00,38.175000000000004
2025-12-20 06:00:00+00:00,28.688333333333333
2025-12-20 12:00:00+00:00,32.37166666666667
2025-12-20 18:00:00+00:00,35.385
2025-12-21 00:00:00+00:00,37.995
2025-12-21 06:00:00+00:00,34.041666666666664
2025-12-21 12:00:00+00:00,36.63833333333333
2025-12-21 18:00:00+00:00,40.43833333333333
2025-12-22 00:00:00+00:00,40.89
2025-12-22 06:00:00+00:00,28.94333333333333
2025-12-22 12:00:00+00:00,37.355
2025-12-22 18:00:00+00:00,40.615
2025-12-23 00:00:00+00:00,32.791666666666664
2025-12-23 06:00:00+00:00,26.098333333333333
2025-12-23 12:00:00+00:00,35.11833333333333
2025-12-23 18:00:00+00:00,40.43833333333333
2025-12-24 00:00:00+00:00,34.895
2025-12-24 06:00:00+00:00,22.986666666666668
2025-12-24 12:00:00+00:00,29.036666666666665
2025-12-24 18:00:00+00:00,31.743333333333336
2025-12-25 00:00:00+00:00,30.063333333333333
2025-12-25 06:00:00+00:00,25.001666666666665
2025-12-25 12:00:00+00:00,26.358333333333334
2025-12-25 18:00:00+00:00,26.83666666666667
2025-12-26 00:00:00+00:00,26.471666666666664
2025-12-26 06:00:00+00:00,21.044999999999998
2025-12-26 12:00:00+00:00,29.043333333333333
2025-12-26 18:00:00+00:00,39.60333333333333
2025-12-27 00:00:00+00:00,31.333333333333332
2025-12-27 06:00:00+00:00,20.655
2025-12-27 12:00:00+00:00,25.99
2025-12-27 18:00:00+00:00,33.824999999999996
2025-12-28 00:00:00+00:00,29.251666666666665
2025-12-28 06:00:00+00:00,22.53833333333333
2025-12-28 12:00:00+00:00,23.60666666666667
2025-12-28 18:00:00+00:00,30.113333333333333
2025-12-29 00:00:00+00:00,28.888333333333335
2025-12-29 06:00:00+00:00,23.925
2025-12-29 12:00:00+00:00,31.03
2025-12-29 18:00:00+00:00,38.07833333333333
2025-12-30 00:00:00+00:00,39.098333333333336
2025-12-30 06:00:00+00:00,29.50333333333333
2025-12-30 12:00:00+00:00,35.645
2025-12-30 18:00:00+00:00,31.34166666666667
2025-12-31 00:00:00+00:00,30.191666666666666
2025-12-31 06:00:00+00:00,27.011666666666667
2025-12-31 12:00:00+00:00,41.464999999999996
2025-12-31 18:00:00+00:00,30.14
