interval_start_utc,iso_avg_6h_price,iso_avg_6h_cov,iso_avg_6h_avg_hourly_price_diff,iso_avg_6h_price_spread
2025-01-01 18:00:00+00:00,33.8,0.3131129074650439,8.003333333333336,24.010000000000005
2025-01-02 00:00:00+00:00,38.29333333333333,0.0260716924135083,1.1080000000000012,3.1000000000000014
2025-01-02 18:00:00+00:00,34.19833333333333,0.1328721031657407,3.1459999999999995,11.009999999999998
2025-01-03 00:00:00+00:00,29.57333333333333,0.0770913417993546,1.5759999999999992,7.199999999999996
2025-01-03 18:00:00+00:00,31.388333333333332,0.3057257911665243,4.488,21.83
2025-01-04 00:00:00+00:00,35.965,0.0665165799417809,2.708,7.160000000000004
2025-01-04 18:00:00+00:00,42.43666666666667,0.2848854377040018,8.104,29.34
2025-01-05 00:00:00+00:00,36.11,0.1277462378246671,2.65,13.25
2025-01-05 18:00:00+00:00,38.91333333333333,0.2616631091329289,4.924,22.43
2025-01-06 00:00:00+00:00,37.465,0.1254448263942135,2.914,12.6
2025-01-06 18:00:00+00:00,49.51333333333333,0.3418038242854981,10.279999999999998,43.46
2025-01-07 00:00:00+00:00,54.11333333333334,0.1812122617488151,5.402000000000001,27.010000000000005
2025-01-07 18:00:00+00:00,48.81666666666666,0.2259248439590281,6.608000000000001,27.910000000000004
2025-01-08 00:00:00+00:00,45.91666666666666,0.125234902290497,4.363999999999999,17.36
2025-01-08 18:00:00+00:00,37.525,0.2108906351065648,3.4539999999999997,16.619999999999997
2025-01-09 00:00:00+00:00,30.808333333333334,0.1378009731572233,2.6359999999999983,11.629999999999995
2025-01-09 18:00:00+00:00,25.781666666666663,0.1156654885955374,1.7120000000000004,6.82
2025-01-10 00:00:00+00:00,25.085,0.0467756408322104,1.0559999999999996,2.879999999999999
2025-01-10 18:00:00+00:00,39.675,0.3139385616700638,6.570000000000002,27.480000000000004
2025-01-11 00:00:00+00:00,38.28833333333333,0.1251850253953692,3.0620000000000003,12.730000000000004
2025-01-11 18:00:00+00:00,33.358333333333334,0.2322667924177649,3.748000000000001,16.960000000000004
2025-01-12 00:00:00+00:00,32.805,0.1155415038856186,2.968,10.329999999999998
2025-01-12 18:00:00+00:00,40.111666666666665,0.2106862067009393,4.1240000000000006,20.62
2025-01-13 00:00:00+00:00,42.79166666666666,0.1791844921228616,6.074000000000001,21.67
2025-01-13 18:00:00+00:00,53.94166666666666,0.3561639072236528,8.552000000000001,41.50000000000001
2025-01-14 00:00:00+00:00,58.155,0.2243384303937514,7.097999999999997,31.21
2025-01-14 18:00:00+00:00,75.93666666666667,0.3342052557099329,10.598,52.59
2025-01-15 00:00:00+00:00,78.33833333333332,0.1215859678862704,6.275999999999999,25.19
2025-01-15 18:00:00+00:00,38.37,0.1612624261496337,3.764,15.119999999999996
2025-01-16 00:00:00+00:00,32.050000000000004,0.0676605376844143,1.4140000000000008,5.790000000000003
2025-01-16 18:00:00+00:00,48.923333333333325,0.2434946023037218,8.012000000000004,29.140000000000008
2025-01-17 00:00:00+00:00,33.18333333333333,0.1473084196991997,3.871999999999999,14.2
2025-01-17 18:00:00+00:00,34.69166666666667,0.1887930271793067,4.216000000000002,16.000000000000004
2025-01-18 00:00:00+00:00,38.53833333333333,0.0486192967621944,2.114,4.490000000000002
2025-01-18 18:00:00+00:00,42.38833333333333,0.402315663603788,8.400000000000002,40.05
2025-01-19 00:00:00+00:00,53.03666666666667,0.0496221858736977,2.3819999999999992,6.68
2025-01-19 18:00:00+00:00,74.84666666666666,0.4642585654153169,17.412,82.78
2025-01-20 00:00:00+00:00,92.02333333333333,0.104593919569666,10.738,25.930000000000007
2025-01-20 18:00:00+00:00,101.12333333333332,0.3626364096468231,18.766,90.48
2025-01-21 00:00:00+00:00,133.50666666666666,0.0848031867736282,9.628000000000004,26.69000000000001
2025-01-21 18:00:00+00:00,68.295,0.4297320155936673,16.268,72.22
2025-01-22 00:00:00+00:00,86.90499999999999,0.2421175641550716,10.742,53.71
2025-01-22 18:00:00+00:00,61.80666666666667,0.3049435237122229,9.733999999999998,46.31999999999999
2025-01-23 00:00:00+00:00,63.876666666666665,0.1824875873724517,7.218000000000001,35.47
2025-01-23 18:00:00+00:00,69.55,0.4858446032186758,16.065999999999995,79.81
2025-01-24 00:00:00+00:00,81.86666666666666,0.2703889510613789,12.278000000000002,61.39000000000001
2025-01-24 18:00:00+00:00,36.00666666666667,0.1947385511690593,3.548000000000001,16.590000000000003
2025-01-25 00:00:00+00:00,28.633333333333336,0.1941332513854606,2.932,13.94
2025-01-25 18:00:00+00:00,27.611666666666668,0.2291386292491592,3.3500000000000005,15.700000000000005
2025-01-26 00:00:00+00:00,29.42833333333333,0.0937163258357339,2.1399999999999992,7.939999999999998
2025-01-26 18:00:00+00:00,22.645,0.4289984016547337,4.821999999999999,20.86
2025-01-27 00:00:00+00:00,24.905,0.0460483748042129,0.718,3.039999999999999
2025-01-27 18:00:00+00:00,30.70833333333333,0.3369302182692095,4.784000000000001,23.92
2025-01-28 00:00:00+00:00,33.14666666666667,0.205969355505889,3.908,18.48
2025-01-28 18:00:00+00:00,9.458333333333334,0.8443540025464303,3.928,18.69
2025-01-29 00:00:00+00:00,13.148333333333332,0.2474546282554869,2.8919999999999995,7.859999999999999
2025-01-29 18:00:00+00:00,36.14666666666667,0.3328838082044773,7.582000000000001,27.59
2025-01-30 00:00:00+00:00,21.47666666666667,0.3354452139475031,6.1,20.96
2025-01-30 18:00:00+00:00,38.705000000000005,0.2972355776106985,5.892000000000001,25.980000000000004
2025-01-31 00:00:00+00:00,33.25833333333333,0.1994106477111304,4.046,18.21
2025-01-31 18:00:00+00:00,31.05,0.2262791939555478,3.128,14.84
2025-02-01 00:00:00+00:00,29.991666666666664,0.1641895039654421,2.9940000000000007,14.970000000000002
2025-02-01 18:00:00+00:00,26.473333333333333,0.2427047013778184,3.8019999999999983,15.159999999999997
2025-02-02 00:00:00+00:00,23.775,0.1076908343009823,1.482,7.41
2025-02-02 18:00:00+00:00,33.425000000000004,0.3611050844594357,5.151999999999999,25.76
2025-02-03 00:00:00+00:00,28.555000000000003,0.1466168531226259,2.204,11.02
2025-02-03 18:00:00+00:00,27.44,0.2148918709013513,3.06,14.86
2025-02-04 00:00:00+00:00,30.14833333333333,0.1677688047380054,3.312,14.760000000000002
2025-02-04 18:00:00+00:00,48.595,0.2259486001067411,5.556000000000002,24.050000000000004
2025-02-05 00:00:00+00:00,44.18666666666667,0.14583375943979,4.162000000000001,17.75
2025-02-05 18:00:00+00:00,34.75666666666667,0.1300501335923577,2.111999999999999,9.759999999999998
2025-02-06 00:00:00+00:00,34.748333333333335,0.1132485152462063,2.1080000000000005,10.540000000000004
2025-02-06 18:00:00+00:00,22.57,0.4153375615041685,4.49,21.330000000000005
2025-02-07 00:00:00+00:00,26.77,0.0741540728895292,1.2259999999999998,5.309999999999999
2025-02-07 18:00:00+00:00,41.37166666666666,0.1974300880792241,4.764,20.0
2025-02-08 00:00:00+00:00,35.873333333333335,0.0954145784504639,2.3679999999999994,9.880000000000004
2025-02-08 18:00:00+00:00,27.201666666666668,0.1604926641240645,2.500000000000001,10.540000000000004
2025-02-09 00:00:00+00:00,29.62833333333333,0.0831702176778556,1.2520000000000002,6.02
2025-02-09 18:00:00+00:00,36.12166666666667,0.3772060411563721,7.18,32.47
2025-02-10 00:00:00+00:00,30.618333333333336,0.1558084481408184,2.664,12.5
2025-02-10 18:00:00+00:00,40.51333333333333,0.3086390232367514,5.833999999999999,26.86
2025-02-11 00:00:00+00:00,33.57,0.2168890964774512,4.322,19.83
2025-02-11 18:00:00+00:00,51.54,0.2890978792708331,7.858,37.03
2025-02-12 00:00:00+00:00,53.16833333333333,0.1985513468917704,6.0760000000000005,30.380000000000003
2025-02-12 18:00:00+00:00,44.28833333333333,0.1662544139034835,4.984000000000002,18.730000000000004
2025-02-13 00:00:00+00:00,38.84666666666667,0.2161186323407852,4.108,20.54
2025-02-13 18:00:00+00:00,38.01166666666666,0.2915740840518851,6.484,28.22
2025-02-14 00:00:00+00:00,32.151666666666664,0.1768175260646641,6.335999999999998,14.819999999999997
2025-02-14 18:00:00+00:00,29.846666666666668,0.2060395585617835,3.2419999999999995,14.359999999999996
2025-02-15 00:00:00+00:00,37.52833333333333,0.1044463114521371,3.306,10.54
2025-02-15 18:00:00+00:00,30.546666666666667,0.2546383803374253,3.9779999999999993,18.47
2025-02-16 00:00:00+00:00,29.473333333333333,0.2493670897337276,4.725999999999999,17.689999999999998
2025-02-16 18:00:00+00:00,31.80666666666667,0.4666050659349451,7.76,37.49
2025-02-17 00:00:00+00:00,48.81,0.1419842170611232,6.106,20.75
2025-02-17 18:00:00+00:00,73.39833333333333,0.4175764651270181,17.696000000000005,78.11000000000001
2025-02-18 00:00:00+00:00,101.85333333333334,0.1564079949931587,8.512000000000004,39.18000000000001
2025-02-18 18:00:00+00:00,78.71,0.3505436955809219,17.068,69.53999999999999
2025-02-19 00:00:00+00:00,85.33666666666666,0.1255735755581099,7.812,30.319999999999997
2025-02-19 18:00:00+00:00,76.97,0.2914874878596575,13.948,59.48
2025-02-20 00:00:00+00:00,88.76833333333333,0.1639079276935444,13.05,39.25
2025-02-20 18:00:00+00:00,112.16166666666668,0.412420815262998,26.418,116.61
2025-02-21 00:00:00+00:00,129.25833333333333,0.3075300957184818,21.588,107.94
2025-02-21 18:00:00+00:00,33.225,0.3391983618213439,7.197999999999999,29.43
2025-02-22 00:00:00+00:00,40.72,0.3571192033872654,8.606,37.59
2025-02-22 18:00:00+00:00,33.975,0.3066589106017276,5.696,26.58
2025-02-23 00:00:00+00:00,34.01833333333333,0.1627191073821075,3.188,15.939999999999998
2025-02-23 18:00:00+00:00,23.626666666666665,0.191398878305795,3.246,12.0
2025-02-24 00:00:00+00:00,18.075,0.2283429127357703,2.472,10.73
2025-02-24 18:00:00+00:00,29.62333333333333,0.2236919207806189,3.634,16.98
2025-02-25 00:00:00+00:00,31.86833333333333,0.0654581864166309,1.468,5.940000000000001
2025-02-25 18:00:00+00:00,28.43,0.2275679682386868,3.512,15.94
2025-02-26 00:00:00+00:00,24.46333333333333,0.1669057394681486,2.2620000000000005,11.310000000000002
2025-02-26 18:00:00+00:00,28.243333333333336,0.2163124677210006,3.552000000000001,15.910000000000004
2025-02-27 00:00:00+00:00,25.35833333333333,0.247032359168918,3.724,18.62
2025-02-27 18:00:00+00:00,26.076666666666668,0.4461906592019664,6.188,29.83
2025-02-28 00:00:00+00:00,28.91333333333333,0.4143816456065876,6.398,31.99
2025-02-28 18:00:00+00:00,20.471666666666668,0.1967272014325613,2.19,10.32
2025-03-01 00:00:00+00:00,24.295,0.0893241956135537,1.5299999999999998,5.919999999999998
2025-03-01 18:00:00+00:00,38.830000000000005,0.3614596788355841,7.26,36.3
2025-03-02 00:00:00+00:00,52.928333333333335,0.1096060739177429,3.002,15.009999999999998
2025-03-02 18:00:00+00:00,25.85333333333333,0.4018445262915824,6.164,27.19
2025-03-03 00:00:00+00:00,23.285,0.3218646654985303,4.054,20.270000000000003
2025-03-03 18:00:00+00:00,23.06,0.3048511582207432,3.956,16.67
2025-03-04 00:00:00+00:00,26.635,0.1173085925385754,1.3940000000000006,6.740000000000002
2025-03-04 18:00:00+00:00,31.11,0.0667735520165903,1.2980000000000012,4.880000000000003
2025-03-05 00:00:00+00:00,29.486666666666668,0.1042599446668582,1.6740000000000002,8.370000000000001
2025-03-05 18:00:00+00:00,32.681666666666665,0.2615622324183665,4.994000000000001,21.64
2025-03-06 00:00:00+00:00,44.37,0.2101197292924914,5.406,27.03
2025-03-06 18:00:00+00:00,39.14333333333334,0.3784880409603705,7.608000000000001,38.040000000000006
2025-03-07 00:00:00+00:00,56.42666666666667,0.1809159855705992,6.371999999999998,26.539999999999992
2025-03-07 18:00:00+00:00,32.14,0.305220565916499,5.470000000000001,25.08
2025-03-08 00:00:00+00:00,33.92,0.24515379226946,4.398000000000001,21.99
2025-03-08 18:00:00+00:00,15.348333333333334,0.8934961663333095,7.508,35.51
2025-03-09 00:00:00+00:00,31.516666666666666,0.2624633124207066,4.822,24.11
2025-03-09 18:00:00+00:00,8.566666666666666,1.354710509232075,6.44,29.94
2025-03-10 00:00:00+00:00,24.311666666666667,0.1521557104302795,2.26,9.759999999999998
2025-03-10 18:00:00+00:00,14.08,0.6139670563062312,4.776000000000001,21.71
2025-03-11 00:00:00+00:00,19.81,0.2479126995467647,2.768,12.91
2025-03-11 18:00:00+00:00,37.305,0.3467787241783905,7.51,34.15
2025-03-12 00:00:00+00:00,34.99666666666666,0.280694663082201,5.168,25.61
2025-03-12 18:00:00+00:00,41.285,0.4325114866314968,9.142,44.58
2025-03-13 00:00:00+00:00,37.705,0.3388383183719414,7.256,33.9
2025-03-13 18:00:00+00:00,26.945,0.4559508642656122,6.494,32.47
2025-03-14 00:00:00+00:00,32.87166666666666,0.2497528589917478,4.682,23.41
2025-03-14 18:00:00+00:00,25.166666666666668,0.2287762851748234,4.616,16.849999999999998
2025-03-15 00:00:00+00:00,24.67,0.3381685567100506,4.518000000000001,22.590000000000003
2025-03-15 18:00:00+00:00,16.991666666666667,0.5520422653335813,5.106,22.62
2025-03-16 00:00:00+00:00,24.87,0.1821792054446786,3.6319999999999992,12.540000000000004
2025-03-16 18:00:00+00:00,31.051666666666662,0.4652912552128306,7.502,36.76
2025-03-17 00:00:00+00:00,33.355,0.4334909997050382,8.096,38.08
2025-03-17 18:00:00+00:00,22.80666666666667,0.5272189519223022,6.843999999999999,31.380000000000003
2025-03-18 00:00:00+00:00,27.506666666666664,0.3843762050219747,5.664000000000001,28.320000000000004
2025-03-18 18:00:00+00:00,24.793333333333333,0.1802324928823517,2.75,11.64
2025-03-19 00:00:00+00:00,28.450000000000003,0.1630631449286863,2.37,11.85
2025-03-19 18:00:00+00:00,26.320000000000004,0.1438283451921122,2.396,9.98
2025-03-20 00:00:00+00:00,27.18,0.1481446557325423,2.3039999999999994,11.519999999999996
2025-03-20 18:00:00+00:00,18.426666666666662,0.3541406393692955,5.624,18.62
2025-03-21 00:00:00+00:00,23.426666666666662,0.2890541364390946,4.68,19.69
2025-03-21 18:00:00+00:00,22.94333333333333,0.1365912296418445,1.932,7.329999999999998
2025-03-22 00:00:00+00:00,38.556666666666665,0.1186125276945539,3.960000000000001,9.480000000000004
2025-03-22 18:00:00+00:00,19.093333333333334,0.3493419578206443,4.029999999999999,16.689999999999998
2025-03-23 00:00:00+00:00,27.04833333333333,0.0812785271605903,1.332,6.199999999999999
2025-03-23 18:00:00+00:00,24.26833333333333,0.182523788206708,3.2039999999999997,12.489999999999998
2025-03-24 00:00:00+00:00,28.036666666666665,0.0882371959173211,1.646,6.830000000000002
2025-03-24 18:00:00+00:00,31.46,0.4268906988221915,7.126,34.26
2025-03-25 00:00:00+00:00,49.906666666666666,0.2807239371213491,7.442000000000002,37.21000000000001
2025-03-25 18:00:00+00:00,18.08666666666667,0.4966339807678295,7.203999999999999,24.19
2025-03-26 00:00:00+00:00,39.141666666666666,0.1476600978891333,2.934,14.670000000000002
2025-03-26 18:00:00+00:00,36.431666666666665,0.3931326598973952,7.336000000000001,36.040000000000006
2025-03-27 00:00:00+00:00,37.580000000000005,0.3486553610888701,6.604000000000002,33.02
2025-03-27 18:00:00+00:00,22.695,0.1599020242218152,2.1499999999999995,9.509999999999998
2025-03-28 00:00:00+00:00,26.08,0.0650142139717713,2.244,4.59
2025-03-28 18:00:00+00:00,23.258333333333336,0.0421489606031561,0.747999999999999,2.43
2025-03-29 00:00:00+00:00,24.543333333333333,0.0227842650594705,0.4659999999999996,1.5399999999999991
2025-03-29 18:00:00+00:00,23.528333333333336,0.0693771453937346,0.8640000000000001,4.32
2025-03-30 00:00:00+00:00,26.33333333333333,0.045601676488633,1.06,3.41
2025-03-30 18:00:00+00:00,24.451666666666668,0.0584763811577587,1.0300000000000005,3.5700000000000003
2025-03-31 00:00:00+00:00,27.55333333333333,0.1021678286400373,2.1180000000000008,6.91
2025-03-31 18:00:00+00:00,40.641666666666666,0.3014591473535296,6.895999999999999,32.19
2025-04-01 00:00:00+00:00,46.45666666666667,0.4329268458790712,10.624,53.120000000000005
2025-04-01 18:00:00+00:00,41.748333333333335,0.1092058932067448,2.858,12.11
2025-04-02 00:00:00+00:00,37.98,0.1925888698023895,3.9260000000000006,18.13
2025-04-02 18:00:00+00:00,35.486666666666665,0.1327566750780859,2.624000000000001,12.270000000000003
2025-04-03 00:00:00+00:00,33.71666666666667,0.1294931331174577,3.0820000000000007,11.78
2025-04-03 18:00:00+00:00,55.09166666666667,0.2079117249979774,6.380000000000001,30.190000000000005
2025-04-04 00:00:00+00:00,63.99,0.2052174092158688,7.632000000000001,38.16
2025-04-04 18:00:00+00:00,41.36333333333334,0.0804658777189412,1.647999999999999,7.719999999999999
2025-04-05 00:00:00+00:00,36.19166666666667,0.1500361581747215,3.304,16.52
2025-04-05 18:00:00+00:00,16.62,0.3801617173727658,4.49,17.46
2025-04-06 00:00:00+00:00,38.275,0.1009644903433049,3.789999999999998,9.410000000000004
2025-04-06 18:00:00+00:00,34.82333333333333,0.3064187784382046,5.926,27.03
2025-04-07 00:00:00+00:00,36.806666666666665,0.4942530016633756,9.73,48.65
2025-04-07 18:00:00+00:00,37.36,0.337855680503603,7.2,33.22
2025-04-08 00:00:00+00:00,62.62833333333333,0.2751736387680744,9.002,45.010000000000005
2025-04-08 18:00:00+00:00,27.406666666666663,0.2459319173978166,4.022,17.87
2025-04-09 00:00:00+00:00,31.155,0.4496072329019718,7.689999999999999,38.45
2025-04-09 18:00:00+00:00,23.38,0.2244209163902081,4.287999999999999,14.329999999999998
2025-04-10 00:00:00+00:00,42.66166666666667,0.2665333329225495,5.75,28.75
2025-04-10 18:00:00+00:00,23.775,0.2048669378341318,3.7359999999999993,13.229999999999997
2025-04-11 00:00:00+00:00,35.711666666666666,0.0850948112382345,2.426000000000002,8.530000000000001
2025-04-11 18:00:00+00:00,39.08833333333333,0.1269882314604119,2.839999999999999,12.939999999999998
2025-04-12 00:00:00+00:00,34.02166666666667,0.4266410929142503,7.963999999999999,39.82
2025-04-12 18:00:00+00:00,18.565,0.3201619186488003,3.266,15.829999999999998
2025-04-13 00:00:00+00:00,22.066666666666663,0.3640440009268881,4.958000000000001,22.950000000000003
2025-04-13 18:00:00+00:00,21.166666666666668,0.135087932316321,2.064,6.890000000000001
2025-04-14 00:00:00+00:00,24.88833333333333,0.2584949040871338,3.839999999999999,16.99
2025-04-14 18:00:00+00:00,23.92,0.1084087414824435,2.5860000000000007,6.640000000000001
2025-04-15 00:00:00+00:00,27.131666666666664,0.1319918384984157,2.2620000000000005,8.469999999999999
2025-04-15 18:00:00+00:00,24.576666666666668,0.2795373614970232,4.254,18.5
2025-04-16 00:00:00+00:00,48.09333333333333,0.3416118794696741,7.919999999999999,39.6
2025-04-16 18:00:00+00:00,21.76,0.4920910733109366,7.936000000000002,29.330000000000005
2025-04-17 00:00:00+00:00,29.101666666666663,0.326177660745172,5.682,25.67
2025-04-17 18:00:00+00:00,25.916666666666668,0.1993940345067724,3.494,14.11
2025-04-18 00:00:00+00:00,28.831666666666667,0.2931145023746893,4.73,23.65
2025-04-18 18:00:00+00:00,23.258333333333336,0.1339969457734866,2.246,8.07
2025-04-19 00:00:00+00:00,28.066666666666663,0.1012154122026166,1.972,6.780000000000001
2025-04-19 18:00:00+00:00,34.14333333333334,0.2741228944111392,4.965999999999999,24.83
2025-04-20 00:00:00+00:00,36.52166666666667,0.4516849548694396,8.608,43.04
2025-04-20 18:00:00+00:00,19.07,0.2323542408758488,2.6160000000000005,11.480000000000002
2025-04-21 00:00:00+00:00,23.83333333333333,0.143206839689776,2.3620000000000005,8.970000000000002
2025-04-21 18:00:00+00:00,28.995,0.2823557857902317,5.061999999999999,21.81
2025-04-22 00:00:00+00:00,36.065000000000005,0.3096341651296704,6.4,32.0
2025-04-22 18:00:00+00:00,32.975,0.3541852345716442,6.252,31.26
2025-04-23 00:00:00+00:00,43.24166666666667,0.3707890239293666,8.752,43.760000000000005
2025-04-23 18:00:00+00:00,36.82833333333333,0.2279111184056458,4.394,21.97
2025-04-24 00:00:00+00:00,41.94833333333333,0.2484002347578547,5.950000000000001,29.750000000000004
2025-04-24 18:00:00+00:00,29.586666666666662,0.1769780982611793,3.28,13.579999999999998
2025-04-25 00:00:00+00:00,34.531666666666666,0.1720278622402224,4.316000000000001,15.540000000000004
2025-04-25 18:00:00+00:00,25.258333333333336,0.1247698510988793,3.157999999999999,8.669999999999998
2025-04-26 00:00:00+00:00,28.813333333333333,0.1792167035913507,3.056,12.37
2025-04-26 18:00:00+00:00,17.38,0.3045177933775702,3.292,14.099999999999998
2025-04-27 00:00:00+00:00,19.65,0.3405969661338001,3.486,17.43
2025-04-27 18:00:00+00:00,25.67,0.2388120393262991,2.8599999999999994,14.299999999999995
2025-04-28 00:00:00+00:00,31.421666666666667,0.2326574239888537,3.592,17.959999999999997
2025-04-28 18:00:00+00:00,25.94666666666667,0.2158484885393491,3.632000000000001,15.640000000000004
2025-04-29 00:00:00+00:00,38.16333333333333,0.2875102177031357,8.564000000000002,29.380000000000003
2025-04-29 18:00:00+00:00,38.12,0.3138387001905887,6.492000000000002,31.130000000000003
2025-04-30 00:00:00+00:00,44.65,0.4605315186722983,10.504,52.52
2025-04-30 18:00:00+00:00,29.141666666666666,0.2718332897042663,4.134,20.41
2025-05-01 00:00:00+00:00,42.73,0.1901616297427235,4.1160000000000005,20.58
2025-05-01 18:00:00+00:00,33.19833333333333,0.1526990116113832,2.9760000000000004,12.87
2025-05-02 00:00:00+00:00,39.053333333333335,0.2274714618213197,4.548,22.74
2025-05-02 18:00:00+00:00,42.86833333333333,0.1603857021499394,6.398000000000001,17.92
2025-05-03 00:00:00+00:00,45.815,0.2285331219645799,4.593999999999999,22.97
2025-05-03 18:00:00+00:00,34.06166666666667,0.2635416683889925,4.694,23.47
2025-05-04 00:00:00+00:00,40.125,0.3184479105422572,7.214000000000001,33.480000000000004
2025-05-04 18:00:00+00:00,24.78833333333333,0.247548033721858,3.2020000000000004,16.01
2025-05-05 00:00:00+00:00,31.176666666666662,0.3173768895101233,5.096,25.48
2025-05-05 18:00:00+00:00,40.64333333333334,0.2197418620326628,5.5600000000000005,24.160000000000004
2025-05-06 00:00:00+00:00,41.52,0.4653373909368263,10.182,50.91
2025-05-06 18:00:00+00:00,45.370000000000005,0.1849145797366993,4.704000000000001,22.43
2025-05-07 00:00:00+00:00,49.23333333333333,0.3675744044809805,9.68,48.4
2025-05-07 18:00:00+00:00,32.455000000000005,0.2091301739340488,3.92,18.180000000000003
2025-05-08 00:00:00+00:00,32.76166666666666,0.3487570088624719,5.921999999999999,29.61
2025-05-08 18:00:00+00:00,32.693333333333335,0.2317712879795224,4.466,20.36
2025-05-09 00:00:00+00:00,38.803333333333335,0.4527589871864874,8.822,44.11
2025-05-09 18:00:00+00:00,42.56166666666667,0.2619219052457399,6.106,30.53
2025-05-10 00:00:00+00:00,35.59166666666667,0.6094324949089467,11.652,58.26
2025-05-10 18:00:00+00:00,26.561666666666667,0.2031254838744591,2.9140000000000006,14.570000000000004
2025-05-11 00:00:00+00:00,20.301666666666662,0.7457040406744441,8.334,41.67
2025-05-11 18:00:00+00:00,27.975,0.4183556101871052,6.965999999999999,34.83
2025-05-12 00:00:00+00:00,38.37166666666666,0.6522918463745389,12.563999999999998,62.81999999999999
2025-05-12 18:00:00+00:00,50.405,0.2542587051684616,7.143999999999998,35.71999999999999
2025-05-13 00:00:00+00:00,47.048333333333325,0.6055737305744852,14.407999999999996,69.77
2025-05-13 18:00:00+00:00,56.071666666666665,0.287312319202747,9.127999999999998,41.59
2025-05-14 00:00:00+00:00,43.27,0.502066588424536,12.172,60.86
2025-05-14 18:00:00+00:00,61.56166666666667,0.1558664038313051,6.847999999999997,26.859999999999992
2025-05-15 00:00:00+00:00,58.06666666666666,0.5144618136198222,15.704000000000002,78.52000000000001
2025-05-15 18:00:00+00:00,33.696666666666665,0.1290997322749937,3.088,12.07
2025-05-16 00:00:00+00:00,30.72,0.4674367182531653,7.706,34.74
2025-05-16 18:00:00+00:00,20.953333333333333,0.1697803141517099,1.868,9.34
2025-05-17 00:00:00+00:00,14.32,0.4491783832725877,3.2099999999999995,16.049999999999997
2025-05-17 18:00:00+00:00,19.15,0.5049658576112244,4.989999999999999,24.95
2025-05-18 00:00:00+00:00,37.10333333333333,0.287226255493817,5.35,26.75
2025-05-18 18:00:00+00:00,25.441666666666663,0.1426214805671566,2.7,9.89
2025-05-19 00:00:00+00:00,23.988333333333333,0.3051030484037051,3.887999999999999,17.819999999999997
2025-05-19 18:00:00+00:00,34.14333333333333,0.0959427783484597,1.897999999999999,8.829999999999998
2025-05-20 00:00:00+00:00,35.85,0.270018499909746,5.246,26.23
2025-05-20 18:00:00+00:00,35.94,0.1894928075222164,3.353999999999999,15.95
2025-05-21 00:00:00+00:00,34.086666666666666,0.2980556546897676,5.2700000000000005,26.35
2025-05-21 18:00:00+00:00,35.74166666666667,0.1889162910820438,3.9140000000000006,17.630000000000003
2025-05-22 00:00:00+00:00,37.70666666666667,0.2766516845126234,5.362,26.81
2025-05-22 18:00:00+00:00,30.55333333333333,0.2252302119933962,3.6220000000000008,18.110000000000003
2025-05-23 00:00:00+00:00,48.49166666666667,0.2573531471831395,8.093999999999998,32.099999999999994
2025-05-23 18:00:00+00:00,34.175000000000004,0.1870972809813288,3.5740000000000003,17.169999999999998
2025-05-24 00:00:00+00:00,41.69833333333333,0.2384915929387803,5.288,26.44
2025-05-24 18:00:00+00:00,32.25,0.235445925781929,4.07,20.35
2025-05-25 00:00:00+00:00,40.625,0.2630567621604568,5.8020000000000005,29.01
2025-05-25 18:00:00+00:00,26.25,0.1425368854676601,2.072,10.36
2025-05-26 00:00:00+00:00,34.83166666666667,0.279536467090386,4.766,23.83
2025-05-26 18:00:00+00:00,29.55,0.1907287332186472,2.5420000000000016,11.500000000000004
2025-05-27 00:00:00+00:00,34.17666666666667,0.2943181813163216,5.78,24.34
2025-05-27 18:00:00+00:00,49.37166666666667,0.1147162344984829,2.908,14.54
2025-05-28 00:00:00+00:00,50.19833333333333,0.3276453547482703,7.831999999999999,39.16
2025-05-28 18:00:00+00:00,50.15166666666666,0.1044810448821242,3.1,13.630000000000004
2025-05-29 00:00:00+00:00,57.55500000000001,0.3638184172052865,10.318,51.59
2025-05-29 18:00:00+00:00,41.07333333333333,0.1447792802493469,3.0740000000000007,15.370000000000005
2025-05-30 00:00:00+00:00,48.525,0.3895809177706885,9.088,45.440000000000005
2025-05-30 18:00:00+00:00,30.631666666666664,0.174288972738552,3.766,15.049999999999995
2025-05-31 00:00:00+00:00,39.645,0.4324064097054731,7.964,39.82
2025-05-31 18:00:00+00:00,35.25,0.2541367736541761,4.888,24.44
2025-06-01 00:00:00+00:00,52.01333333333333,0.3945300547041346,10.442,52.21
2025-06-01 18:00:00+00:00,45.13833333333333,0.2310162598335558,5.618,28.090000000000003
2025-06-02 00:00:00+00:00,41.23166666666666,0.3483526512713683,7.266,36.33
2025-06-02 18:00:00+00:00,50.25833333333333,0.1806325618822369,5.0,25.0
2025-06-03 00:00:00+00:00,42.96666666666667,0.3633726352982442,7.713999999999999,38.56999999999999
2025-06-03 18:00:00+00:00,40.330000000000005,0.200021584945206,3.9140000000000015,19.31
2025-06-04 00:00:00+00:00,46.76166666666666,0.2774570110245056,6.958,31.5
2025-06-04 18:00:00+00:00,62.22833333333333,0.1480265574567093,4.314,21.57
2025-06-05 00:00:00+00:00,60.62,0.2906132426372693,9.073999999999998,45.36999999999999
2025-06-05 18:00:00+00:00,58.56333333333333,0.156483527815703,4.148000000000001,20.74
2025-06-06 00:00:00+00:00,52.528333333333336,0.2746977764275836,7.318,36.59
2025-06-06 18:00:00+00:00,54.428333333333335,0.0475128027427537,1.3299999999999996,6.649999999999999
2025-06-07 00:00:00+00:00,42.928333333333335,0.2910401357904574,6.332,31.66
2025-06-07 18:00:00+00:00,40.92666666666667,0.138264334234579,2.8560000000000016,13.080000000000004
2025-06-08 00:00:00+00:00,32.88333333333333,0.3101044381513669,4.924000000000001,24.620000000000005
2025-06-08 18:00:00+00:00,26.12333333333333,0.1922891166597221,2.406,12.03
2025-06-09 00:00:00+00:00,33.446666666666665,0.2705271748018463,4.970000000000001,22.860000000000003
2025-06-09 18:00:00+00:00,30.076666666666664,0.157077420362116,2.4519999999999995,12.259999999999998
2025-06-10 00:00:00+00:00,38.181666666666665,0.2995715793612662,6.9860000000000015,29.15
2025-06-10 18:00:00+00:00,37.66166666666667,0.2696414736233724,5.246,26.23
2025-06-11 00:00:00+00:00,42.626666666666665,0.3426263503728972,8.32,41.6
2025-06-11 18:00:00+00:00,46.86166666666667,0.0991879166172459,2.1620000000000004,10.590000000000003
2025-06-12 00:00:00+00:00,43.70666666666667,0.3360400058309928,8.218,41.09
2025-06-12 18:00:00+00:00,37.958333333333336,0.0762044368484991,2.159999999999998,8.449999999999996
2025-06-13 00:00:00+00:00,32.711666666666666,0.2355933995129972,3.988,19.94
2025-06-13 18:00:00+00:00,39.495,0.0465666352664426,1.9679999999999995,4.460000000000001
2025-06-14 00:00:00+00:00,30.911666666666665,0.1767547559519739,3.022,15.11
2025-06-14 18:00:00+00:00,38.76,0.0942385624981888,2.022,10.11
2025-06-15 00:00:00+00:00,32.04833333333334,0.2204850054118297,3.734,18.67
2025-06-15 18:00:00+00:00,43.048333333333325,0.2251102017873706,4.744,23.72
2025-06-16 00:00:00+00:00,41.88666666666666,0.3411465584112935,7.303999999999999,36.52
2025-06-16 18:00:00+00:00,43.56666666666666,0.1562382095145882,3.244,16.22
2025-06-17 00:00:00+00:00,39.25,0.2883300293936376,5.8100000000000005,29.050000000000004
2025-06-17 18:00:00+00:00,58.18666666666667,0.1497638430348102,4.281999999999999,21.41
2025-06-18 00:00:00+00:00,50.16833333333333,0.3020370228210673,7.542000000000002,37.71000000000001
2025-06-18 18:00:00+00:00,43.818333333333335,0.1242103008844163,3.108000000000001,14.690000000000005
2025-06-19 00:00:00+00:00,42.23166666666666,0.252946773303496,6.031999999999999,25.0
2025-06-19 18:00:00+00:00,55.16333333333333,0.2001553892761897,5.729999999999999,28.64999999999999
2025-06-20 00:00:00+00:00,58.36166666666667,0.2510837767914438,9.330000000000002,40.75
2025-06-20 18:00:00+00:00,52.165,0.1988767288646915,5.197999999999999,25.989999999999995
2025-06-21 00:00:00+00:00,57.321666666666665,0.2104173507019587,6.546000000000001,30.81
2025-06-21 18:00:00+00:00,77.19,0.1843921327525871,7.324,36.62
2025-06-22 00:00:00+00:00,77.59333333333333,0.2539982698137087,11.048,55.24
2025-06-22 18:00:00+00:00,90.69333333333331,0.1918615171350705,8.88,44.400000000000006
2025-06-23 00:00:00+00:00,96.73,0.3419281752798417,16.476,82.38
2025-06-23 18:00:00+00:00,182.5583333333333,0.4546545279542668,41.854,209.27
2025-06-24 00:00:00+00:00,162.77666666666667,0.6128122309845283,49.094,245.47
2025-06-24 18:00:00+00:00,201.4983333333333,0.3164730643289268,33.58800000000001,167.94000000000003
2025-06-25 00:00:00+00:00,124.02333333333333,0.6132724714604761,39.970000000000006,199.85
2025-06-25 18:00:00+00:00,81.44333333333333,0.1683049279559518,7.275999999999999,36.38
2025-06-26 00:00:00+00:00,61.51166666666666,0.4389671017280485,13.738,68.69
2025-06-26 18:00:00+00:00,93.87166666666668,0.3877385204212263,19.472,94.92
2025-06-27 00:00:00+00:00,82.45833333333333,0.5389238346197675,24.104,120.52
2025-06-27 18:00:00+00:00,74.41,0.1165425579095369,4.988,23.569999999999997
2025-06-28 00:00:00+00:00,51.97166666666666,0.3559400410756704,9.442,44.85
2025-06-28 18:00:00+00:00,68.58166666666666,0.2836358725685964,10.64,53.2
2025-06-29 00:00:00+00:00,70.27,0.2462401542599757,10.762,50.85
2025-06-29 18:00:00+00:00,75.01,0.2637192686732399,9.814000000000002,49.07000000000001
2025-06-30 00:00:00+00:00,66.57000000000001,0.3410655067534082,13.122,65.61
2025-06-30 18:00:00+00:00,51.93666666666667,0.1813188877445634,4.774000000000001,23.120000000000005
2025-07-01 00:00:00+00:00,52.595,0.3260811963702769,9.148,45.74
2025-07-01 18:00:00+00:00,81.20333333333333,0.277393590131144,12.35,61.75
2025-07-02 00:00:00+00:00,73.005,0.5214132312349792,20.244,101.21999999999998
2025-07-02 18:00:00+00:00,84.81166666666667,0.2355027614517309,10.163999999999998,50.81999999999999
2025-07-03 00:00:00+00:00,67.28166666666667,0.4982540225215537,18.654000000000003,93.27
2025-07-03 18:00:00+00:00,77.99,0.2445795517159032,9.974,49.87
2025-07-04 00:00:00+00:00,65.06666666666668,0.3398603505326112,12.992,64.96000000000001
2025-07-04 18:00:00+00:00,86.24833333333333,0.196870848742574,9.24,46.2
2025-07-05 00:00:00+00:00,75.93833333333333,0.2409880092578658,10.249999999999998,51.24999999999999
2025-07-05 18:00:00+00:00,55.30833333333334,0.170734270414812,5.945999999999996,23.64999999999999
2025-07-06 00:00:00+00:00,52.06166666666667,0.37466447564133,11.051999999999998,55.25999999999999
2025-07-06 18:00:00+00:00,65.81833333333333,0.2614646018912756,8.574,42.87
2025-07-07 00:00:00+00:00,57.835,0.318565072596309,9.986,49.93000000000001
2025-07-07 18:00:00+00:00,83.72500000000001,0.1912287537541794,9.349999999999998,43.89999999999999
2025-07-08 00:00:00+00:00,64.38666666666667,0.3539504611591332,11.868,59.34
2025-07-08 18:00:00+00:00,94.60166666666667,0.2047661959818852,11.968,53.33
2025-07-09 00:00:00+00:00,72.96,0.4094255702766693,15.990000000000004,79.95
2025-07-09 18:00:00+00:00,85.19333333333333,0.2202633641316944,9.656,48.28
2025-07-10 00:00:00+00:00,57.28833333333333,0.408663255093646,12.376,61.88
2025-07-10 18:00:00+00:00,82.635,0.157480602921107,6.816,34.08
2025-07-11 00:00:00+00:00,65.5,0.3030808224977475,11.116,55.580000000000005
2025-07-11 18:00:00+00:00,72.69833333333334,0.0809988540936391,5.643999999999994,14.809999999999988
2025-07-12 00:00:00+00:00,54.51166666666666,0.3069567954790407,8.958000000000002,44.790000000000006
2025-07-12 18:00:00+00:00,57.86833333333333,0.2708441377453195,8.196,40.98
2025-07-13 00:00:00+00:00,54.86000000000001,0.3070768137169486,8.809999999999999,44.05
2025-07-13 18:00:00+00:00,57.36333333333334,0.297627808742307,8.274000000000001,41.370000000000005
2025-07-14 00:00:00+00:00,54.59,0.3727830829812354,10.718,53.59
2025-07-14 18:00:00+00:00,94.25666666666666,0.0925984937471551,5.454000000000002,22.83
2025-07-15 00:00:00+00:00,78.74833333333333,0.3631494705820537,16.458000000000002,82.28999999999999
2025-07-15 18:00:00+00:00,98.425,0.2608364091328685,13.588,67.94
2025-07-16 00:00:00+00:00,80.87666666666667,0.505402041408259,22.474,112.37
2025-07-16 18:00:00+00:00,68.09166666666667,0.0251797483887056,1.3220000000000027,4.040000000000006
2025-07-17 00:00:00+00:00,50.583333333333336,0.1919023931635803,5.734,28.67
2025-07-17 18:00:00+00:00,63.82833333333334,0.1407075406315187,4.268000000000001,21.340000000000003
2025-07-18 00:00:00+00:00,51.27,0.3304849642491436,8.164000000000001,40.82000000000001
2025-07-18 18:00:00+00:00,58.815,0.1267108659470817,4.848000000000001,20.76
2025-07-19 00:00:00+00:00,47.58833333333333,0.2923268992228203,6.859999999999999,34.3
2025-07-19 18:00:00+00:00,63.84166666666667,0.1315160667796607,4.0600000000000005,20.300000000000004
2025-07-20 00:00:00+00:00,50.79,0.2225398632247151,6.026000000000001,30.130000000000003
2025-07-20 18:00:00+00:00,58.10166666666667,0.2077637444958682,6.174000000000001,30.870000000000005
2025-07-21 00:00:00+00:00,47.09166666666667,0.3717067229185291,9.599999999999998,47.99999999999999
2025-07-21 18:00:00+00:00,67.05,0.1692368262666979,5.833999999999998,26.289999999999992
2025-07-22 00:00:00+00:00,53.48,0.3178193447087808,9.53,47.650000000000006
2025-07-22 18:00:00+00:00,92.82833333333332,0.2491606989573662,11.638,58.19
2025-07-23 00:00:00+00:00,83.55499999999999,0.3482689838538217,16.808,84.03999999999999
2025-07-23 18:00:00+00:00,106.54666666666668,0.2609056475824615,15.214,76.07
2025-07-24 00:00:00+00:00,81.34833333333334,0.4651402800647107,19.892000000000003,99.46
2025-07-24 18:00:00+00:00,197.3883333333333,0.3019803177886536,30.828000000000003,154.14
2025-07-25 00:00:00+00:00,132.17666666666665,0.5487897867001306,39.274,196.37
2025-07-25 18:00:00+00:00,99.76,0.2234120557295977,11.166,55.83
2025-07-26 00:00:00+00:00,62.855,0.438873499006322,14.419999999999998,72.1
2025-07-26 18:00:00+00:00,78.51333333333334,0.1933717113118359,8.144,39.29
2025-07-27 00:00:00+00:00,57.76166666666666,0.3874016404238838,11.15,55.75
2025-07-27 18:00:00+00:00,86.30499999999999,0.2635407964398994,11.598,57.99
2025-07-28 00:00:00+00:00,71.80666666666666,0.3424372784355727,13.483999999999998,67.41999999999999
2025-07-28 18:00:00+00:00,249.48333333333332,0.3462244097925252,48.456,242.28
2025-07-29 00:00:00+00:00,128.29833333333332,0.6653237767298494,46.45200000000001,232.26
2025-07-29 18:00:00+00:00,248.18,0.3524039208466226,49.318,246.59
2025-07-30 00:00:00+00:00,117.29166666666669,0.7551514490410329,47.400000000000006,237.0
2025-07-30 18:00:00+00:00,71.92833333333333,0.1881148307977315,10.046,39.2
2025-07-31 00:00:00+00:00,56.11833333333333,0.3761263496686045,10.744,53.72
2025-07-31 18:00:00+00:00,64.98166666666667,0.1198051479937399,4.138000000000001,20.690000000000005
2025-08-01 00:00:00+00:00,45.85166666666667,0.341993844176865,8.042000000000002,40.21000000000001
2025-08-01 18:00:00+00:00,48.696666666666665,0.1311662334465854,3.67,18.35
2025-08-02 00:00:00+00:00,38.455,0.2863725899216269,5.703999999999999,28.52
2025-08-02 18:00:00+00:00,39.57833333333333,0.212218770682015,4.626,23.13
2025-08-03 00:00:00+00:00,36.93833333333333,0.2626495816922935,5.506,27.53
2025-08-03 18:00:00+00:00,46.56833333333333,0.3135729911709685,7.510000000000001,37.55
2025-08-04 00:00:00+00:00,42.01,0.3642708092374092,8.284,41.42
2025-08-04 18:00:00+00:00,74.21333333333332,0.128834472122777,5.103999999999999,25.52
2025-08-05 00:00:00+00:00,49.48666666666667,0.3734162432911446,9.413999999999998,47.06999999999999
2025-08-05 18:00:00+00:00,67.15333333333334,0.1736175568832095,6.730000000000001,33.650000000000006
2025-08-06 00:00:00+00:00,52.38999999999999,0.3152454223099203,8.272,41.36
2025-08-06 18:00:00+00:00,78.15333333333334,0.268078847028293,11.000000000000002,55.00000000000001
2025-08-07 00:00:00+00:00,63.04166666666666,0.4052800943002413,13.424,67.12
2025-08-07 18:00:00+00:00,101.47166666666664,0.2245558180511738,12.714,63.56999999999999
2025-08-08 00:00:00+00:00,80.16333333333334,0.3491831820095492,16.082,80.41
2025-08-08 18:00:00+00:00,111.28333333333336,0.2322676679900633,14.779999999999998,73.88000000000001
2025-08-09 00:00:00+00:00,78.01333333333334,0.3290568047221229,14.014,70.07
2025-08-09 18:00:00+00:00,79.41666666666667,0.214045196636953,8.114,40.57000000000001
2025-08-10 00:00:00+00:00,55.82833333333334,0.3764595055528824,11.332,56.66
2025-08-10 18:00:00+00:00,92.61166666666666,0.2855972137519059,13.294,66.47
2025-08-11 00:00:00+00:00,69.71333333333332,0.4107479119662317,15.624,78.12
2025-08-11 18:00:00+00:00,119.69,0.2632778198956488,16.564,82.82
2025-08-12 00:00:00+00:00,75.68333333333334,0.4520484763630043,17.386000000000003,86.93
2025-08-12 18:00:00+00:00,96.46,0.3330321819633281,17.664,88.32000000000001
2025-08-13 00:00:00+00:00,72.295,0.4713911858836619,15.670000000000002,78.35
2025-08-13 18:00:00+00:00,86.72000000000001,0.1383513584381957,6.606,30.05
2025-08-14 00:00:00+00:00,56.96,0.3973133455603346,12.56,62.8
2025-08-14 18:00:00+00:00,80.365,0.1827577110153345,7.572000000000003,37.540000000000006
2025-08-15 00:00:00+00:00,59.95333333333334,0.3335823305375459,11.408,57.040000000000006
2025-08-15 18:00:00+00:00,118.19,0.1662137910607079,10.91,54.55
2025-08-16 00:00:00+00:00,69.86166666666666,0.3964399339370272,15.318,76.59
2025-08-16 18:00:00+00:00,87.675,0.2068378347506367,9.586,47.92999999999999
2025-08-17 00:00:00+00:00,61.33833333333333,0.3974838525127516,12.906,64.53
2025-08-17 18:00:00+00:00,62.453333333333326,0.2331195933158572,7.783999999999999,38.92
2025-08-18 00:00:00+00:00,43.78,0.3244752648093533,7.402000000000001,37.010000000000005
2025-08-18 18:00:00+00:00,129.68166666666667,0.4253454261691533,29.776,148.88
2025-08-19 00:00:00+00:00,88.53333333333335,0.450325586387115,20.354,101.76999999999998
2025-08-19 18:00:00+00:00,126.89333333333332,0.3086916505263317,22.500000000000004,103.38
2025-08-20 00:00:00+00:00,78.09833333333334,0.5451180989240141,23.090000000000003,115.45000000000002
2025-08-20 18:00:00+00:00,80.60000000000001,0.1241294892091024,5.228,26.090000000000003
2025-08-21 00:00:00+00:00,49.715,0.4766447981393475,11.796,58.98
2025-08-21 18:00:00+00:00,84.01,0.2193140167992451,9.652,48.260000000000005
2025-08-22 00:00:00+00:00,55.25333333333333,0.4668594573500491,13.217999999999998,66.08999999999999
2025-08-22 18:00:00+00:00,68.93333333333334,0.1076677432297251,4.359999999999997,21.099999999999994
2025-08-23 00:00:00+00:00,48.48333333333333,0.3682444299766628,9.788,48.94
2025-08-23 18:00:00+00:00,28.501666666666665,0.3429749473176986,4.927999999999999,24.24
2025-08-24 00:00:00+00:00,36.03,0.2876703686843114,4.956,24.78
2025-08-24 18:00:00+00:00,24.84166666666667,0.2899582002541025,4.074,19.0
2025-08-25 00:00:00+00:00,31.775,0.2456675602730459,4.226,21.13
2025-08-25 18:00:00+00:00,40.31,0.2880174555888378,6.037999999999999,30.19
2025-08-26 00:00:00+00:00,44.755,0.3534955586389949,8.709999999999999,43.55
2025-08-26 18:00:00+00:00,41.86833333333333,0.24111726185532,5.242,26.21
2025-08-27 00:00:00+00:00,34.9,0.4051190086311179,7.439999999999998,37.2
2025-08-27 18:00:00+00:00,38.97166666666666,0.3221095314491788,6.38,31.9
2025-08-28 00:00:00+00:00,33.97,0.3780564046385602,6.888,34.44
2025-08-28 18:00:00+00:00,50.43833333333333,0.1791854812134875,4.798,23.99
2025-08-29 00:00:00+00:00,34.266666666666666,0.3748831215760678,6.463999999999999,32.31999999999999
2025-08-29 18:00:00+00:00,44.45333333333334,0.1086073526763063,2.8420000000000014,13.040000000000006
2025-08-30 00:00:00+00:00,33.26833333333334,0.3222280882421189,5.929999999999999,26.7
2025-08-30 18:00:00+00:00,38.81666666666667,0.2701175041360456,5.3100000000000005,26.47
2025-08-31 00:00:00+00:00,32.06166666666667,0.2919331080856849,4.788,23.94
2025-08-31 18:00:00+00:00,37.071666666666665,0.3487194135414981,6.69,33.45
2025-09-01 00:00:00+00:00,34.833333333333336,0.3085668331717484,5.62,28.1
2025-09-01 18:00:00+00:00,46.66166666666667,0.4196802465233697,10.164,50.82
2025-09-02 00:00:00+00:00,41.625,0.3774917377693931,8.706,43.53
2025-09-02 18:00:00+00:00,56.885,0.2179035016974891,6.787999999999999,31.68
2025-09-03 00:00:00+00:00,37.35666666666666,0.4147652246962217,8.526,42.63
2025-09-03 18:00:00+00:00,31.37833333333333,0.2470528062498211,4.244000000000001,20.700000000000003
2025-09-04 00:00:00+00:00,31.03333333333333,0.3447073993520276,6.048,26.52
2025-09-04 18:00:00+00:00,33.475,0.266388314301971,4.869999999999999,23.08
2025-09-05 00:00:00+00:00,31.35333333333333,0.2924459792041768,5.113999999999999,25.57
2025-09-05 18:00:00+00:00,25.51,0.3300523009145212,4.388000000000001,21.910000000000004
2025-09-06 00:00:00+00:00,32.126666666666665,0.23458208350652,3.956,19.78
2025-09-06 18:00:00+00:00,28.60833333333333,0.3592780088108417,5.458,27.290000000000003
2025-09-07 00:00:00+00:00,32.705,0.2439038665313763,4.685999999999999,21.57
2025-09-07 18:00:00+00:00,35.02333333333333,0.3676220936870113,6.747999999999999,33.739999999999995
2025-09-08 00:00:00+00:00,30.790000000000003,0.3205941263792413,5.408,27.040000000000003
2025-09-08 18:00:00+00:00,40.15166666666666,0.3964192462686467,8.547999999999998,41.24
2025-09-09 00:00:00+00:00,39.65166666666666,0.2996091984816537,6.956,34.78
2025-09-09 18:00:00+00:00,55.73499999999999,0.3854621038087951,10.720000000000002,53.60000000000001
2025-09-10 00:00:00+00:00,43.35166666666667,0.3864695635835922,8.48,42.4
2025-09-10 18:00:00+00:00,68.02166666666666,0.3252221425149216,11.116,55.580000000000005
2025-09-11 00:00:00+00:00,42.98666666666667,0.4168452954175121,9.476,47.38
2025-09-11 18:00:00+00:00,45.43833333333333,0.2410312460521619,5.817999999999998,28.349999999999994
2025-09-12 00:00:00+00:00,31.285,0.3363901696521408,5.779999999999999,28.9
2025-09-12 18:00:00+00:00,58.76500000000001,0.1835546559859487,5.226000000000001,26.130000000000003
2025-09-13 00:00:00+00:00,38.42333333333333,0.2798919271136675,5.33,26.65
2025-09-13 18:00:00+00:00,67.65333333333334,0.3161525568723016,10.364,51.81999999999999
2025-09-14 00:00:00+00:00,42.85333333333333,0.3408649137166267,8.314000000000002,41.57000000000001
2025-09-14 18:00:00+00:00,56.81666666666666,0.2856819500996098,7.516000000000003,36.96000000000001
2025-09-15 00:00:00+00:00,40.751666666666665,0.3045221195601794,6.888,34.44
2025-09-15 18:00:00+00:00,67.305,0.3328006533670196,11.892,56.7
2025-09-16 00:00:00+00:00,43.805,0.3356993554467053,7.587999999999999,37.94
2025-09-16 18:00:00+00:00,116.465,0.3562398879128588,21.622000000000003,108.11
2025-09-17 00:00:00+00:00,73.32333333333334,0.4667889567149678,18.49,92.45
2025-09-17 18:00:00+00:00,83.17833333333334,0.2172742497614606,9.076,44.83
2025-09-18 00:00:00+00:00,48.75,0.3972085953810365,10.464000000000002,52.32000000000001
2025-09-18 18:00:00+00:00,69.66666666666667,0.2765483865364662,9.784000000000002,48.32000000000001
2025-09-19 00:00:00+00:00,49.93166666666667,0.3382999235343176,8.718,43.59
2025-09-19 18:00:00+00:00,62.91833333333333,0.1679389101375045,5.56,25.93
2025-09-20 00:00:00+00:00,48.98166666666666,0.277650203717909,6.912000000000001,32.550000000000004
2025-09-20 18:00:00+00:00,58.11166666666667,0.2369488565791137,6.126,30.629999999999995
2025-09-21 00:00:00+00:00,49.39666666666667,0.2962416315566802,7.415999999999999,37.08
2025-09-21 18:00:00+00:00,59.50833333333333,0.2406896875771705,6.027999999999997,30.11999999999999
2025-09-22 00:00:00+00:00,40.94166666666667,0.3756296586345329,7.266,36.33
2025-09-22 18:00:00+00:00,80.43333333333334,0.2479651069713793,10.66,50.33
2025-09-23 00:00:00+00:00,57.97333333333333,0.373852596333464,12.32,61.6
2025-09-23 18:00:00+00:00,82.48833333333333,0.1923802540764136,7.796000000000001,38.98
2025-09-24 00:00:00+00:00,54.22833333333333,0.3526401004704104,10.112,50.56
2025-09-24 18:00:00+00:00,66.15166666666666,0.223128902758057,6.994,33.68
2025-09-25 00:00:00+00:00,52.223333333333336,0.2936989247177748,8.318000000000001,41.59
2025-09-25 18:00:00+00:00,91.335,0.42816719173849,20.256,101.28
2025-09-26 00:00:00+00:00,59.23166666666666,0.4890398126939828,15.220000000000002,76.1
2025-09-26 18:00:00+00:00,64.94166666666666,0.3047079385156749,10.308,46.72
2025-09-27 00:00:00+00:00,32.42166666666667,0.5197486283254794,9.584,47.92
2025-09-27 18:00:00+00:00,65.67333333333333,0.5615391754252217,17.436,87.18
2025-09-28 00:00:00+00:00,41.61666666666667,0.3511252185043448,7.956000000000001,39.78000000000001
2025-09-28 18:00:00+00:00,68.69333333333333,0.5627760843248881,17.154,85.77
2025-09-29 00:00:00+00:00,42.63333333333333,0.3746666877672501,8.596,42.98
2025-09-29 18:00:00+00:00,137.24166666666667,0.4498397127610776,27.082000000000004,134.79000000000002
2025-09-30 00:00:00+00:00,64.09,0.5469801726502115,18.974,94.87
2025-09-30 18:00:00+00:00,98.80166666666666,0.4193563400332203,22.20199999999999,94.73
2025-10-01 00:00:00+00:00,49.34666666666666,0.5144723083412022,13.28,66.4
2025-10-01 18:00:00+00:00,74.36,0.4053885476306386,14.888,67.15
2025-10-02 00:00:00+00:00,49.39833333333333,0.3957997588457701,10.72,53.6
2025-10-02 18:00:00+00:00,124.65,0.5858968076985712,38.078,165.14
2025-10-03 00:00:00+00:00,65.58333333333333,0.4446516865211571,15.928,79.64
2025-10-03 18:00:00+00:00,82.09833333333334,0.3013680169498327,27.988,64.23
2025-10-04 00:00:00+00:00,36.555,0.3328370810063962,6.703999999999999,33.52
2025-10-04 18:00:00+00:00,61.445,0.3880996263951143,13.437999999999995,56.46
2025-10-05 00:00:00+00:00,41.375,0.287818221440554,6.336,31.680000000000003
2025-10-05 18:00:00+00:00,54.26166666666666,0.4648220965256227,11.626,58.13
2025-10-06 00:00:00+00:00,37.675,0.403042777535782,7.952000000000001,39.760000000000005
2025-10-06 18:00:00+00:00,95.69666666666669,0.3795082019146018,16.390000000000004,81.95000000000002
2025-10-07 00:00:00+00:00,59.178333333333335,0.4302372171393018,13.157999999999998,65.78999999999999
2025-10-07 18:00:00+00:00,72.14333333333333,0.513897419591092,17.644,87.56
2025-10-08 00:00:00+00:00,49.23166666666666,0.4300476011727265,10.798,53.99
2025-10-08 18:00:00+00:00,43.33166666666667,0.412242993870672,8.530000000000001,40.25000000000001
2025-10-09 00:00:00+00:00,24.705,0.4760705375310477,6.348000000000001,31.74
2025-10-09 18:00:00+00:00,37.403333333333336,0.4359944802705635,7.486,35.86
2025-10-10 00:00:00+00:00,29.016666666666666,0.4382118901915,6.62,33.1
2025-10-10 18:00:00+00:00,47.05,0.3716515376916908,8.168,40.84
2025-10-11 00:00:00+00:00,40.095,0.2873967945083371,6.356,31.78
2025-10-11 18:00:00+00:00,25.00666666666667,0.503375856373613,6.662000000000001,28.730000000000004
2025-10-12 00:00:00+00:00,16.396666666666665,0.6387536396158211,5.806,29.03
2025-10-12 18:00:00+00:00,18.133333333333336,1.1584780156378724,9.466,45.91
2025-10-13 00:00:00+00:00,21.046666666666667,0.3235605606522054,3.4200000000000004,17.1
2025-10-13 18:00:00+00:00,57.54166666666666,0.6726026617032107,18.834,94.17
2025-10-14 00:00:00+00:00,42.675,0.2223742563387702,6.319999999999999,27.64
2025-10-14 18:00:00+00:00,56.315,0.2784148005241627,8.415999999999999,34.559999999999995
2025-10-15 00:00:00+00:00,39.01,0.2312727196025849,5.122,25.61
2025-10-15 18:00:00+00:00,60.48833333333334,0.2848364758332377,13.573999999999996,43.61999999999999
2025-10-16 00:00:00+00:00,36.93333333333333,0.2871787150592615,5.91,29.55
2025-10-16 18:00:00+00:00,41.66,0.3140213218247751,9.246,32.370000000000005
2025-10-17 00:00:00+00:00,28.83,0.3026213835654313,5.06,25.3
2025-10-17 18:00:00+00:00,42.54666666666666,0.4713405636490331,9.169999999999998,43.1
2025-10-18 00:00:00+00:00,31.15,0.2503384701228517,4.304,21.52
2025-10-18 18:00:00+00:00,21.536666666666665,0.1921635981032566,2.566,10.79
2025-10-19 00:00:00+00:00,17.16,0.4459920837515826,3.862,19.31
2025-10-19 18:00:00+00:00,32.115,0.8211436118369154,12.057999999999998,60.29
2025-10-20 00:00:00+00:00,24.343333333333334,0.4711042486325542,6.792,33.96
2025-10-20 18:00:00+00:00,28.416666666666668,0.4471158878798141,7.538000000000001,30.19
2025-10-21 00:00:00+00:00,19.066666666666663,0.4722450161453231,4.938000000000001,24.690000000000005
2025-10-21 18:00:00+00:00,37.92,0.3935368656441913,6.852000000000001,34.06
2025-10-22 00:00:00+00:00,33.27,0.3973812110309829,6.974000000000001,34.870000000000005
2025-10-22 18:00:00+00:00,38.70166666666667,0.5696615963467319,10.83,49.73
2025-10-23 00:00:00+00:00,41.891666666666666,0.1450890966983364,3.45,15.130000000000004
2025-10-23 18:00:00+00:00,58.86333333333334,0.6122911698663258,15.598000000000004,77.24000000000001
2025-10-24 00:00:00+00:00,57.54,0.2393784004678769,8.374,37.24
2025-10-24 18:00:00+00:00,43.45166666666668,0.4855597941802321,11.289999999999996,46.99
2025-10-25 00:00:00+00:00,29.133333333333336,0.2168051715317304,3.3600000000000003,16.8
2025-10-25 18:00:00+00:00,29.02833333333333,0.1785551683995415,4.367999999999999,13.869999999999996
2025-10-26 00:00:00+00:00,19.641666666666666,0.3021089972768946,3.012,15.06
2025-10-26 18:00:00+00:00,26.453333333333333,0.7453464464999765,8.416,41.26
2025-10-27 00:00:00+00:00,21.453333333333333,0.3743933448920147,4.901999999999999,21.96
2025-10-27 18:00:00+00:00,30.271666666666665,0.4285342782528691,6.529999999999999,29.48
2025-10-28 00:00:00+00:00,25.71666666666667,0.2121900983782593,3.4440000000000004,14.82
2025-10-28 18:00:00+00:00,39.14833333333333,0.2957047288637191,7.194,27.53
2025-10-29 00:00:00+00:00,25.545,0.2961699448073285,4.459999999999999,22.26
2025-10-29 18:00:00+00:00,51.98,0.4726227044229218,11.144,55.72
2025-10-30 00:00:00+00:00,49.79166666666666,0.290373189325948,7.289999999999999,36.45
2025-10-30 18:00:00+00:00,44.45666666666667,0.4860684696893738,9.103999999999996,44.92
2025-10-31 00:00:00+00:00,32.385,0.2714837923734498,4.992,23.56
2025-10-31 18:00:00+00:00,36.09166666666667,0.3347837264093729,5.572,26.64
2025-11-01 00:00:00+00:00,31.84,0.197332179051389,3.942,15.62
2025-11-01 18:00:00+00:00,54.68166666666667,0.4113535897325135,10.047999999999998,50.24
2025-11-02 00:00:00+00:00,51.0,0.280230173970775,8.036,40.18
2025-11-02 18:00:00+00:00,15.418333333333337,1.046781994697462,7.214,36.07
2025-11-03 00:00:00+00:00,16.81833333333333,0.3197568947645294,3.084,15.42
2025-11-03 18:00:00+00:00,46.88,0.6106142542306288,13.332,63.31999999999999
2025-11-04 00:00:00+00:00,46.75666666666667,0.3840199887935592,9.39,45.64
2025-11-04 18:00:00+00:00,43.065,0.5287944353438843,9.752,48.75999999999999
2025-11-05 00:00:00+00:00,31.215,0.3784255619164145,6.200000000000001,31.000000000000004
2025-11-05 18:00:00+00:00,47.005,0.7236604693971852,15.173999999999998,75.86999999999999
2025-11-06 00:00:00+00:00,55.78333333333333,0.2096263369555375,5.7,26.340000000000003
2025-11-06 18:00:00+00:00,31.71666666666667,0.2813788601033872,5.943999999999999,21.6
2025-11-07 00:00:00+00:00,25.668333333333333,0.1792026067132472,2.9860000000000007,12.250000000000004
2025-11-07 18:00:00+00:00,38.836666666666666,0.3305612753232504,5.927999999999999,27.379999999999995
2025-11-08 00:00:00+00:00,37.10666666666666,0.0939594154898183,3.1700000000000017,8.510000000000005
2025-11-08 18:00:00+00:00,46.52333333333333,0.0991225242618845,2.689999999999999,10.53
2025-11-09 00:00:00+00:00,30.561666666666667,0.2108925882580288,4.380000000000001,17.62
2025-11-09 18:00:00+00:00,35.69,0.3227665990856932,5.758000000000001,28.790000000000003
2025-11-10 00:00:00+00:00,36.07666666666667,0.2188478672201158,4.351999999999999,21.76
2025-11-10 18:00:00+00:00,50.79166666666666,0.3970430947837289,10.904,45.62
2025-11-11 00:00:00+00:00,32.931666666666665,0.2966211531607158,5.064,25.32
2025-11-11 18:00:00+00:00,28.305,0.3808053414608612,5.138,24.880000000000003
2025-11-12 00:00:00+00:00,28.37166666666667,0.1992779010808567,3.792,15.010000000000002
2025-11-12 18:00:00+00:00,48.165,0.4929030681017137,11.165999999999997,51.00999999999999
2025-11-13 00:00:00+00:00,47.62833333333333,0.232238993772653,5.969999999999999,29.849999999999994
2025-11-13 18:00:00+00:00,47.635,0.4825026786491895,16.624000000000002,56.87
2025-11-14 00:00:00+00:00,34.39,0.2503906632332514,4.188,20.94
2025-11-14 18:00:00+00:00,35.03333333333334,0.2770358860789604,7.337999999999999,24.2
2025-11-15 00:00:00+00:00,29.35833333333333,0.1551136860170072,2.9,12.38
2025-11-15 18:00:00+00:00,32.37166666666667,0.4571141318728254,7.459999999999999,32.14
2025-11-16 00:00:00+00:00,28.531666666666663,0.2078228014845678,3.438,17.189999999999998
2025-11-16 18:00:00+00:00,43.35666666666666,0.4795663478988446,11.276,47.66
2025-11-17 00:00:00+00:00,38.64,0.2075573230481252,4.254,21.27
2025-11-17 18:00:00+00:00,35.846666666666664,0.2700813963365566,5.141999999999999,23.02
2025-11-18 00:00:00+00:00,32.72833333333333,0.1319465453404097,2.838,13.189999999999998
2025-11-18 18:00:00+00:00,66.24333333333333,0.3181380597547282,9.518,44.760000000000005
2025-11-19 00:00:00+00:00,62.045,0.1751551543685215,5.582000000000001,27.910000000000004
2025-11-19 18:00:00+00:00,56.0,0.1647567780650234,5.678,21.74
2025-11-20 00:00:00+00:00,41.211666666666666,0.2014518620017397,4.686000000000001,23.430000000000003
2025-11-20 18:00:00+00:00,63.36666666666667,0.2323060516212898,7.748000000000003,33.440000000000005
2025-11-21 00:00:00+00:00,51.165,0.2050770361782736,5.684,28.42
2025-11-21 18:00:00+00:00,55.208333333333336,0.1890318297178901,6.935999999999998,26.19
2025-11-22 00:00:00+00:00,42.47166666666667,0.1967925700659353,4.602000000000001,23.010000000000005
2025-11-22 18:00:00+00:00,31.7,0.3003959677888537,6.087999999999999,23.23
2025-11-23 00:00:00+00:00,30.256666666666664,0.1637623651665747,3.354,13.73
2025-11-23 18:00:00+00:00,30.835,0.3598041894450268,5.538,24.38
2025-11-24 00:00:00+00:00,32.24166666666667,0.1674803613995754,4.045999999999999,14.370000000000005
2025-11-24 18:00:00+00:00,64.03166666666668,0.2257233403678892,6.774000000000001,33.870000000000005
2025-11-25 00:00:00+00:00,51.605,0.1929680026589875,6.038000000000001,30.190000000000005
2025-11-25 18:00:00+00:00,35.544999999999995,0.1379578522829635,2.28,10.38
2025-11-26 00:00:00+00:00,33.443333333333335,0.1433627676571237,4.130000000000001,13.53
2025-11-26 18:00:00+00:00,33.84166666666667,0.1109679316570135,2.318,9.59
2025-11-27 00:00:00+00:00,29.96666666666667,0.1723667092766512,2.4139999999999997,11.989999999999998
2025-11-27 18:00:00+00:00,25.97666666666667,0.2967415234033374,4.909999999999998,18.5
2025-11-28 00:00:00+00:00,31.286666666666665,0.1257284014990702,3.184000000000001,10.450000000000005
2025-11-28 18:00:00+00:00,43.35666666666666,0.2651675214655953,5.906000000000001,26.47
2025-11-29 00:00:00+00:00,38.56166666666667,0.1742503046391089,4.096000000000001,17.85
2025-11-29 18:00:00+00:00,38.505,0.0987361403251442,1.7299999999999998,8.61
2025-11-30 00:00:00+00:00,31.236666666666668,0.238191319855486,3.808,18.54
2025-11-30 18:00:00+00:00,49.00666666666666,0.4308053557504728,11.334,54.17
2025-12-01 00:00:00+00:00,61.29,0.1594915330156757,5.963999999999997,26.800000000000004
2025-12-01 18:00:00+00:00,72.31166666666667,0.2256418145823906,7.960000000000001,39.57
2025-12-02 00:00:00+00:00,67.71166666666666,0.1393172506783046,5.845999999999995,28.27
2025-12-02 18:00:00+00:00,55.94,0.1683335917153268,5.437999999999998,21.529999999999998
2025-12-03 00:00:00+00:00,48.73333333333333,0.1327572589774098,5.769999999999999,16.699999999999996
2025-12-03 18:00:00+00:00,57.465,0.270014478170705,8.929999999999998,35.73
2025-12-04 00:00:00+00:00,66.95333333333333,0.2104048472026259,9.714000000000002,38.440000000000005
2025-12-04 18:00:00+00:00,86.61500000000001,0.1960057804378695,11.02,41.620000000000005
2025-12-05 00:00:00+00:00,89.61166666666666,0.0750384911213281,10.197999999999997,18.679999999999996
2025-12-05 18:00:00+00:00,65.69166666666666,0.1921567708234537,6.419999999999999,27.76
2025-12-06 00:00:00+00:00,47.428333333333335,0.0948928706322123,2.503999999999999,12.519999999999996
2025-12-06 18:00:00+00:00,60.833333333333336,0.2225440094495136,7.541999999999999,30.459999999999997
2025-12-07 00:00:00+00:00,58.193333333333335,0.1577053461505624,5.080000000000003,25.160000000000004
2025-12-07 18:00:00+00:00,71.70666666666666,0.3376562143061365,15.742,58.8
2025-12-08 00:00:00+00:00,72.13666666666667,0.1335043240702411,8.532,25.980000000000004
2025-12-08 18:00:00+00:00,61.205000000000005,0.1510274504937046,9.280000000000005,25.500000000000007
2025-12-09 00:00:00+00:00,50.16,0.107763030356655,3.862000000000002,14.470000000000006
2025-12-09 18:00:00+00:00,52.30833333333334,0.1185366182656266,3.9,14.200000000000005
2025-12-10 00:00:00+00:00,42.22833333333333,0.1465244248932425,4.934,16.43
2025-12-10 18:00:00+00:00,66.68666666666667,0.1758537133520149,8.676000000000002,29.28
2025-12-11 00:00:00+00:00,69.11666666666666,0.1340421523016515,6.535999999999999,24.89999999999999
2025-12-11 18:00:00+00:00,72.645,0.2344941181347714,8.44,38.7
2025-12-12 00:00:00+00:00,67.26666666666667,0.1440903697388093,5.002,25.01
2025-12-12 18:00:00+00:00,52.02666666666667,0.1160535491797231,3.588,14.86
2025-12-13 00:00:00+00:00,47.01,0.190707777367923,5.601999999999999,21.4
2025-12-13 18:00:00+00:00,48.04833333333334,0.2989831392018747,7.914,32.46
2025-12-14 00:00:00+00:00,48.28833333333333,0.200050353860222,4.342000000000001,21.40000000000001
2025-12-14 18:00:00+00:00,53.68166666666667,0.289479184989486,8.340000000000003,34.120000000000005
2025-12-15 00:00:00+00:00,46.18166666666667,0.2357835972888405,6.498,32.49
2025-12-15 18:00:00+00:00,71.81666666666666,0.4719154501924221,16.976000000000003,75.27000000000001
2025-12-16 00:00:00+00:00,70.545,0.2747385799921425,9.246,45.94
2025-12-16 18:00:00+00:00,32.95333333333333,0.2584980467777455,5.0360000000000005,19.56
2025-12-17 00:00:00+00:00,36.61333333333334,0.1071693753504689,1.936,9.68
2025-12-17 18:00:00+00:00,32.395,0.1267100359198139,3.009999999999999,10.329999999999998
2025-12-18 00:00:00+00:00,29.680000000000003,0.267467592100315,4.340000000000001,21.700000000000003
2025-12-18 18:00:00+00:00,41.185,0.1561143990623228,2.936,14.68
2025-12-19 00:00:00+00:00,41.34,0.1138185990671145,3.0620000000000003,11.5
2025-12-19 18:00:00+00:00,45.708333333333336,0.2869922953017629,8.477999999999998,31.489999999999995
2025-12-20 00:00:00+00:00,38.175,0.1794599959199911,4.972,19.9
2025-12-20 18:00:00+00:00,35.385,0.3221728777834573,9.451999999999998,29.809999999999995
2025-12-21 00:00:00+00:00,37.995,0.0858928715693659,3.636,9.29
2025-12-21 18:00:00+00:00,40.43833333333333,0.3667085887468005,7.426,32.61
2025-12-22 00:00:00+00:00,40.89,0.200133203879054,4.066,18.27
2025-12-22 18:00:00+00:00,40.615,0.1218208552486464,3.3339999999999987,11.25
2025-12-23 00:00:00+00:00,32.791666666666664,0.1294577579959371,2.2320000000000007,11.160000000000004
2025-12-23 18:00:00+00:00,40.43833333333333,0.2215163165573071,4.207999999999998,18.9
2025-12-24 00:00:00+00:00,34.895,0.1459350946900581,2.6260000000000003,13.130000000000004
2025-12-24 18:00:00+00:00,31.743333333333336,0.2042835015996703,3.84,16.27
2025-12-25 00:00:00+00:00,30.063333333333333,0.0984892956460291,1.5919999999999994,7.009999999999998
2025-12-25 18:00:00+00:00,26.83666666666667,0.1004378038086454,1.592,6.41
2025-12-26 00:00:00+00:00,26.471666666666664,0.083409872418486,1.118,5.59
2025-12-26 18:00:00+00:00,39.60333333333333,0.1952400797068064,6.409999999999999,20.36
2025-12-27 00:00:00+00:00,31.33333333333333,0.1092809330020149,1.7940000000000005,8.73
2025-12-27 18:00:00+00:00,33.825,0.1982880711190929,4.772,16.86
2025-12-28 00:00:00+00:00,29.251666666666665,0.0585592457017639,1.5459999999999994,4.099999999999998
2025-12-28 18:00:00+00:00,30.113333333333333,0.165221496667857,2.21,10.77
2025-12-29 00:00:00+00:00,28.888333333333332,0.0941333616331909,1.528000000000001,7.34
2025-12-29 18:00:00+00:00,38.07833333333333,0.3486792264198147,6.527999999999999,29.12
2025-12-30 00:00:00+00:00,39.098333333333336,0.1944091071275389,3.69,18.450000000000003
2025-12-30 18:00:00+00:00,31.34166666666667,0.2319683552900243,4.203999999999999,16.81
2025-12-31 00:00:00+00:00,30.191666666666663,0.0975476990780811,2.028,7.419999999999998
2025-12-31 18:00:00+00:00,30.14,0.0051613633663251,0.2199999999999988,0.2199999999999988
