ts_utc,ISO_NE_6H_AVG_DART
2025-01-01 18:00:00+00:00,-0.7922291666666668
2025-01-02 00:00:00+00:00,2.689843750000001
2025-01-02 06:00:00+00:00,-1.8210590277777776
2025-01-02 12:00:00+00:00,5.42546875
2025-01-02 18:00:00+00:00,-17.330642361111114
2025-01-03 00:00:00+00:00,-13.545260416666666
2025-01-03 06:00:00+00:00,-10.353315972222221
2025-01-03 12:00:00+00:00,6.5855625
2025-01-03 18:00:00+00:00,-27.29569444444444
2025-01-04 00:00:00+00:00,-20.89842013888889
2025-01-04 06:00:00+00:00,-23.678993055555555
2025-01-04 12:00:00+00:00,42.27472222222222
2025-01-04 18:00:00+00:00,3.385624999999998
2025-01-05 00:00:00+00:00,-25.20763888888889
2025-01-05 06:00:00+00:00,17.653489583333332
2025-01-05 12:00:00+00:00,36.09319444444444
2025-01-05 18:00:00+00:00,-22.706163194444443
2025-01-06 00:00:00+00:00,-32.966875
2025-01-06 06:00:00+00:00,16.284965277777776
2025-01-06 12:00:00+00:00,-0.6242361111111085
2025-01-06 18:00:00+00:00,33.45619791666667
2025-01-07 00:00:00+00:00,45.068888888888885
2025-01-07 06:00:00+00:00,-34.36131944444444
2025-01-07 12:00:00+00:00,-0.41956597222222286
2025-01-07 18:00:00+00:00,2.7405208333333335
2025-01-08 00:00:00+00:00,-4.425225694444442
2025-01-08 06:00:00+00:00,13.68295138888889
2025-01-08 12:00:00+00:00,83.9146701388889
2025-01-08 18:00:00+00:00,57.18852430555555
2025-01-09 00:00:00+00:00,31.310086805555557
2025-01-09 06:00:00+00:00,34.625798611111115
2025-01-09 12:00:00+00:00,24.985659722222223
2025-01-09 18:00:00+00:00,19.39842013888889
2025-01-10 00:00:00+00:00,2.6656770833333345
2025-01-10 06:00:00+00:00,-11.75671875
2025-01-10 12:00:00+00:00,8.164097222222223
2025-01-10 18:00:00+00:00,-29.129479166666666
2025-01-11 00:00:00+00:00,-27.53277777777778
2025-01-11 06:00:00+00:00,-12.554409722222223
2025-01-11 12:00:00+00:00,-48.034184027777776
2025-01-11 18:00:00+00:00,-34.93111111111111
2025-01-12 00:00:00+00:00,-7.531180555555555
2025-01-12 06:00:00+00:00,-35.21439236111111
2025-01-12 12:00:00+00:00,-59.161614583333325
2025-01-12 18:00:00+00:00,-31.436944444444446
2025-01-13 00:00:00+00:00,-17.134444444444444
2025-01-13 06:00:00+00:00,5.45421875
2025-01-13 12:00:00+00:00,-8.261319444444444
2025-01-13 18:00:00+00:00,-49.24333333333333
2025-01-14 00:00:00+00:00,-6.534513888888888
2025-01-14 06:00:00+00:00,-11.072447916666667
2025-01-14 12:00:00+00:00,17.015364583333334
2025-01-14 18:00:00+00:00,-40.29560763888889
2025-01-15 00:00:00+00:00,-66.8535763888889
2025-01-15 06:00:00+00:00,-80.6621875
2025-01-15 12:00:00+00:00,-30.613611111111112
2025-01-15 18:00:00+00:00,-33.582517361111115
2025-01-16 00:00:00+00:00,-20.913437500000004
2025-01-16 06:00:00+00:00,-24.258645833333333
2025-01-16 12:00:00+00:00,-11.839739583333335
2025-01-16 18:00:00+00:00,-48.52274305555556
2025-01-17 00:00:00+00:00,-89.1198611111111
2025-01-17 06:00:00+00:00,-75.46288194444445
2025-01-17 12:00:00+00:00,-50.627552083333335
2025-01-17 18:00:00+00:00,-71.69081597222223
2025-01-18 00:00:00+00:00,-16.626579861111107
2025-01-18 06:00:00+00:00,40.39675347222222
2025-01-18 12:00:00+00:00,40.83142361111111
2025-01-18 18:00:00+00:00,58.65201388888889
2025-01-19 00:00:00+00:00,23.097604166666667
2025-01-19 06:00:00+00:00,20.324618055555558
2025-01-19 12:00:00+00:00,87.93027777777776
2025-01-19 18:00:00+00:00,27.354340277777776
2025-01-20 00:00:00+00:00,51.50076388888888
2025-01-20 06:00:00+00:00,67.59401041666666
2025-01-20 12:00:00+00:00,-15.768663194444443
2025-01-20 18:00:00+00:00,60.63046875
2025-01-21 00:00:00+00:00,67.84918402777778
2025-01-21 06:00:00+00:00,-9.489461805555557
2025-01-21 12:00:00+00:00,3.6056944444444423
2025-01-21 18:00:00+00:00,72.45335069444444
2025-01-22 00:00:00+00:00,25.410642361111115
2025-01-22 06:00:00+00:00,4.167274305555554
2025-01-22 12:00:00+00:00,-30.03071180555555
2025-01-22 18:00:00+00:00,13.56086805555555
2025-01-23 00:00:00+00:00,41.197291666666665
2025-01-23 06:00:00+00:00,24.723125
2025-01-23 12:00:00+00:00,-0.6131076388888914
2025-01-23 18:00:00+00:00,15.822968750000001
2025-01-24 00:00:00+00:00,0.10482638888888592
2025-01-24 06:00:00+00:00,-55.30083333333334
2025-01-24 12:00:00+00:00,-15.549548611111108
2025-01-24 18:00:00+00:00,-20.248333333333335
2025-01-25 00:00:00+00:00,-6.039861111111111
2025-01-25 06:00:00+00:00,34.487118055555555
2025-01-25 12:00:00+00:00,51.785173611111105
2025-01-25 18:00:00+00:00,19.56996527777778
2025-01-26 00:00:00+00:00,-7.670677083333332
2025-01-26 06:00:00+00:00,-37.647187499999994
2025-01-26 12:00:00+00:00,-19.644565972222225
2025-01-26 18:00:00+00:00,-22.47267361111111
2025-01-27 00:00:00+00:00,-12.39875
2025-01-27 06:00:00+00:00,6.537326388888887
2025-01-27 12:00:00+00:00,22.905416666666667
2025-01-27 18:00:00+00:00,19.842469065656562
2025-01-28 00:00:00+00:00,16.24144097222222
2025-01-28 06:00:00+00:00,-4.466527777777778
2025-01-28 12:00:00+00:00,28.47723958333333
2025-01-28 18:00:00+00:00,30.390711805555558
2025-01-29 00:00:00+00:00,-6.701718750000002
2025-01-29 06:00:00+00:00,-93.28585069444443
2025-01-29 12:00:00+00:00,-22.413402777777776
2025-01-29 18:00:00+00:00,4.527690972222226
2025-01-30 00:00:00+00:00,-4.63074652777778
2025-01-30 06:00:00+00:00,-14.804583333333333
2025-01-30 12:00:00+00:00,35.99204861111111
2025-01-30 18:00:00+00:00,18.047413194444445
2025-01-31 00:00:00+00:00,13.048298611111113
2025-01-31 06:00:00+00:00,9.495052083333334
2025-01-31 12:00:00+00:00,-5.045173611111108
2025-01-31 18:00:00+00:00,-1.3291493055555534
2025-02-01 00:00:00+00:00,-25.52263888888889
2025-02-01 06:00:00+00:00,-10.285694444444447
2025-02-01 12:00:00+00:00,-46.21151041666667
2025-02-01 18:00:00+00:00,0.671527777777777
2025-02-02 00:00:00+00:00,-10.335555555555556
2025-02-02 06:00:00+00:00,-19.946770833333336
2025-02-02 12:00:00+00:00,13.608940972222221
2025-02-02 18:00:00+00:00,-70.71173611111111
2025-02-03 00:00:00+00:00,-44.90133680555556
2025-02-03 06:00:00+00:00,-22.899826388888886
2025-02-03 12:00:00+00:00,-92.5575
2025-02-03 18:00:00+00:00,4.357343749999999
2025-02-04 00:00:00+00:00,6.252395833333335
2025-02-04 06:00:00+00:00,24.03128472222222
2025-02-04 12:00:00+00:00,26.875190972222224
2025-02-04 18:00:00+00:00,2.4731423611111096
2025-02-05 00:00:00+00:00,-15.712534722222223
2025-02-05 06:00:00+00:00,3.942916666666667
2025-02-05 12:00:00+00:00,89.18078125
2025-02-05 18:00:00+00:00,46.81072916666667
2025-02-06 00:00:00+00:00,26.533888888888892
2025-02-06 06:00:00+00:00,26.208802083333335
2025-02-06 12:00:00+00:00,-32.26161458333333
2025-02-06 18:00:00+00:00,-27.840260416666666
2025-02-07 00:00:00+00:00,-30.469131944444445
2025-02-07 06:00:00+00:00,-61.759913194444444
2025-02-07 12:00:00+00:00,-56.28960069444445
2025-02-07 18:00:00+00:00,32.45050347222223
2025-02-08 00:00:00+00:00,-3.2024652777777782
2025-02-08 06:00:00+00:00,28.817847222222223
2025-02-08 12:00:00+00:00,61.95819444444445
2025-02-08 18:00:00+00:00,65.3815798611111
2025-02-09 00:00:00+00:00,40.15793402777778
2025-02-09 06:00:00+00:00,31.086753472222224
2025-02-09 12:00:00+00:00,-29.11208333333334
2025-02-09 18:00:00+00:00,-73.34328125
2025-02-10 00:00:00+00:00,11.656163194444446
2025-02-10 06:00:00+00:00,19.553697916666668
2025-02-10 12:00:00+00:00,-84.20229166666667
2025-02-10 18:00:00+00:00,-36.27692708333334
2025-02-11 00:00:00+00:00,30.576614583333328
2025-02-11 06:00:00+00:00,12.249652777777781
2025-02-11 12:00:00+00:00,-22.049253472222222
2025-02-11 18:00:00+00:00,14.939883432539682
2025-02-12 00:00:00+00:00,-7.158767361111113
2025-02-12 06:00:00+00:00,-27.801718750000003
2025-02-12 12:00:00+00:00,12.680017361111112
2025-02-12 18:00:00+00:00,13.672934027777776
2025-02-13 00:00:00+00:00,9.137986111111118
2025-02-13 06:00:00+00:00,11.312777777777777
2025-02-13 12:00:00+00:00,15.170034722222221
2025-02-13 18:00:00+00:00,-29.363263888888895
2025-02-14 00:00:00+00:00,-88.70159722222222
2025-02-14 06:00:00+00:00,-4.246354166666667
2025-02-14 12:00:00+00:00,5.637135416666666
2025-02-14 18:00:00+00:00,14.680208333333333
2025-02-15 00:00:00+00:00,21.436336805555555
2025-02-15 06:00:00+00:00,27.47300347222222
2025-02-15 12:00:00+00:00,45.49840277777778
2025-02-15 18:00:00+00:00,42.38741319444444
2025-02-16 00:00:00+00:00,35.41694444444445
2025-02-16 06:00:00+00:00,-39.64546875
2025-02-16 12:00:00+00:00,-35.509670138888886
2025-02-16 18:00:00+00:00,-25.444305555555555
2025-02-17 00:00:00+00:00,-31.256788194444443
2025-02-17 06:00:00+00:00,-0.37772569444444376
2025-02-17 12:00:00+00:00,12.951875000000006
2025-02-17 18:00:00+00:00,18.284010416666664
2025-02-18 00:00:00+00:00,18.695989583333333
2025-02-18 06:00:00+00:00,11.616927083333335
2025-02-18 12:00:00+00:00,64.89097222222222
2025-02-18 18:00:00+00:00,45.858583333333335
2025-02-19 00:00:00+00:00,31.05098958333333
2025-02-19 06:00:00+00:00,21.525729166666668
2025-02-19 12:00:00+00:00,21.975243055555552
2025-02-19 18:00:00+00:00,33.93131944444445
2025-02-20 00:00:00+00:00,23.03979166666667
2025-02-20 06:00:00+00:00,10.736701388888891
2025-02-20 12:00:00+00:00,61.005642361111114
2025-02-20 18:00:00+00:00,41.57996527777778
2025-02-21 00:00:00+00:00,21.517152777777778
2025-02-21 06:00:00+00:00,-0.21663194444444045
2025-02-21 12:00:00+00:00,17.12375
2025-02-21 18:00:00+00:00,16.217586805555555
2025-02-22 00:00:00+00:00,0.5022569444444436
2025-02-22 06:00:00+00:00,-35.29692708333334
2025-02-22 12:00:00+00:00,16.360920138888886
2025-02-22 18:00:00+00:00,12.127899305555557
2025-02-23 00:00:00+00:00,-11.98878472222222
2025-02-23 06:00:00+00:00,15.934322916666666
2025-02-23 12:00:00+00:00,21.03328125
2025-02-23 18:00:00+00:00,16.413020833333334
2025-02-24 00:00:00+00:00,8.799131944444445
2025-02-24 06:00:00+00:00,18.476996527777775
2025-02-24 12:00:00+00:00,17.753663194444446
2025-02-24 18:00:00+00:00,48.98821180555556
2025-02-25 00:00:00+00:00,33.14244791666667
2025-02-25 06:00:00+00:00,-15.206736111111113
2025-02-25 12:00:00+00:00,-0.8241493055555557
2025-02-25 18:00:00+00:00,4.128836805555557
2025-02-26 00:00:00+00:00,-6.466944444444446
2025-02-26 06:00:00+00:00,-5.484878472222223
2025-02-26 12:00:00+00:00,3.081059027777778
2025-02-26 18:00:00+00:00,3.0714756944444432
2025-02-27 00:00:00+00:00,-2.288854166666667
2025-02-27 06:00:00+00:00,10.926440972222222
2025-02-27 12:00:00+00:00,15.684201388888889
2025-02-27 18:00:00+00:00,8.581679166666666
2025-02-28 00:00:00+00:00,-11.555503472222222
2025-02-28 06:00:00+00:00,-8.915208333333334
2025-02-28 12:00:00+00:00,18.51581597222222
2025-02-28 18:00:00+00:00,4.483003472222222
2025-03-01 00:00:00+00:00,-0.894878472222223
2025-03-01 06:00:00+00:00,-0.321128472222221
2025-03-01 12:00:00+00:00,-12.424774305555557
2025-03-01 18:00:00+00:00,12.540798611111109
2025-03-02 00:00:00+00:00,12.852916666666667
2025-03-02 06:00:00+00:00,25.23953125
2025-03-02 12:00:00+00:00,91.2690625
2025-03-02 18:00:00+00:00,54.67690972222223
2025-03-03 00:00:00+00:00,20.59265625
2025-03-03 06:00:00+00:00,25.183958333333333
2025-03-03 12:00:00+00:00,69.98640625
2025-03-03 18:00:00+00:00,59.208385416666665
2025-03-04 00:00:00+00:00,25.794600694444444
2025-03-04 06:00:00+00:00,16.895503472222224
2025-03-04 12:00:00+00:00,0.7416319444444438
2025-03-04 18:00:00+00:00,-7.567083333333333
2025-03-05 00:00:00+00:00,-24.433732638888888
2025-03-05 06:00:00+00:00,-18.355694444444442
2025-03-05 12:00:00+00:00,0.9822395833333327
2025-03-05 18:00:00+00:00,-8.544045138888889
2025-03-06 00:00:00+00:00,-22.648767361111112
2025-03-06 06:00:00+00:00,-38.317326388888894
2025-03-06 12:00:00+00:00,-12.685121527777776
2025-03-06 18:00:00+00:00,-30.250833333333333
2025-03-07 00:00:00+00:00,-34.85185763888889
2025-03-07 06:00:00+00:00,-4.410225694444445
2025-03-07 12:00:00+00:00,-6.286458333333333
2025-03-07 18:00:00+00:00,-15.698211805555557
2025-03-08 00:00:00+00:00,-1.5744791666666675
2025-03-08 06:00:00+00:00,-5.663663194444443
2025-03-08 12:00:00+00:00,3.6018923611111107
2025-03-08 18:00:00+00:00,0.06505208333333339
2025-03-09 00:00:00+00:00,-1.6719618055555554
2025-03-09 06:00:00+00:00,-14.36314236111111
2025-03-09 12:00:00+00:00,4.494843749999999
2025-03-09 18:00:00+00:00,8.29921875
2025-03-10 00:00:00+00:00,-0.14190972222222342
2025-03-10 06:00:00+00:00,9.839374999999999
2025-03-10 12:00:00+00:00,6.961944444444444
2025-03-10 18:00:00+00:00,3.167430555555556
2025-03-11 00:00:00+00:00,4.317048611111112
2025-03-11 06:00:00+00:00,-8.567499999999999
2025-03-11 12:00:00+00:00,9.92425347222222
2025-03-11 18:00:00+00:00,3.2373090277777767
2025-03-12 00:00:00+00:00,0.6339062500000004
2025-03-12 06:00:00+00:00,11.717135416666666
2025-03-12 12:00:00+00:00,7.644809027777778
2025-03-12 18:00:00+00:00,12.363750000000001
2025-03-13 00:00:00+00:00,1.4171354166666668
2025-03-13 06:00:00+00:00,2.1888541666666668
2025-03-13 12:00:00+00:00,19.228506944444444
2025-03-13 18:00:00+00:00,9.79673611111111
2025-03-14 00:00:00+00:00,-1.517152777777777
2025-03-14 06:00:00+00:00,3.434097222222224
2025-03-14 12:00:00+00:00,2.8855555555555568
2025-03-14 18:00:00+00:00,7.070468750000001
2025-03-15 00:00:00+00:00,2.804184027777778
2025-03-15 06:00:00+00:00,2.862604166666667
2025-03-15 12:00:00+00:00,18.902447916666663
2025-03-15 18:00:00+00:00,0.3065104166666675
2025-03-16 00:00:00+00:00,-1.1760937499999995
2025-03-16 06:00:00+00:00,-0.0761805555555554
2025-03-16 12:00:00+00:00,-0.5523090277777783
2025-03-16 18:00:00+00:00,6.694149305555556
2025-03-17 00:00:00+00:00,-1.730625
2025-03-17 06:00:00+00:00,-0.14317708333333382
2025-03-17 12:00:00+00:00,-13.599131944444444
2025-03-17 18:00:00+00:00,-3.2403819444444437
2025-03-18 00:00:00+00:00,-2.314513888888889
2025-03-18 06:00:00+00:00,-13.587395833333332
2025-03-18 12:00:00+00:00,-9.640364583333334
2025-03-18 18:00:00+00:00,-10.423420138888888
2025-03-19 00:00:00+00:00,-15.115954861111112
2025-03-19 06:00:00+00:00,-24.29472222222222
2025-03-19 12:00:00+00:00,-6.109340277777778
2025-03-19 18:00:00+00:00,4.4014236111111105
2025-03-20 00:00:00+00:00,1.7484895833333338
2025-03-20 06:00:00+00:00,8.425034722222222
2025-03-20 12:00:00+00:00,17.65880208333333
2025-03-20 18:00:00+00:00,10.545609217171718
2025-03-21 00:00:00+00:00,7.2994965277777775
2025-03-21 06:00:00+00:00,0.6221180555555558
2025-03-21 12:00:00+00:00,3.7460243055555544
2025-03-21 18:00:00+00:00,14.230260416666667
2025-03-22 00:00:00+00:00,1.295277777777778
2025-03-22 06:00:00+00:00,-3.878385416666666
2025-03-22 12:00:00+00:00,4.368715277777777
2025-03-22 18:00:00+00:00,2.872517361111111
2025-03-23 00:00:00+00:00,-2.5550868055555553
2025-03-23 06:00:00+00:00,6.102881944444445
2025-03-23 12:00:00+00:00,-2.192465277777778
2025-03-23 18:00:00+00:00,-1.5965624999999999
2025-03-24 00:00:00+00:00,-4.891163194444445
2025-03-24 06:00:00+00:00,4.203489583333333
2025-03-24 12:00:00+00:00,-5.261927083333334
2025-03-24 18:00:00+00:00,-6.360312500000002
2025-03-25 00:00:00+00:00,-5.673125
2025-03-25 06:00:00+00:00,-19.92782986111111
2025-03-25 12:00:00+00:00,-9.12158143939394
2025-03-25 18:00:00+00:00,-1.148732638888888
2025-03-26 00:00:00+00:00,0.027118055555554726
2025-03-26 06:00:00+00:00,2.5371180555555557
2025-03-26 12:00:00+00:00,2.7394097222222222
2025-03-26 18:00:00+00:00,3.71967013888889
2025-03-27 00:00:00+00:00,4.454791666666666
2025-03-27 06:00:00+00:00,2.1917013888888888
2025-03-27 12:00:00+00:00,-1.6201388888888892
2025-03-27 18:00:00+00:00,6.1613541666666665
2025-03-28 00:00:00+00:00,3.915954861111112
2025-03-28 06:00:00+00:00,-8.02875
2025-03-28 12:00:00+00:00,-5.929340277777778
2025-03-28 18:00:00+00:00,-4.783038194444444
2025-03-29 00:00:00+00:00,2.116059027777778
2025-03-29 06:00:00+00:00,0.33527777777777845
2025-03-29 12:00:00+00:00,-14.744565972222224
2025-03-29 18:00:00+00:00,-11.235225694444443
2025-03-30 00:00:00+00:00,-12.833506944444446
2025-03-30 06:00:00+00:00,-1.3385590277777777
2025-03-30 12:00:00+00:00,-5.9053645833333315
2025-03-30 18:00:00+00:00,19.799618055555555
2025-03-31 00:00:00+00:00,1.562083333333333
2025-03-31 06:00:00+00:00,-6.400503472222223
2025-03-31 12:00:00+00:00,-5.666059027777777
2025-03-31 18:00:00+00:00,-2.2222916666666674
2025-04-01 00:00:00+00:00,-4.533246527777778
2025-04-01 06:00:00+00:00,-10.236336805555554
2025-04-01 12:00:00+00:00,-6.093177083333334
2025-04-01 18:00:00+00:00,1.486805555555555
2025-04-02 00:00:00+00:00,-1.9432638888888898
2025-04-02 06:00:00+00:00,-6.022725694444444
2025-04-02 12:00:00+00:00,3.030329861111111
2025-04-02 18:00:00+00:00,2.559508101851852
2025-04-03 00:00:00+00:00,0.6756249999999994
2025-04-03 06:00:00+00:00,1.1407812499999996
2025-04-03 12:00:00+00:00,1.572274305555555
2025-04-03 18:00:00+00:00,-8.867638888888889
2025-04-04 00:00:00+00:00,-6.116041666666667
2025-04-04 06:00:00+00:00,-5.903576388888889
2025-04-04 12:00:00+00:00,-2.458958333333333
2025-04-04 18:00:00+00:00,-9.054114583333332
2025-04-05 00:00:00+00:00,-7.35829861111111
2025-04-05 06:00:00+00:00,-1.8898611111111112
2025-04-05 12:00:00+00:00,6.667118055555555
2025-04-05 18:00:00+00:00,-0.7899131944444443
2025-04-06 00:00:00+00:00,-3.605677083333333
2025-04-06 06:00:00+00:00,3.788298611111111
2025-04-06 12:00:00+00:00,6.442777777777778
2025-04-06 18:00:00+00:00,-12.173923611111112
2025-04-07 00:00:00+00:00,-8.470590277777779
2025-04-07 06:00:00+00:00,-5.988368055555554
2025-04-07 12:00:00+00:00,-1.6366319444444442
2025-04-07 18:00:00+00:00,-6.635746527777779
2025-04-08 00:00:00+00:00,7.38501736111111
2025-04-08 06:00:00+00:00,11.667291666666666
2025-04-08 12:00:00+00:00,-4.7171006944444445
2025-04-08 18:00:00+00:00,6.43671875
2025-04-09 00:00:00+00:00,-5.240694444444446
2025-04-09 06:00:00+00:00,-17.2828125
2025-04-09 12:00:00+00:00,14.462065972222222
2025-04-09 18:00:00+00:00,22.220069444444448
2025-04-10 00:00:00+00:00,7.358385416666667
2025-04-10 06:00:00+00:00,12.503854166666665
2025-04-10 12:00:00+00:00,4.69484375
2025-04-10 18:00:00+00:00,12.050186237373739
2025-04-11 00:00:00+00:00,12.049444444444445
2025-04-11 06:00:00+00:00,0.15387152777777816
2025-04-11 12:00:00+00:00,-9.400486111111112
2025-04-11 18:00:00+00:00,-12.337118055555555
2025-04-12 00:00:00+00:00,4.370555555555556
2025-04-12 06:00:00+00:00,-1.3107812499999998
2025-04-12 12:00:00+00:00,8.489340277777778
2025-04-12 18:00:00+00:00,13.177048611111111
2025-04-13 00:00:00+00:00,9.069583333333334
2025-04-13 06:00:00+00:00,8.159270833333334
2025-04-13 12:00:00+00:00,5.379652777777777
2025-04-13 18:00:00+00:00,10.888975694444445
2025-04-14 00:00:00+00:00,0.062239583333333126
2025-04-14 06:00:00+00:00,-3.1811111111111114
2025-04-14 12:00:00+00:00,20.39878472222222
2025-04-14 18:00:00+00:00,13.8053125
2025-04-15 00:00:00+00:00,4.733125
2025-04-15 06:00:00+00:00,5.749045138888889
2025-04-15 12:00:00+00:00,3.6791145833333325
2025-04-15 18:00:00+00:00,-0.45934027777777864
2025-04-16 00:00:00+00:00,-3.3277083333333333
2025-04-16 06:00:00+00:00,3.0428819444444444
2025-04-16 12:00:00+00:00,-2.87107638888889
2025-04-16 18:00:00+00:00,1.620104166666667
2025-04-17 00:00:00+00:00,-1.8368592171717173
2025-04-17 06:00:00+00:00,-1.969236111111111
2025-04-17 12:00:00+00:00,-1.2921701388888889
2025-04-17 18:00:00+00:00,5.081631944444445
2025-04-18 00:00:00+00:00,6.062690972222222
2025-04-18 06:00:00+00:00,2.331961805555555
2025-04-18 12:00:00+00:00,10.235277777777776
2025-04-18 18:00:00+00:00,0.12802083333333325
2025-04-19 00:00:00+00:00,6.031319444444445
2025-04-19 06:00:00+00:00,4.185572916666667
2025-04-19 12:00:00+00:00,-6.134670138888889
2025-04-19 18:00:00+00:00,7.477934027777778
2025-04-20 00:00:00+00:00,-2.464010416666667
2025-04-20 06:00:00+00:00,-1.2007812500000001
2025-04-20 12:00:00+00:00,27.219010416666663
2025-04-20 18:00:00+00:00,12.483246527777778
2025-04-21 00:00:00+00:00,4.350520833333333
2025-04-21 06:00:00+00:00,4.923697916666668
2025-04-21 12:00:00+00:00,-6.074999999999999
2025-04-21 18:00:00+00:00,-1.2774479166666672
2025-04-22 00:00:00+00:00,10.508819444444445
2025-04-22 06:00:00+00:00,10.474496527777779
2025-04-22 12:00:00+00:00,11.795034722222221
2025-04-22 18:00:00+00:00,3.95453125
2025-04-23 00:00:00+00:00,-10.109131944444444
2025-04-23 06:00:00+00:00,2.0394270833333334
2025-04-23 12:00:00+00:00,2.1768229166666666
2025-04-23 18:00:00+00:00,-2.1642187500000003
2025-04-24 00:00:00+00:00,-10.571475694444445
2025-04-24 06:00:00+00:00,0.8612500000000002
2025-04-24 12:00:00+00:00,-2.043541666666666
2025-04-24 18:00:00+00:00,-1.3750347222222217
2025-04-25 00:00:00+00:00,-6.95375
2025-04-25 06:00:00+00:00,-4.187552083333333
2025-04-25 12:00:00+00:00,-10.946267361111111
2025-04-25 18:00:00+00:00,-3.446840277777777
2025-04-26 00:00:00+00:00,-7.1053298611111115
2025-04-26 06:00:00+00:00,1.5537847222222219
2025-04-26 12:00:00+00:00,2.6644965277777777
2025-04-26 18:00:00+00:00,15.751006944444446
2025-04-27 00:00:00+00:00,7.547777777777778
2025-04-27 06:00:00+00:00,4.361145833333333
2025-04-27 12:00:00+00:00,26.09215277777778
2025-04-27 18:00:00+00:00,9.263836805555556
2025-04-28 00:00:00+00:00,8.490138888888888
2025-04-28 06:00:00+00:00,-9.906197916666667
2025-04-28 12:00:00+00:00,-0.6974131944444443
2025-04-28 18:00:00+00:00,2.3407812499999996
2025-04-29 00:00:00+00:00,-0.6373784722222218
2025-04-29 06:00:00+00:00,-3.3235590277777782
2025-04-29 12:00:00+00:00,22.4340625
2025-04-29 18:00:00+00:00,12.704045138888889
2025-04-30 00:00:00+00:00,2.1102604166666663
2025-04-30 06:00:00+00:00,8.709652777777777
2025-04-30 12:00:00+00:00,1.6239583333333336
2025-04-30 18:00:00+00:00,1.779184027777778
2025-05-01 00:00:00+00:00,1.0806597222222225
2025-05-01 06:00:00+00:00,-1.8170975378787884
2025-05-01 12:00:00+00:00,-1.9928472222222222
2025-05-01 18:00:00+00:00,5.8200868055555555
2025-05-02 00:00:00+00:00,-1.4200520833333332
2025-05-02 06:00:00+00:00,0.19621527777777814
2025-05-02 12:00:00+00:00,9.765503472222223
2025-05-02 18:00:00+00:00,2.1702256944444454
2025-05-03 00:00:00+00:00,5.780086805555555
2025-05-03 06:00:00+00:00,-0.385
2025-05-03 12:00:00+00:00,1.8560590277777775
2025-05-03 18:00:00+00:00,-3.6435069444444452
2025-05-04 00:00:00+00:00,-7.648055555555556
2025-05-04 06:00:00+00:00,-8.926215277777777
2025-05-04 12:00:00+00:00,-11.536875
2025-05-04 18:00:00+00:00,-23.665329861111108
2025-05-05 00:00:00+00:00,1.2346006944444452
2025-05-05 06:00:00+00:00,5.706666666666668
2025-05-05 12:00:00+00:00,7.799739583333334
2025-05-05 18:00:00+00:00,0.9486805555555552
2025-05-06 00:00:00+00:00,7.243107638888888
2025-05-06 06:00:00+00:00,10.124583333333334
2025-05-06 12:00:00+00:00,6.692847222222222
2025-05-06 18:00:00+00:00,11.25890625
2025-05-07 00:00:00+00:00,3.8972222222222217
2025-05-07 06:00:00+00:00,5.274149305555556
2025-05-07 12:00:00+00:00,6.178802083333333
2025-05-07 18:00:00+00:00,-2.5077604166666667
2025-05-08 00:00:00+00:00,-0.5777777777777778
2025-05-08 06:00:00+00:00,-3.4274652777777774
2025-05-08 12:00:00+00:00,-7.455173611111111
2025-05-08 18:00:00+00:00,-17.125989583333332
2025-05-09 00:00:00+00:00,-10.637534722222224
2025-05-09 06:00:00+00:00,-7.221944444444445
2025-05-09 12:00:00+00:00,0.22970486111111268
2025-05-09 18:00:00+00:00,2.820694444444443
2025-05-10 00:00:00+00:00,3.058993055555556
2025-05-10 06:00:00+00:00,2.019756944444444
2025-05-10 12:00:00+00:00,14.75579861111111
2025-05-10 18:00:00+00:00,10.88345486111111
2025-05-11 00:00:00+00:00,4.595694444444445
2025-05-11 06:00:00+00:00,2.8668923611111103
2025-05-11 12:00:00+00:00,31.952743055555555
2025-05-11 18:00:00+00:00,21.241458333333334
2025-05-12 00:00:00+00:00,0.26144097222222235
2025-05-12 06:00:00+00:00,4.785190972222222
2025-05-12 12:00:00+00:00,1.6615104166666665
2025-05-12 18:00:00+00:00,4.3907638888888885
2025-05-13 00:00:00+00:00,6.143402777777779
2025-05-13 06:00:00+00:00,6.078142361111111
2025-05-13 12:00:00+00:00,2.510972222222222
2025-05-13 18:00:00+00:00,13.24657986111111
2025-05-14 00:00:00+00:00,10.627361111111112
2025-05-14 06:00:00+00:00,6.894253472222222
2025-05-14 12:00:00+00:00,12.863680555555556
2025-05-14 18:00:00+00:00,13.30487847222222
2025-05-15 00:00:00+00:00,4.916944444444445
2025-05-15 06:00:00+00:00,4.612864583333333
2025-05-15 12:00:00+00:00,-1.935642361111111
2025-05-15 18:00:00+00:00,-0.4397048611111103
2025-05-16 00:00:00+00:00,-4.921336805555556
2025-05-16 06:00:00+00:00,-1.3618229166666664
2025-05-16 12:00:00+00:00,2.6249305555555558
2025-05-16 18:00:00+00:00,15.063090277777777
2025-05-17 00:00:00+00:00,3.666319444444445
2025-05-17 06:00:00+00:00,1.805416666666666
2025-05-17 12:00:00+00:00,5.264739583333333
2025-05-17 18:00:00+00:00,13.823784722222221
2025-05-18 00:00:00+00:00,10.503003472222224
2025-05-18 06:00:00+00:00,1.7664236111111107
2025-05-18 12:00:00+00:00,1.4689930555555557
2025-05-18 18:00:00+00:00,1.2405729166666664
2025-05-19 00:00:00+00:00,0.273680555555556
2025-05-19 06:00:00+00:00,2.339704861111111
2025-05-19 12:00:00+00:00,12.643611111111111
2025-05-19 18:00:00+00:00,0.9744270833333338
2025-05-20 00:00:00+00:00,3.221215277777778
2025-05-20 06:00:00+00:00,-2.9143229166666664
2025-05-20 12:00:00+00:00,-0.7492708333333331
2025-05-20 18:00:00+00:00,-15.327100694444447
2025-05-21 00:00:00+00:00,-5.944809027777777
2025-05-21 06:00:00+00:00,-3.2715451388888894
2025-05-21 12:00:00+00:00,-31.82128472222222
2025-05-21 18:00:00+00:00,-23.400225694444444
2025-05-22 00:00:00+00:00,-6.213020833333334
2025-05-22 06:00:00+00:00,4.364895833333333
2025-05-22 12:00:00+00:00,7.551875
2025-05-22 18:00:00+00:00,3.766423611111111
2025-05-23 00:00:00+00:00,4.168107638888889
2025-05-23 06:00:00+00:00,8.284166666666666
2025-05-23 12:00:00+00:00,5.369131944444445
2025-05-23 18:00:00+00:00,7.692621527777778
2025-05-24 00:00:00+00:00,5.376475694444445
2025-05-24 06:00:00+00:00,0.7526562500000001
2025-05-24 12:00:00+00:00,6.439809027777778
2025-05-24 18:00:00+00:00,15.944565972222222
2025-05-25 00:00:00+00:00,-7.577239583333334
2025-05-25 06:00:00+00:00,0.08543402777777809
2025-05-25 12:00:00+00:00,-11.873402777777779
2025-05-25 18:00:00+00:00,0.8734895833333335
2025-05-26 00:00:00+00:00,7.333211805555556
2025-05-26 06:00:00+00:00,3.1177604166666666
2025-05-26 12:00:00+00:00,9.251059027777778
2025-05-26 18:00:00+00:00,4.028784722222222
2025-05-27 00:00:00+00:00,0.4460416666666664
2025-05-27 06:00:00+00:00,4.867847222222221
2025-05-27 12:00:00+00:00,0.37397569444444473
2025-05-27 18:00:00+00:00,5.227604166666666
2025-05-28 00:00:00+00:00,1.340989583333333
2025-05-28 06:00:00+00:00,9.331128472222224
2025-05-28 12:00:00+00:00,3.634618055555556
2025-05-28 18:00:00+00:00,5.849097222222222
2025-05-29 00:00:00+00:00,5.644809027777779
2025-05-29 06:00:00+00:00,4.287899305555555
2025-05-29 12:00:00+00:00,9.454618055555557
2025-05-29 18:00:00+00:00,7.807083333333332
2025-05-30 00:00:00+00:00,3.8888541666666665
2025-05-30 06:00:00+00:00,-0.23309027777777777
2025-05-30 12:00:00+00:00,-7.754944760101011
2025-05-30 18:00:00+00:00,1.648020833333333
2025-05-31 00:00:00+00:00,4.962013888888889
2025-05-31 06:00:00+00:00,4.052222222222222
2025-05-31 12:00:00+00:00,6.2015277777777795
2025-05-31 18:00:00+00:00,2.5134895833333335
2025-06-01 00:00:00+00:00,6.458159722222223
2025-06-01 06:00:00+00:00,21.68348958333333
2025-06-01 12:00:00+00:00,20.057447916666668
2025-06-01 18:00:00+00:00,19.513680555555556
2025-06-02 00:00:00+00:00,10.832760416666666
2025-06-02 06:00:00+00:00,6.012395833333333
2025-06-02 12:00:00+00:00,15.663020833333334
2025-06-02 18:00:00+00:00,10.89092013888889
2025-06-03 00:00:00+00:00,3.6464236111111106
2025-06-03 06:00:00+00:00,-1.9689756944444448
2025-06-03 12:00:00+00:00,8.654322916666667
2025-06-03 18:00:00+00:00,10.086527777777777
2025-06-04 00:00:00+00:00,3.5691840277777778
2025-06-04 06:00:00+00:00,8.27154513888889
2025-06-04 12:00:00+00:00,4.397604166666667
2025-06-04 18:00:00+00:00,22.464270833333334
2025-06-05 00:00:00+00:00,7.680885416666668
2025-06-05 06:00:00+00:00,4.907395833333333
2025-06-05 12:00:00+00:00,-0.33467013888888913
2025-06-05 18:00:00+00:00,18.43638888888889
2025-06-06 00:00:00+00:00,-53.388645833333335
2025-06-06 06:00:00+00:00,-45.82713541666667
2025-06-06 12:00:00+00:00,-10.301545138888887
2025-06-06 18:00:00+00:00,-31.835989583333333
2025-06-07 00:00:00+00:00,-9.707621527777778
2025-06-07 06:00:00+00:00,-11.1228125
2025-06-07 12:00:00+00:00,-12.369670138888887
2025-06-07 18:00:00+00:00,-6.802291666666668
2025-06-08 00:00:00+00:00,1.2052777777777772
2025-06-08 06:00:00+00:00,0.6409895833333331
2025-06-08 12:00:00+00:00,-0.14850694444444423
2025-06-08 18:00:00+00:00,1.7501909722222229
2025-06-09 00:00:00+00:00,-3.64484375
2025-06-09 06:00:00+00:00,-3.3470833333333325
2025-06-09 12:00:00+00:00,-5.632968749999999
2025-06-09 18:00:00+00:00,-5.443628472222223
2025-06-10 00:00:00+00:00,4.915225694444444
2025-06-10 06:00:00+00:00,5.650763888888889
2025-06-10 12:00:00+00:00,11.95423611111111
2025-06-10 18:00:00+00:00,5.694427083333334
2025-06-11 00:00:00+00:00,2.447847222222222
2025-06-11 06:00:00+00:00,1.6187500000000001
2025-06-11 12:00:00+00:00,3.6505555555555556
2025-06-11 18:00:00+00:00,9.922152777777777
2025-06-12 00:00:00+00:00,0.5373090277777782
2025-06-12 06:00:00+00:00,4.016666666666667
2025-06-12 12:00:00+00:00,5.803333333333334
2025-06-12 18:00:00+00:00,3.149305555555555
2025-06-13 00:00:00+00:00,0.17118055555555536
2025-06-13 06:00:00+00:00,1.696788194444444
2025-06-13 12:00:00+00:00,-6.910538194444446
2025-06-13 18:00:00+00:00,0.4385763888888882
2025-06-14 00:00:00+00:00,-2.811753472222222
2025-06-14 06:00:00+00:00,2.3605034722222222
2025-06-14 12:00:00+00:00,0.5903125000000002
2025-06-14 18:00:00+00:00,2.038680555555555
2025-06-15 00:00:00+00:00,-3.308368055555556
2025-06-15 06:00:00+00:00,0.5611979166666665
2025-06-15 12:00:00+00:00,2.5222048611111108
2025-06-15 18:00:00+00:00,3.4405208333333337
2025-06-16 00:00:00+00:00,0.6681250000000007
2025-06-16 06:00:00+00:00,0.20269097222222232
2025-06-16 12:00:00+00:00,3.7515972222222227
2025-06-16 18:00:00+00:00,-9.146857638888891
2025-06-17 00:00:00+00:00,-4.850920138888889
2025-06-17 06:00:00+00:00,-2.593038194444445
2025-06-17 12:00:00+00:00,-1.5538368055555551
2025-06-17 18:00:00+00:00,-20.837100694444445
2025-06-18 00:00:00+00:00,-7.944010416666665
2025-06-18 06:00:00+00:00,-0.9136805555555559
2025-06-18 12:00:00+00:00,-12.93388888888889
2025-06-18 18:00:00+00:00,7.7096875
2025-06-19 00:00:00+00:00,2.6855555555555566
2025-06-19 06:00:00+00:00,-0.016180555555555347
2025-06-19 12:00:00+00:00,11.602899305555558
2025-06-19 18:00:00+00:00,20.256770833333334
2025-06-20 00:00:00+00:00,6.695243055555555
2025-06-20 06:00:00+00:00,-3.252430555555556
2025-06-20 12:00:00+00:00,2.769774305555556
2025-06-20 18:00:00+00:00,8.248055555555556
2025-06-21 00:00:00+00:00,7.079322916666668
2025-06-21 06:00:00+00:00,4.465277777777778
2025-06-21 12:00:00+00:00,12.636423611111113
2025-06-21 18:00:00+00:00,4.295572916666666
2025-06-22 00:00:00+00:00,9.191180555555555
2025-06-22 06:00:00+00:00,5.009038825757575
2025-06-22 12:00:00+00:00,32.988697916666666
2025-06-22 18:00:00+00:00,20.106302083333333
2025-06-23 00:00:00+00:00,-1.7396006944444433
2025-06-23 06:00:00+00:00,7.3457638888888885
2025-06-23 12:00:00+00:00,7.613489583333333
2025-06-23 18:00:00+00:00,-22.328750000000003
2025-06-24 00:00:00+00:00,-0.44262152777777547
2025-06-24 06:00:00+00:00,-17.124774305555555
2025-06-24 12:00:00+00:00,26.82727430555556
2025-06-24 18:00:00+00:00,-188.30897569444446
2025-06-25 00:00:00+00:00,-94.84848958333333
2025-06-25 06:00:00+00:00,-4.350833333333335
2025-06-25 12:00:00+00:00,-25.055364583333333
2025-06-25 18:00:00+00:00,-87.22053819444444
2025-06-26 00:00:00+00:00,-50.88616319444444
2025-06-26 06:00:00+00:00,-24.218559027777776
2025-06-26 12:00:00+00:00,-8.641141098484846
2025-06-26 18:00:00+00:00,-5.4245312499999985
2025-06-27 00:00:00+00:00,1.201684027777777
2025-06-27 06:00:00+00:00,4.409253472222222
2025-06-27 12:00:00+00:00,7.345190972222222
2025-06-27 18:00:00+00:00,-2.905625
2025-06-28 00:00:00+00:00,-5.320555555555555
2025-06-28 06:00:00+00:00,-6.107309027777777
2025-06-28 12:00:00+00:00,-5.92189236111111
2025-06-28 18:00:00+00:00,-13.179618055555556
2025-06-29 00:00:00+00:00,-12.971770833333332
2025-06-29 06:00:00+00:00,-2.052065972222222
2025-06-29 12:00:00+00:00,-12.812365845959595
2025-06-29 18:00:00+00:00,-7.663576388888888
2025-06-30 00:00:00+00:00,-10.478611111111112
2025-06-30 06:00:00+00:00,-7.613194444444445
2025-06-30 12:00:00+00:00,-2.2805902777777773
2025-06-30 18:00:00+00:00,21.272309027777776
2025-07-01 00:00:00+00:00,2.8953472222222216
2025-07-01 06:00:00+00:00,-1.5611458333333328
2025-07-01 12:00:00+00:00,-4.2828993055555555
2025-07-01 18:00:00+00:00,-102.37079861111111
2025-07-02 00:00:00+00:00,-10.716579861111112
2025-07-02 06:00:00+00:00,1.2159375000000001
2025-07-02 12:00:00+00:00,10.52644097222222
2025-07-02 18:00:00+00:00,16.39991319444444
2025-07-03 00:00:00+00:00,2.3353645833333334
2025-07-03 06:00:00+00:00,-4.076302083333333
2025-07-03 12:00:00+00:00,-3.570972222222222
2025-07-03 18:00:00+00:00,6.580364583333331
2025-07-04 00:00:00+00:00,16.412065972222223
2025-07-04 06:00:00+00:00,5.0619965277777785
2025-07-04 12:00:00+00:00,6.156197916666666
2025-07-04 18:00:00+00:00,15.841944444444444
2025-07-05 00:00:00+00:00,9.168732638888889
2025-07-05 06:00:00+00:00,9.327534722222223
2025-07-05 12:00:00+00:00,9.331753472222223
2025-07-05 18:00:00+00:00,12.172465277777777
2025-07-06 00:00:00+00:00,-2.8856423611111115
2025-07-06 06:00:00+00:00,-0.9027604166666664
2025-07-06 12:00:00+00:00,4.0771701388888895
2025-07-06 18:00:00+00:00,46.89626736111111
2025-07-07 00:00:00+00:00,30.92482638888889
2025-07-07 06:00:00+00:00,6.718090277777777
2025-07-07 12:00:00+00:00,-0.7076215277777761
2025-07-07 18:00:00+00:00,161.5406423611111
2025-07-08 00:00:00+00:00,29.748628472222222
2025-07-08 06:00:00+00:00,-5.946336805555554
2025-07-08 12:00:00+00:00,-12.335208333333332
2025-07-08 18:00:00+00:00,59.53939236111112
2025-07-09 00:00:00+00:00,21.76845486111111
2025-07-09 06:00:00+00:00,-0.5317881944444446
2025-07-09 12:00:00+00:00,-12.932100694444443
2025-07-09 18:00:00+00:00,-5.416631944444446
2025-07-10 00:00:00+00:00,-14.504739583333333
2025-07-10 06:00:00+00:00,-5.113489583333334
2025-07-10 12:00:00+00:00,1.136996527777778
2025-07-10 18:00:00+00:00,-12.954479166666667
2025-07-11 00:00:00+00:00,-5.30546875
2025-07-11 06:00:00+00:00,2.3312500000000003
2025-07-11 12:00:00+00:00,-1.1098437500000002
2025-07-11 18:00:00+00:00,1.839131944444443
2025-07-12 00:00:00+00:00,-9.296128472222223
2025-07-12 06:00:00+00:00,-4.028732638888888
2025-07-12 12:00:00+00:00,-6.878177083333334
2025-07-12 18:00:00+00:00,2.1923437499999996
2025-07-13 00:00:00+00:00,-6.1897222222222235
2025-07-13 06:00:00+00:00,3.3746354166666666
2025-07-13 12:00:00+00:00,4.317743055555555
2025-07-13 18:00:00+00:00,-1.947881944444444
2025-07-14 00:00:00+00:00,-13.112534722222222
2025-07-14 06:00:00+00:00,-8.848472222222222
2025-07-14 12:00:00+00:00,-29.480555555555554
2025-07-14 18:00:00+00:00,-18.521163194444444
2025-07-15 00:00:00+00:00,3.7857118055555556
2025-07-15 06:00:00+00:00,1.935190972222223
2025-07-15 12:00:00+00:00,26.838472222222222
2025-07-15 18:00:00+00:00,55.897708333333334
2025-07-16 00:00:00+00:00,-3.825034722222222
2025-07-16 06:00:00+00:00,-0.7776736111111108
2025-07-16 12:00:00+00:00,14.842743055555557
2025-07-16 18:00:00+00:00,164.84272569444445
2025-07-17 00:00:00+00:00,15.232222222222221
2025-07-17 06:00:00+00:00,10.175208333333332
2025-07-17 12:00:00+00:00,32.84553977272727
2025-07-17 18:00:00+00:00,104.84440972222222
2025-07-18 00:00:00+00:00,-3.4372222222222213
2025-07-18 06:00:00+00:00,-12.669878472222223
2025-07-18 12:00:00+00:00,7.446631944444444
2025-07-18 18:00:00+00:00,-1.1154861111111114
2025-07-19 00:00:00+00:00,-1.3534895833333334
2025-07-19 06:00:00+00:00,3.037777777777779
2025-07-19 12:00:00+00:00,1.5663541666666667
2025-07-19 18:00:00+00:00,2.329166666666667
2025-07-20 00:00:00+00:00,3.1478645833333343
2025-07-20 06:00:00+00:00,-4.680017361111111
2025-07-20 12:00:00+00:00,-4.5655729166666665
2025-07-20 18:00:00+00:00,-10.752899305555554
2025-07-21 00:00:00+00:00,-2.141701388888889
2025-07-21 06:00:00+00:00,9.60951388888889
2025-07-21 12:00:00+00:00,-16.012204861111112
2025-07-21 18:00:00+00:00,-15.214461805555556
2025-07-22 00:00:00+00:00,-2.697881944444445
2025-07-22 06:00:00+00:00,3.1250173611111123
2025-07-22 12:00:00+00:00,1.4055208333333329
2025-07-22 18:00:00+00:00,-1.863697916666667
2025-07-23 00:00:00+00:00,5.418611111111111
2025-07-23 06:00:00+00:00,3.6726562499999993
2025-07-23 12:00:00+00:00,6.327378472222222
2025-07-23 18:00:00+00:00,24.947552083333335
2025-07-24 00:00:00+00:00,6.523819444444444
2025-07-24 06:00:00+00:00,2.8478819444444436
2025-07-24 12:00:00+00:00,13.623767361111112
2025-07-24 18:00:00+00:00,91.37368055555555
2025-07-25 00:00:00+00:00,24.058680555555558
2025-07-25 06:00:00+00:00,11.454739583333334
2025-07-25 12:00:00+00:00,19.0046875
2025-07-25 18:00:00+00:00,132.08866319444442
2025-07-26 00:00:00+00:00,43.76984375
2025-07-26 06:00:00+00:00,7.504131944444445
2025-07-26 12:00:00+00:00,10.361788194444445
2025-07-26 18:00:00+00:00,21.796510416666667
2025-07-27 00:00:00+00:00,11.829895833333333
2025-07-27 06:00:00+00:00,2.6967534722222215
2025-07-27 12:00:00+00:00,7.0075868055555555
2025-07-27 18:00:00+00:00,-3.307534722222222
2025-07-28 00:00:00+00:00,-11.735555555555555
2025-07-28 06:00:00+00:00,-13.064045138888892
2025-07-28 12:00:00+00:00,3.7604166666666656
2025-07-28 18:00:00+00:00,18.15892361111111
2025-07-29 00:00:00+00:00,15.02234375
2025-07-29 06:00:00+00:00,2.4759375
2025-07-29 12:00:00+00:00,13.104618055555557
2025-07-29 18:00:00+00:00,88.2196875
2025-07-30 00:00:00+00:00,-36.61769097222223
2025-07-30 06:00:00+00:00,-7.130468749999999
2025-07-30 12:00:00+00:00,19.48232638888889
2025-07-30 18:00:00+00:00,98.66366319444445
2025-07-31 00:00:00+00:00,17.089913194444446
2025-07-31 06:00:00+00:00,-0.9245312499999999
2025-07-31 12:00:00+00:00,-11.182343750000001
2025-07-31 18:00:00+00:00,13.648107638888888
2025-08-01 00:00:00+00:00,12.469895833333334
2025-08-01 06:00:00+00:00,7.130937499999999
2025-08-01 12:00:00+00:00,9.404965277777778
2025-08-01 18:00:00+00:00,6.922847222222221
2025-08-02 00:00:00+00:00,-10.442899305555555
2025-08-02 06:00:00+00:00,-0.8080034722222225
2025-08-02 12:00:00+00:00,1.9180208333333335
2025-08-02 18:00:00+00:00,2.741267361111112
2025-08-03 00:00:00+00:00,5.139927398989899
2025-08-03 06:00:00+00:00,2.8717534722222227
2025-08-03 12:00:00+00:00,4.62609375
2025-08-03 18:00:00+00:00,-14.747934027777776
2025-08-04 00:00:00+00:00,-4.672586805555556
2025-08-04 06:00:00+00:00,0.17739583333333378
2025-08-04 12:00:00+00:00,9.136215277777778
2025-08-04 18:00:00+00:00,0.9435937499999983
2025-08-05 00:00:00+00:00,0.6614756944444439
2025-08-05 06:00:00+00:00,6.51998263888889
2025-08-05 12:00:00+00:00,9.96215277777778
2025-08-05 18:00:00+00:00,14.265677083333332
2025-08-06 00:00:00+00:00,-4.019826388888889
2025-08-06 06:00:00+00:00,-4.901319444444444
2025-08-06 12:00:00+00:00,6.563472222222223
2025-08-06 18:00:00+00:00,3.404618055555556
2025-08-07 00:00:00+00:00,-7.6382812499999995
2025-08-07 06:00:00+00:00,2.9261979166666663
2025-08-07 12:00:00+00:00,10.013958333333335
2025-08-07 18:00:00+00:00,-18.12265625
2025-08-08 00:00:00+00:00,-5.747170138888889
2025-08-08 06:00:00+00:00,-0.5479166666666662
2025-08-08 12:00:00+00:00,0.8271527777777775
2025-08-08 18:00:00+00:00,2.2313541666666654
2025-08-09 00:00:00+00:00,0.6505208333333337
2025-08-09 06:00:00+00:00,-1.2285763888888885
2025-08-09 12:00:00+00:00,-2.8623263888888886
2025-08-09 18:00:00+00:00,-10.412326388888888
2025-08-10 00:00:00+00:00,-7.433020833333334
2025-08-10 06:00:00+00:00,-2.679479166666667
2025-08-10 12:00:00+00:00,0.8990972222222221
2025-08-10 18:00:00+00:00,-50.23406249999999
2025-08-11 00:00:00+00:00,-16.307881944444443
2025-08-11 06:00:00+00:00,-4.724704861111111
2025-08-11 12:00:00+00:00,-7.615520833333332
2025-08-11 18:00:00+00:00,118.71444444444444
2025-08-12 00:00:00+00:00,47.219982638888894
2025-08-12 06:00:00+00:00,5.482864583333334
2025-08-12 12:00:00+00:00,18.09182291666667
2025-08-12 18:00:00+00:00,113.00642361111112
2025-08-13 00:00:00+00:00,31.211336805555558
2025-08-13 06:00:00+00:00,1.257569444444444
2025-08-13 12:00:00+00:00,36.643819444444446
2025-08-13 18:00:00+00:00,95.97755208333332
2025-08-14 00:00:00+00:00,16.326857638888892
2025-08-14 06:00:00+00:00,-5.196440972222222
2025-08-14 12:00:00+00:00,15.052604166666667
2025-08-14 18:00:00+00:00,-12.580104166666667
2025-08-15 00:00:00+00:00,-19.911597222222223
2025-08-15 06:00:00+00:00,-1.198524305555555
2025-08-15 12:00:00+00:00,-4.814739583333332
2025-08-15 18:00:00+00:00,-3.804652777777779
2025-08-16 00:00:00+00:00,-11.705798611111112
2025-08-16 06:00:00+00:00,3.9031249999999997
2025-08-16 12:00:00+00:00,-1.2163888888888899
2025-08-16 18:00:00+00:00,-9.458038194444445
2025-08-17 00:00:00+00:00,-14.911875
2025-08-17 06:00:00+00:00,-6.048784722222223
2025-08-17 12:00:00+00:00,2.8419270833333337
2025-08-17 18:00:00+00:00,19.002065972222223
2025-08-18 00:00:00+00:00,10.311111111111112
2025-08-18 06:00:00+00:00,4.728142361111112
2025-08-18 12:00:00+00:00,11.523871527777779
2025-08-18 18:00:00+00:00,16.457847222222224
2025-08-19 00:00:00+00:00,4.672638888888888
2025-08-19 06:00:00+00:00,1.520399305555556
2025-08-19 12:00:00+00:00,-0.43793402777777773
2025-08-19 18:00:00+00:00,5.468923611111111
2025-08-20 00:00:00+00:00,-1.3248958333333332
2025-08-20 06:00:00+00:00,0.2052256944444446
2025-08-20 12:00:00+00:00,7.5168750000000015
2025-08-20 18:00:00+00:00,23.795729166666664
2025-08-21 00:00:00+00:00,12.659114583333334
2025-08-21 06:00:00+00:00,6.194201388888889
2025-08-21 12:00:00+00:00,3.322118055555555
2025-08-21 18:00:00+00:00,15.618420138888888
2025-08-22 00:00:00+00:00,9.58009311868687
2025-08-22 06:00:00+00:00,3.3398958333333337
2025-08-22 12:00:00+00:00,1.2280034722222222
2025-08-22 18:00:00+00:00,10.824930555555554
2025-08-23 00:00:00+00:00,3.9614409722222224
2025-08-23 06:00:00+00:00,0.40003472222222203
2025-08-23 12:00:00+00:00,2.038385416666667
2025-08-23 18:00:00+00:00,8.555138888888889
2025-08-24 00:00:00+00:00,3.3524999999999996
2025-08-24 06:00:00+00:00,-0.0640972222222224
2025-08-24 12:00:00+00:00,3.3542881944444445
2025-08-24 18:00:00+00:00,4.64734375
2025-08-25 00:00:00+00:00,1.4454861111111104
2025-08-25 06:00:00+00:00,3.1534374999999994
2025-08-25 12:00:00+00:00,5.5001388888888885
2025-08-25 18:00:00+00:00,10.35545138888889
2025-08-26 00:00:00+00:00,1.0713715277777773
2025-08-26 06:00:00+00:00,-3.7277256944444446
2025-08-26 12:00:00+00:00,-2.3225868055555554
2025-08-26 18:00:00+00:00,2.4029861111111113
2025-08-27 00:00:00+00:00,-0.35095486111111085
2025-08-27 06:00:00+00:00,-2.056284722222223
2025-08-27 12:00:00+00:00,1.7799131944444444
2025-08-27 18:00:00+00:00,5.330277777777778
2025-08-28 00:00:00+00:00,1.8992187500000002
2025-08-28 06:00:00+00:00,2.267586805555556
2025-08-28 12:00:00+00:00,4.137465277777777
2025-08-28 18:00:00+00:00,10.211845833333333
2025-08-29 00:00:00+00:00,-0.713784722222222
2025-08-29 06:00:00+00:00,-4.7274826388888895
2025-08-29 12:00:00+00:00,0.7729687500000001
2025-08-29 18:00:00+00:00,-5.19390625
2025-08-30 00:00:00+00:00,-6.704461805555556
2025-08-30 06:00:00+00:00,-2.052934027777778
2025-08-30 12:00:00+00:00,-0.5096354166666671
2025-08-30 18:00:00+00:00,-1.5050520833333334
2025-08-31 00:00:00+00:00,-0.5629861111111109
2025-08-31 06:00:00+00:00,-1.869236111111111
2025-08-31 12:00:00+00:00,-3.6729687500000003
2025-08-31 18:00:00+00:00,-0.0972395833333329
2025-09-01 00:00:00+00:00,-0.6963020833333332
2025-09-01 06:00:00+00:00,0.45833333333333365
2025-09-01 12:00:00+00:00,-5.5222395833333335
2025-09-01 18:00:00+00:00,-3.063732638888889
2025-09-02 00:00:00+00:00,-4.286788194444445
2025-09-02 06:00:00+00:00,-3.217847222222222
2025-09-02 12:00:00+00:00,-3.7334374999999995
2025-09-02 18:00:00+00:00,1.0735243055555557
2025-09-03 00:00:00+00:00,0.6420470328282829
2025-09-03 06:00:00+00:00,2.2632986111111113
2025-09-03 12:00:00+00:00,2.0385416666666667
2025-09-03 18:00:00+00:00,0.06765624999999946
2025-09-04 00:00:00+00:00,-4.756458333333334
2025-09-04 06:00:00+00:00,-2.1556076388888887
2025-09-04 12:00:00+00:00,-0.48784722222222227
2025-09-04 18:00:00+00:00,-16.9303125
2025-09-05 00:00:00+00:00,-4.8103645833333335
2025-09-05 06:00:00+00:00,-2.8520138888888886
2025-09-05 12:00:00+00:00,8.144652777777777
2025-09-05 18:00:00+00:00,16.116371527777776
2025-09-06 00:00:00+00:00,-9.615451388888888
2025-09-06 06:00:00+00:00,-11.358229166666666
2025-09-06 12:00:00+00:00,-32.00163194444445
2025-09-06 18:00:00+00:00,-1.4492534722222228
2025-09-07 00:00:00+00:00,8.09935763888889
2025-09-07 06:00:00+00:00,8.196423611111111
2025-09-07 12:00:00+00:00,-5.464583333333334
2025-09-07 18:00:00+00:00,-11.820260416666668
2025-09-08 00:00:00+00:00,-4.950885416666668
2025-09-08 06:00:00+00:00,1.4646527777777782
2025-09-08 12:00:00+00:00,-0.020538194444444564
2025-09-08 18:00:00+00:00,4.755833333333333
2025-09-09 00:00:00+00:00,5.410347222222222
2025-09-09 06:00:00+00:00,4.314531250000001
2025-09-09 12:00:00+00:00,2.595590277777778
2025-09-09 18:00:00+00:00,10.865017361111112
2025-09-10 00:00:00+00:00,2.939184027777778
2025-09-10 06:00:00+00:00,6.952829861111112
2025-09-10 12:00:00+00:00,26.538055555555555
2025-09-10 18:00:00+00:00,2.4774826388888886
2025-09-11 00:00:00+00:00,3.0103125000000013
2025-09-11 06:00:00+00:00,2.1839409722222225
2025-09-11 12:00:00+00:00,0.5809375000000002
2025-09-11 18:00:00+00:00,2.4940972222222233
2025-09-12 00:00:00+00:00,-6.228836805555556
2025-09-12 06:00:00+00:00,-6.020434027777778
2025-09-12 12:00:00+00:00,-3.3100347222222215
2025-09-12 18:00:00+00:00,-4.168559027777777
2025-09-13 00:00:00+00:00,-10.99248263888889
2025-09-13 06:00:00+00:00,-2.286944444444444
2025-09-13 12:00:00+00:00,-0.8146527777777779
2025-09-13 18:00:00+00:00,-8.55515625
2025-09-14 00:00:00+00:00,1.205920138888888
2025-09-14 06:00:00+00:00,0.4659027777777777
2025-09-14 12:00:00+00:00,3.6090972222222226
2025-09-14 18:00:00+00:00,-2.642690972222222
2025-09-15 00:00:00+00:00,4.518871527777777
2025-09-15 06:00:00+00:00,-1.3629592803030306
2025-09-15 12:00:00+00:00,4.870434027777779
2025-09-15 18:00:00+00:00,9.882934027777777
2025-09-16 00:00:00+00:00,5.11251736111111
2025-09-16 06:00:00+00:00,-5.209236111111111
2025-09-16 12:00:00+00:00,4.119427083333333
2025-09-16 18:00:00+00:00,4.039809027777778
2025-09-17 00:00:00+00:00,-1.6687500000000008
2025-09-17 06:00:00+00:00,4.423732638888889
2025-09-17 12:00:00+00:00,5.495225694444444
2025-09-17 18:00:00+00:00,4.481614583333333
2025-09-18 00:00:00+00:00,-1.6586284722222218
2025-09-18 06:00:00+00:00,5.165121527777778
2025-09-18 12:00:00+00:00,8.226614583333332
2025-09-18 18:00:00+00:00,-6.385295138888889
2025-09-19 00:00:00+00:00,0.19902777777777758
2025-09-19 06:00:00+00:00,-6.379531249999999
2025-09-19 12:00:00+00:00,-2.7056597222222223
2025-09-19 18:00:00+00:00,-34.60876736111111
2025-09-20 00:00:00+00:00,-8.735190972222222
2025-09-20 06:00:00+00:00,-5.40376736111111
2025-09-20 12:00:00+00:00,-4.6960243055555555
2025-09-20 18:00:00+00:00,-9.254427083333333
2025-09-21 00:00:00+00:00,0.7117534722222221
2025-09-21 06:00:00+00:00,-1.8473437499999996
2025-09-21 12:00:00+00:00,5.7175
2025-09-21 18:00:00+00:00,-3.620850694444444
2025-09-22 00:00:00+00:00,1.382534722222222
2025-09-22 06:00:00+00:00,3.3797048611111116
2025-09-22 12:00:00+00:00,2.8147048611111107
2025-09-22 18:00:00+00:00,7.0274826388888885
2025-09-23 00:00:00+00:00,1.1533680555555548
2025-09-23 06:00:00+00:00,7.388194444444444
2025-09-23 12:00:00+00:00,8.439149305555556
2025-09-23 18:00:00+00:00,9.7259375
2025-09-24 00:00:00+00:00,4.744756944444444
2025-09-24 06:00:00+00:00,-6.005555555555556
2025-09-24 12:00:00+00:00,-12.049618055555555
2025-09-24 18:00:00+00:00,2.557256944444445
2025-09-25 00:00:00+00:00,5.362135416666667
2025-09-25 06:00:00+00:00,2.6691145833333336
2025-09-25 12:00:00+00:00,5.936701388888888
2025-09-25 18:00:00+00:00,8.075833333333334
2025-09-26 00:00:00+00:00,-0.10291666666666736
2025-09-26 06:00:00+00:00,8.191059027777778
2025-09-26 12:00:00+00:00,6.457152777777779
2025-09-26 18:00:00+00:00,17.5646875
2025-09-27 00:00:00+00:00,4.765954861111111
2025-09-27 06:00:00+00:00,3.411805555555555
2025-09-27 12:00:00+00:00,3.445902777777777
2025-09-27 18:00:00+00:00,10.280833333333334
2025-09-28 00:00:00+00:00,3.5908854166666675
2025-09-28 06:00:00+00:00,-4.101874999999999
2025-09-28 12:00:00+00:00,-3.868541666666667
2025-09-28 18:00:00+00:00,-4.541666666666667
2025-09-29 00:00:00+00:00,-3.264166666666666
2025-09-29 06:00:00+00:00,6.353767361111111
2025-09-29 12:00:00+00:00,-0.20519097222222196
2025-09-29 18:00:00+00:00,6.487977904040402
2025-09-30 00:00:00+00:00,2.0367187500000004
2025-09-30 06:00:00+00:00,-0.8234027777777785
2025-09-30 12:00:00+00:00,2.5207812500000006
2025-09-30 18:00:00+00:00,0.6889409722222227
2025-10-01 00:00:00+00:00,-2.387309027777778
2025-10-01 06:00:00+00:00,-0.9433506944444453
2025-10-01 12:00:00+00:00,0.8352083333333328
2025-10-01 18:00:00+00:00,-0.3310416666666664
2025-10-02 00:00:00+00:00,-0.4677951388888891
2025-10-02 06:00:00+00:00,3.1521701388888896
2025-10-02 12:00:00+00:00,0.9694097222222214
2025-10-02 18:00:00+00:00,-7.608315972222222
2025-10-03 00:00:00+00:00,-1.961840277777778
2025-10-03 06:00:00+00:00,-8.046527777777778
2025-10-03 12:00:00+00:00,-0.125920138888889
2025-10-03 18:00:00+00:00,-1.5477256944444449
2025-10-04 00:00:00+00:00,-1.4194270833333338
2025-10-04 06:00:00+00:00,1.3119097222222218
2025-10-04 12:00:00+00:00,0.4569965277777775
2025-10-04 18:00:00+00:00,-2.406041666666666
2025-10-05 00:00:00+00:00,11.514722222222224
2025-10-05 06:00:00+00:00,1.4447743055555549
2025-10-05 12:00:00+00:00,4.373263888888889
2025-10-05 18:00:00+00:00,-4.965138888888887
2025-10-06 00:00:00+00:00,-1.4368923611111108
2025-10-06 06:00:00+00:00,0.7551562500000001
2025-10-06 12:00:00+00:00,1.0805034722222222
2025-10-06 18:00:00+00:00,-19.41730902777778
2025-10-07 00:00:00+00:00,-5.096527777777778
2025-10-07 06:00:00+00:00,-26.22713541666667
2025-10-07 12:00:00+00:00,-8.760902777777778
2025-10-07 18:00:00+00:00,5.049375000000004
2025-10-08 00:00:00+00:00,-0.668767361111111
2025-10-08 06:00:00+00:00,2.3737673611111116
2025-10-08 12:00:00+00:00,11.947552083333333
2025-10-08 18:00:00+00:00,5.051128472222222
2025-10-09 00:00:00+00:00,1.5826041666666668
2025-10-09 06:00:00+00:00,4.2292708333333335
2025-10-09 12:00:00+00:00,3.5606597222222227
2025-10-09 18:00:00+00:00,4.0033159722222225
2025-10-10 00:00:00+00:00,-3.388506944444444
2025-10-10 06:00:00+00:00,4.58170138888889
2025-10-10 12:00:00+00:00,0.6418229166666664
2025-10-10 18:00:00+00:00,1.6194965277777778
2025-10-11 00:00:00+00:00,0.3983680555555553
2025-10-11 06:00:00+00:00,0.7770138888888886
2025-10-11 12:00:00+00:00,3.1771006944444444
2025-10-11 18:00:00+00:00,7.489392361111111
2025-10-12 00:00:00+00:00,-0.034791666666667366
2025-10-12 06:00:00+00:00,-2.4649131944444442
2025-10-12 12:00:00+00:00,1.330121527777778
2025-10-12 18:00:00+00:00,-4.388038194444445
2025-10-13 00:00:00+00:00,-4.577812499999999
2025-10-13 06:00:00+00:00,-2.4529166666666664
2025-10-13 12:00:00+00:00,-7.353506944444445
2025-10-13 18:00:00+00:00,-8.089010416666666
2025-10-14 00:00:00+00:00,3.645121527777777
2025-10-14 06:00:00+00:00,-4.9791493055555565
2025-10-14 12:00:00+00:00,6.553350694444444
2025-10-14 18:00:00+00:00,-4.183177083333333
2025-10-15 00:00:00+00:00,0.9549999999999997
2025-10-15 06:00:00+00:00,1.2605381944444443
2025-10-15 12:00:00+00:00,-9.337760416666667
2025-10-15 18:00:00+00:00,-6.202586805555556
2025-10-16 00:00:00+00:00,-12.257256944444444
2025-10-16 06:00:00+00:00,-1.482326388888889
2025-10-16 12:00:00+00:00,-4.902378472222222
2025-10-16 18:00:00+00:00,3.2614409722222217
2025-10-17 00:00:00+00:00,-12.130156249999999
2025-10-17 06:00:00+00:00,-6.749322916666667
2025-10-17 12:00:00+00:00,-2.759791666666667
2025-10-17 18:00:00+00:00,-3.8264236111111107
2025-10-18 00:00:00+00:00,-2.8814062499999995
2025-10-18 06:00:00+00:00,1.2948958333333327
2025-10-18 12:00:00+00:00,-1.439965277777777
2025-10-18 18:00:00+00:00,3.4243576388888894
2025-10-19 00:00:00+00:00,2.0468229166666667
2025-10-19 06:00:00+00:00,2.5404513888888887
2025-10-19 12:00:00+00:00,0.6723263888888887
2025-10-19 18:00:00+00:00,4.371510416666666
2025-10-20 00:00:00+00:00,5.265590277777777
2025-10-20 06:00:00+00:00,-1.2414756944444443
2025-10-20 12:00:00+00:00,3.6096701388888874
2025-10-20 18:00:00+00:00,5.793177083333333
2025-10-21 00:00:00+00:00,4.775104166666666
2025-10-21 06:00:00+00:00,0.6663715277777769
2025-10-21 12:00:00+00:00,2.0732465277777785
2025-10-21 18:00:00+00:00,8.331128472222224
2025-10-22 00:00:00+00:00,6.95126736111111
2025-10-22 06:00:00+00:00,7.4878125
2025-10-22 12:00:00+00:00,8.218159722222223
2025-10-22 18:00:00+00:00,7.485017361111112
2025-10-23 00:00:00+00:00,4.008993055555556
2025-10-23 06:00:00+00:00,-4.864878472222222
2025-10-23 12:00:00+00:00,-4.576440972222222
2025-10-23 18:00:00+00:00,-12.00269097222222
2025-10-24 00:00:00+00:00,-10.654652777777779
2025-10-24 06:00:00+00:00,-24.783663194444443
2025-10-24 12:00:00+00:00,-14.57861111111111
2025-10-24 18:00:00+00:00,-12.345677083333333
2025-10-25 00:00:00+00:00,-8.888802083333333
2025-10-25 06:00:00+00:00,0.28180555555555625
2025-10-25 12:00:00+00:00,2.342708333333333
2025-10-25 18:00:00+00:00,-0.1609201388888898
2025-10-26 00:00:00+00:00,1.1752604166666665
2025-10-26 06:00:00+00:00,7.050399305555556
2025-10-26 12:00:00+00:00,8.732847222222224
2025-10-26 18:00:00+00:00,23.035190972222225
2025-10-27 00:00:00+00:00,10.217743055555557
2025-10-27 06:00:00+00:00,1.5532812500000006
2025-10-27 12:00:00+00:00,-18.94857638888889
2025-10-27 18:00:00+00:00,12.036180555555555
2025-10-28 00:00:00+00:00,0.7679340277777783
2025-10-28 06:00:00+00:00,10.768072916666668
2025-10-28 12:00:00+00:00,1.9134722222222216
2025-10-28 18:00:00+00:00,3.525659722222222
2025-10-29 00:00:00+00:00,-2.8546527777777784
2025-10-29 06:00:00+00:00,3.8677430555555556
2025-10-29 12:00:00+00:00,3.317100694444445
2025-10-29 18:00:00+00:00,4.269149305555556
2025-10-30 00:00:00+00:00,2.7364583333333345
2025-10-30 06:00:00+00:00,-7.326805555555556
2025-10-30 12:00:00+00:00,-8.645381944444447
2025-10-30 18:00:00+00:00,-8.521510416666667
2025-10-31 00:00:00+00:00,-3.2351562499999997
2025-10-31 06:00:00+00:00,-1.704305555555555
2025-10-31 12:00:00+00:00,1.910347222222222
2025-10-31 18:00:00+00:00,2.2384375000000003
2025-11-01 00:00:00+00:00,-6.184114583333334
2025-11-01 06:00:00+00:00,-7.131059027777777
2025-11-01 12:00:00+00:00,3.003298611111111
2025-11-01 18:00:00+00:00,-17.842864583333334
2025-11-02 00:00:00+00:00,-13.73197443181818
2025-11-02 06:00:00+00:00,-20.471770833333334
2025-11-02 12:00:00+00:00,-2.5141493055555553
2025-11-02 18:00:00+00:00,-11.01782986111111
2025-11-03 00:00:00+00:00,5.341649305555556
2025-11-03 06:00:00+00:00,11.8590625
2025-11-03 12:00:00+00:00,6.978663194444445
2025-11-03 18:00:00+00:00,-5.614097222222223
2025-11-04 00:00:00+00:00,8.893559027777778
2025-11-04 06:00:00+00:00,0.776284722222222
2025-11-04 12:00:00+00:00,6.491597222222222
2025-11-04 18:00:00+00:00,-3.4345659722222224
2025-11-05 00:00:00+00:00,-9.006979166666667
2025-11-05 06:00:00+00:00,-10.11951388888889
2025-11-05 12:00:00+00:00,-11.802256944444444
2025-11-05 18:00:00+00:00,-0.5089756944444446
2025-11-06 00:00:00+00:00,5.208315972222223
2025-11-06 06:00:00+00:00,-2.7765624999999994
2025-11-06 12:00:00+00:00,-0.8386631944444446
2025-11-06 18:00:00+00:00,-6.7896875
2025-11-07 00:00:00+00:00,8.362690972222223
2025-11-07 06:00:00+00:00,5.622743055555556
2025-11-07 12:00:00+00:00,14.09595486111111
2025-11-07 18:00:00+00:00,22.51269097222222
2025-11-08 00:00:00+00:00,13.681059027777778
2025-11-08 06:00:00+00:00,2.7431250000000005
2025-11-08 12:00:00+00:00,-0.8380729166666665
2025-11-08 18:00:00+00:00,-7.0575
2025-11-09 00:00:00+00:00,-11.460295138888888
2025-11-09 06:00:00+00:00,3.1173784722222226
2025-11-09 12:00:00+00:00,12.226163194444444
2025-11-09 18:00:00+00:00,17.768958333333334
2025-11-10 00:00:00+00:00,-4.6438541666666655
2025-11-10 06:00:00+00:00,8.412552083333335
2025-11-10 12:00:00+00:00,1.4173090277777771
2025-11-10 18:00:00+00:00,2.151232638888889
2025-11-11 00:00:00+00:00,9.270798611111111
2025-11-11 06:00:00+00:00,13.91015625
2025-11-11 12:00:00+00:00,16.758072916666666
2025-11-11 18:00:00+00:00,22.128472222222218
2025-11-12 00:00:00+00:00,11.517690972222221
2025-11-12 06:00:00+00:00,8.416614583333333
2025-11-12 12:00:00+00:00,17.840833333333332
2025-11-12 18:00:00+00:00,16.27201388888889
2025-11-13 00:00:00+00:00,12.724270833333334
2025-11-13 06:00:00+00:00,13.460815972222221
2025-11-13 12:00:00+00:00,-10.567135416666668
2025-11-13 18:00:00+00:00,-19.57685763888889
2025-11-14 00:00:00+00:00,-3.728836805555554
2025-11-14 06:00:00+00:00,-3.1504687499999986
2025-11-14 12:00:00+00:00,-8.358940972222223
2025-11-14 18:00:00+00:00,-51.44604166666667
2025-11-15 00:00:00+00:00,-0.8097222222222215
2025-11-15 06:00:00+00:00,0.9189583333333339
2025-11-15 12:00:00+00:00,8.36017361111111
2025-11-15 18:00:00+00:00,8.74359375
2025-11-16 00:00:00+00:00,-2.731614583333332
2025-11-16 06:00:00+00:00,17.98138888888889
2025-11-16 12:00:00+00:00,22.777031250000004
2025-11-16 18:00:00+00:00,19.67260416666667
2025-11-17 00:00:00+00:00,14.480503472222223
2025-11-17 06:00:00+00:00,9.721909722222222
2025-11-17 12:00:00+00:00,16.803645833333334
2025-11-17 18:00:00+00:00,14.726753472222223
2025-11-18 00:00:00+00:00,4.713368055555556
2025-11-18 06:00:00+00:00,-10.183263888888888
2025-11-18 12:00:00+00:00,-6.165225694444445
2025-11-18 18:00:00+00:00,-6.520034722222225
2025-11-19 00:00:00+00:00,-4.760937500000001
2025-11-19 06:00:00+00:00,-2.515069444444445
2025-11-19 12:00:00+00:00,9.074427083333333
2025-11-19 18:00:00+00:00,25.173340277777775
2025-11-20 00:00:00+00:00,3.2529687499999995
2025-11-20 06:00:00+00:00,-7.77564236111111
2025-11-20 12:00:00+00:00,4.366041666666667
2025-11-20 18:00:00+00:00,4.432170138888887
2025-11-21 00:00:00+00:00,-25.100225694444447
2025-11-21 06:00:00+00:00,-50.692708333333336
2025-11-21 12:00:00+00:00,-69.79717013888889
2025-11-21 18:00:00+00:00,-38.73979166666667
2025-11-22 00:00:00+00:00,-29.96847222222222
2025-11-22 06:00:00+00:00,-4.785312500000001
2025-11-22 12:00:00+00:00,-11.130086805555555
2025-11-22 18:00:00+00:00,-15.917864583333333
2025-11-23 00:00:00+00:00,-9.587812499999998
2025-11-23 06:00:00+00:00,-3.6362200126262625
2025-11-23 12:00:00+00:00,-34.77314236111111
2025-11-23 18:00:00+00:00,-107.58458333333334
2025-11-24 00:00:00+00:00,-23.269218749999997
2025-11-24 06:00:00+00:00,-1.0481944444444444
2025-11-24 12:00:00+00:00,11.272152777777777
2025-11-24 18:00:00+00:00,4.9619791666666675
2025-11-25 00:00:00+00:00,-0.37717013888889045
2025-11-25 06:00:00+00:00,4.8946354166666675
2025-11-25 12:00:00+00:00,9.827065972222222
2025-11-25 18:00:00+00:00,10.341753472222221
2025-11-26 00:00:00+00:00,-14.378524305555556
2025-11-26 06:00:00+00:00,-7.1323090277777785
2025-11-26 12:00:00+00:00,7.221597222222223
2025-11-26 18:00:00+00:00,15.556961805555554
2025-11-27 00:00:00+00:00,12.873142361111109
2025-11-27 06:00:00+00:00,19.473854166666666
2025-11-27 12:00:00+00:00,25.42081597222222
2025-11-27 18:00:00+00:00,11.532291666666666
2025-11-28 00:00:00+00:00,-7.419965277777778
2025-11-28 06:00:00+00:00,15.263732638888888
2025-11-28 12:00:00+00:00,9.010677083333333
2025-11-28 18:00:00+00:00,26.966909722222223
2025-11-29 00:00:00+00:00,24.269843749999996
2025-11-29 06:00:00+00:00,4.939826388888888
2025-11-29 12:00:00+00:00,-3.4993749999999992
2025-11-29 18:00:00+00:00,-11.64671875
2025-11-30 00:00:00+00:00,-10.241579861111113
2025-11-30 06:00:00+00:00,-8.993993055555555
2025-11-30 12:00:00+00:00,6.277343750000001
2025-11-30 18:00:00+00:00,-0.6914756944444468
2025-12-01 00:00:00+00:00,-1.8460937500000003
2025-12-01 06:00:00+00:00,18.469930555555557
2025-12-01 12:00:00+00:00,0.0481076388888891
2025-12-01 18:00:00+00:00,-35.38244791666667
2025-12-02 00:00:00+00:00,-60.69164930555556
2025-12-02 06:00:00+00:00,8.960625
2025-12-02 12:00:00+00:00,-33.46503472222222
2025-12-02 18:00:00+00:00,-57.44862847222222
2025-12-03 00:00:00+00:00,-58.288107638888896
2025-12-03 06:00:00+00:00,-5.33013888888889
2025-12-03 12:00:00+00:00,-9.986510416666667
2025-12-03 18:00:00+00:00,8.859079861111114
2025-12-04 00:00:00+00:00,-11.477760416666671
2025-12-04 06:00:00+00:00,85.91475694444443
2025-12-04 12:00:00+00:00,34.49817708333333
2025-12-04 18:00:00+00:00,28.77791666666667
2025-12-05 00:00:00+00:00,-26.475295138888885
2025-12-05 06:00:00+00:00,-6.113402777777779
2025-12-05 12:00:00+00:00,24.180052083333337
2025-12-05 18:00:00+00:00,53.181614583333335
2025-12-06 00:00:00+00:00,14.235208333333333
2025-12-06 06:00:00+00:00,-26.189097222222216
2025-12-06 12:00:00+00:00,3.097517361111112
2025-12-06 18:00:00+00:00,18.754681712962963
2025-12-07 00:00:00+00:00,-6.68189236111111
2025-12-07 06:00:00+00:00,28.146180555555556
2025-12-07 12:00:00+00:00,24.785868055555554
2025-12-07 18:00:00+00:00,-8.8828125
2025-12-08 00:00:00+00:00,43.10296875
2025-12-08 06:00:00+00:00,41.52826388888889
2025-12-08 12:00:00+00:00,34.76159722222223
2025-12-08 18:00:00+00:00,18.218368055555555
2025-12-09 00:00:00+00:00,16.053072916666668
2025-12-09 06:00:00+00:00,11.898489583333335
2025-12-09 12:00:00+00:00,33.31473958333333
2025-12-09 18:00:00+00:00,8.845917658730158
2025-12-10 00:00:00+00:00,-0.7427083333333364
2025-12-10 06:00:00+00:00,9.2875
2025-12-10 12:00:00+00:00,64.69690972222222
2025-12-10 18:00:00+00:00,14.300836805555553
2025-12-11 00:00:00+00:00,3.9127604166666683
2025-12-11 06:00:00+00:00,24.161475694444448
2025-12-11 12:00:00+00:00,26.842829861111113
2025-12-11 18:00:00+00:00,-10.237517361111115
2025-12-12 00:00:00+00:00,1.1473611111111108
2025-12-12 06:00:00+00:00,-6.8577777777777795
2025-12-12 12:00:00+00:00,3.2261805555555543
2025-12-12 18:00:00+00:00,-4.7164062499999995
2025-12-13 00:00:00+00:00,36.24368055555556
2025-12-13 06:00:00+00:00,10.511059027777778
2025-12-13 12:00:00+00:00,15.80800347222222
2025-12-13 18:00:00+00:00,6.206406249999996
2025-12-14 00:00:00+00:00,19.470555555555553
2025-12-14 06:00:00+00:00,14.5453125
2025-12-14 12:00:00+00:00,-42.31574652777777
2025-12-14 18:00:00+00:00,-21.51862847222222
2025-12-15 00:00:00+00:00,-17.06385416666667
2025-12-15 06:00:00+00:00,4.158593750000004
2025-12-15 12:00:00+00:00,-18.406024305555558
2025-12-15 18:00:00+00:00,49.87708333333333
2025-12-16 00:00:00+00:00,20.079965277777777
2025-12-16 06:00:00+00:00,-2.558281249999999
2025-12-16 12:00:00+00:00,2.618506944444441
2025-12-16 18:00:00+00:00,77.94934027777778
2025-12-17 00:00:00+00:00,48.500347222222224
2025-12-17 06:00:00+00:00,16.251614583333335
2025-12-17 12:00:00+00:00,-42.85444444444445
2025-12-17 18:00:00+00:00,17.67390625
2025-12-18 00:00:00+00:00,-0.18222222222222229
2025-12-18 06:00:00+00:00,-7.704704861111111
2025-12-18 12:00:00+00:00,-8.245069444444445
2025-12-18 18:00:00+00:00,5.974756944444446
2025-12-19 00:00:00+00:00,2.838211805555557
2025-12-19 06:00:00+00:00,-16.76755208333333
2025-12-19 12:00:00+00:00,-23.764218749999998
2025-12-19 18:00:00+00:00,-2.179131944444444
2025-12-20 00:00:00+00:00,-8.385208333333335
2025-12-20 06:00:00+00:00,4.996475694444444
2025-12-20 12:00:00+00:00,18.843055555555555
2025-12-20 18:00:00+00:00,39.29395833333333
2025-12-21 00:00:00+00:00,22.101614583333333
2025-12-21 06:00:00+00:00,9.736128472222223
2025-12-21 12:00:00+00:00,32.84053819444444
2025-12-21 18:00:00+00:00,2.2243402777777774
2025-12-22 00:00:00+00:00,-7.323975694444445
2025-12-22 06:00:00+00:00,23.932656249999997
2025-12-22 12:00:00+00:00,29.064913194444443
2025-12-22 18:00:00+00:00,-4.176059027777779
2025-12-23 00:00:00+00:00,-27.178246527777777
2025-12-23 06:00:00+00:00,-14.224652777777777
2025-12-23 12:00:00+00:00,60.74880208333334
2025-12-23 18:00:00+00:00,40.21364583333333
2025-12-24 00:00:00+00:00,18.53991319444444
2025-12-24 06:00:00+00:00,5.286440972222221
2025-12-24 12:00:00+00:00,-8.196163194444443
2025-12-24 18:00:00+00:00,1.0197916666666682
2025-12-25 00:00:00+00:00,-9.663038194444447
2025-12-25 06:00:00+00:00,-44.278871527777774
2025-12-25 12:00:00+00:00,-36.80854166666666
2025-12-25 18:00:00+00:00,-18.731631944444445
2025-12-26 00:00:00+00:00,6.641510416666667
2025-12-26 06:00:00+00:00,56.52269097222222
2025-12-26 12:00:00+00:00,42.886371527777776
2025-12-26 18:00:00+00:00,13.315659722222223
2025-12-27 00:00:00+00:00,-19.15520833333333
2025-12-27 06:00:00+00:00,-84.41791666666667
2025-12-27 12:00:00+00:00,-137.03729166666668
2025-12-27 18:00:00+00:00,-63.53637152777777
2025-12-28 00:00:00+00:00,-27.122621527777778
2025-12-28 06:00:00+00:00,13.283506944444442
2025-12-28 12:00:00+00:00,-45.91675347222222
2025-12-28 18:00:00+00:00,-4.963524305555558
2025-12-29 00:00:00+00:00,27.476302083333334
2025-12-29 06:00:00+00:00,43.16861111111111
2025-12-29 12:00:00+00:00,43.47630208333334
2025-12-29 18:00:00+00:00,-20.25220486111111
2025-12-30 00:00:00+00:00,20.312916666666666
2025-12-30 06:00:00+00:00,5.266805555555556
2025-12-30 12:00:00+00:00,10.451666666666668
2025-12-30 18:00:00+00:00,31.38310763888889
2025-12-31 00:00:00+00:00,36.56041666666667
2025-12-31 06:00:00+00:00,20.929513888888888
2025-12-31 12:00:00+00:00,53.40888888888889
2025-12-31 18:00:00+00:00,37.7915625
