interval_start_utc,ILLINOIS.HUB,INDIANA.HUB,MICHIGAN.HUB
2025-01-01 18:00:00+00:00,21.039999999999996,21.79,21.07
2025-01-02 00:00:00+00:00,7.170000000000002,7.390000000000004,8.25
2025-01-02 06:00:00+00:00,6.579999999999998,8.089999999999996,8.360000000000003
2025-01-02 12:00:00+00:00,19.71,20.64,19.590000000000003
2025-01-02 18:00:00+00:00,9.149999999999999,10.610000000000003,9.46
2025-01-03 00:00:00+00:00,8.310000000000002,7.559999999999999,6.759999999999998
2025-01-03 06:00:00+00:00,6.540000000000003,7.989999999999998,8.23
2025-01-03 12:00:00+00:00,10.700000000000003,11.259999999999998,11.170000000000002
2025-01-03 18:00:00+00:00,18.12,17.31,16.959999999999997
2025-01-04 00:00:00+00:00,5.339999999999996,5.25,4.810000000000002
2025-01-04 06:00:00+00:00,4.780000000000001,4.920000000000002,5.320000000000004
2025-01-04 12:00:00+00:00,9.86,10.469999999999999,8.780000000000001
2025-01-04 18:00:00+00:00,24.810000000000002,25.390000000000004,23.529999999999998
2025-01-05 00:00:00+00:00,10.219999999999999,9.86,10.0
2025-01-05 06:00:00+00:00,3.5599999999999987,2.7300000000000004,3.0700000000000003
2025-01-05 12:00:00+00:00,1.9800000000000004,2.3099999999999987,3.0399999999999956
2025-01-05 18:00:00+00:00,14.580000000000002,16.66,19.08
2025-01-06 00:00:00+00:00,8.400000000000002,8.739999999999995,8.659999999999997
2025-01-06 06:00:00+00:00,8.989999999999998,8.969999999999999,7.279999999999998
2025-01-06 12:00:00+00:00,8.030000000000001,9.82,10.07
2025-01-06 18:00:00+00:00,32.86000000000001,32.19,28.1
2025-01-07 00:00:00+00:00,19.020000000000003,17.849999999999994,18.740000000000002
2025-01-07 06:00:00+00:00,14.020000000000003,15.020000000000003,17.089999999999996
2025-01-07 12:00:00+00:00,30.439999999999998,32.46,16.439999999999998
2025-01-07 18:00:00+00:00,22.5,22.6,20.68
2025-01-08 00:00:00+00:00,14.450000000000003,14.130000000000003,12.670000000000002
2025-01-08 06:00:00+00:00,9.780000000000001,12.5,12.14
2025-01-08 12:00:00+00:00,34.089999999999996,34.63,33.239999999999995
2025-01-08 18:00:00+00:00,24.909999999999997,27.78,26.169999999999998
2025-01-09 00:00:00+00:00,9.96,8.07,7.369999999999997
2025-01-09 06:00:00+00:00,13.240000000000002,14.579999999999998,14.649999999999999
2025-01-09 12:00:00+00:00,30.309999999999995,35.76,34.82000000000001
2025-01-09 18:00:00+00:00,20.139999999999997,25.380000000000003,24.75
2025-01-10 00:00:00+00:00,13.630000000000003,15.389999999999997,13.800000000000004
2025-01-10 06:00:00+00:00,9.880000000000003,10.059999999999995,14.290000000000003
2025-01-10 12:00:00+00:00,19.189999999999998,20.17,19.270000000000003
2025-01-10 18:00:00+00:00,20.98,21.330000000000005,19.33
2025-01-11 00:00:00+00:00,9.43,10.25,8.21
2025-01-11 06:00:00+00:00,2.629999999999999,2.3099999999999987,2.5600000000000023
2025-01-11 12:00:00+00:00,7.270000000000003,6.93,4.330000000000002
2025-01-11 18:00:00+00:00,12.86,13.719999999999999,12.979999999999997
2025-01-12 00:00:00+00:00,7.389999999999997,6.219999999999999,5.680000000000003
2025-01-12 06:00:00+00:00,2.3099999999999987,2.229999999999997,2.729999999999997
2025-01-12 12:00:00+00:00,5.189999999999998,5.480000000000004,5.470000000000002
2025-01-12 18:00:00+00:00,10.969999999999999,10.399999999999999,10.770000000000003
2025-01-13 00:00:00+00:00,7.979999999999997,7.560000000000002,8.319999999999997
2025-01-13 06:00:00+00:00,9.519999999999996,9.540000000000003,8.049999999999997
2025-01-13 12:00:00+00:00,19.419999999999998,21.68,12.200000000000003
2025-01-13 18:00:00+00:00,35.629999999999995,38.25,26.98
2025-01-14 00:00:00+00:00,25.21,26.879999999999995,12.75
2025-01-14 06:00:00+00:00,13.530000000000001,15.160000000000004,14.969999999999999
2025-01-14 12:00:00+00:00,30.92000000000001,33.21000000000001,16.439999999999998
2025-01-14 18:00:00+00:00,54.06999999999999,53.53,27.310000000000002
2025-01-15 00:00:00+00:00,19.939999999999998,19.599999999999994,12.060000000000002
2025-01-15 06:00:00+00:00,18.730000000000004,19.730000000000004,19.849999999999994
2025-01-15 12:00:00+00:00,65.59,69.1,63.04
2025-01-15 18:00:00+00:00,26.409999999999997,29.080000000000005,29.729999999999997
2025-01-16 00:00:00+00:00,21.750000000000004,19.9,17.72
2025-01-16 06:00:00+00:00,10.98,12.530000000000001,13.329999999999998
2025-01-16 12:00:00+00:00,24.520000000000003,30.179999999999993,31.029999999999994
2025-01-16 18:00:00+00:00,29.26,30.480000000000004,28.660000000000004
2025-01-17 00:00:00+00:00,12.729999999999997,9.93,6.759999999999998
2025-01-17 06:00:00+00:00,3.509999999999998,7.07,7.270000000000003
2025-01-17 12:00:00+00:00,17.78,24.439999999999998,24.790000000000006
2025-01-17 18:00:00+00:00,12.440000000000001,10.790000000000003,9.71
2025-01-18 00:00:00+00:00,6.100000000000001,5.390000000000001,5.0
2025-01-18 06:00:00+00:00,3.0100000000000016,1.8900000000000006,2.009999999999998
2025-01-18 12:00:00+00:00,2.6199999999999974,3.019999999999996,4.489999999999995
2025-01-18 18:00:00+00:00,27.250000000000004,23.86,22.690000000000005
2025-01-19 00:00:00+00:00,8.969999999999999,3.8599999999999994,6.140000000000001
2025-01-19 06:00:00+00:00,4.18,6.469999999999999,7.25
2025-01-19 12:00:00+00:00,6.939999999999998,6.539999999999999,7.590000000000003
2025-01-19 18:00:00+00:00,73.44,70.13,67.53
2025-01-20 00:00:00+00:00,13.899999999999991,14.909999999999997,34.16
2025-01-20 06:00:00+00:00,41.24000000000001,46.540000000000006,13.950000000000003
2025-01-20 12:00:00+00:00,133.01000000000002,144.43,50.88000000000001
2025-01-20 18:00:00+00:00,96.68,102.30999999999999,54.7
2025-01-21 00:00:00+00:00,36.03999999999999,38.34,54.620000000000005
2025-01-21 06:00:00+00:00,68.05,70.95999999999998,58.76000000000002
2025-01-21 12:00:00+00:00,174.83000000000004,189.70999999999998,105.87
2025-01-21 18:00:00+00:00,106.36999999999999,111.02,104.95
2025-01-22 00:00:00+00:00,79.88,72.45000000000002,60.25
2025-01-22 06:00:00+00:00,46.36999999999999,55.5,59.69
2025-01-22 12:00:00+00:00,163.39000000000001,205.94000000000003,137.37
2025-01-22 18:00:00+00:00,47.23,49.400000000000006,51.89000000000001
2025-01-23 00:00:00+00:00,37.45,35.0,15.439999999999998
2025-01-23 06:00:00+00:00,18.17,22.430000000000007,9.139999999999993
2025-01-23 12:00:00+00:00,52.519999999999996,69.86000000000001,28.499999999999993
2025-01-23 18:00:00+00:00,69.53,64.25,32.760000000000005
2025-01-24 00:00:00+00:00,32.300000000000004,23.939999999999998,10.109999999999992
2025-01-24 06:00:00+00:00,21.110000000000007,27.209999999999994,28.130000000000003
2025-01-24 12:00:00+00:00,74.03999999999999,80.5,79.18
2025-01-24 18:00:00+00:00,22.120000000000005,27.580000000000005,27.779999999999994
2025-01-25 00:00:00+00:00,12.719999999999999,13.96,14.350000000000001
2025-01-25 06:00:00+00:00,3.1599999999999966,3.3699999999999974,3.8900000000000006
2025-01-25 12:00:00+00:00,15.21,17.740000000000002,13.799999999999997
2025-01-25 18:00:00+00:00,10.819999999999997,9.489999999999995,9.599999999999998
2025-01-26 00:00:00+00:00,5.629999999999999,4.880000000000003,5.270000000000003
2025-01-26 06:00:00+00:00,3.8099999999999987,4.050000000000001,4.549999999999997
2025-01-26 12:00:00+00:00,9.700000000000003,10.27,11.330000000000002
2025-01-26 18:00:00+00:00,21.080000000000002,23.910000000000004,23.220000000000002
2025-01-27 00:00:00+00:00,11.2,10.859999999999996,11.279999999999998
2025-01-27 06:00:00+00:00,12.100000000000001,13.98,12.370000000000001
2025-01-27 12:00:00+00:00,28.28,32.0,29.310000000000002
2025-01-27 18:00:00+00:00,16.93,17.24,15.150000000000002
2025-01-28 00:00:00+00:00,8.229999999999997,9.669999999999998,8.099999999999998
2025-01-28 06:00:00+00:00,16.930000000000003,19.130000000000003,18.85
2025-01-28 12:00:00+00:00,41.650000000000006,43.43000000000001,43.339999999999996
2025-01-28 18:00:00+00:00,18.35,18.47,18.599999999999998
2025-01-29 00:00:00+00:00,12.330000000000002,13.05,12.290000000000003
2025-01-29 06:00:00+00:00,8.32,9.29,10.050000000000004
2025-01-29 12:00:00+00:00,16.87,19.479999999999997,18.859999999999996
2025-01-29 18:00:00+00:00,29.900000000000002,31.490000000000002,32.260000000000005
2025-01-30 00:00:00+00:00,7.02,6.93,7.859999999999999
2025-01-30 06:00:00+00:00,10.580000000000002,12.700000000000003,13.59
2025-01-30 12:00:00+00:00,18.839999999999996,22.830000000000002,23.029999999999998
2025-01-30 18:00:00+00:00,19.0,18.65,17.7
2025-01-31 00:00:00+00:00,13.619999999999997,13.349999999999998,9.200000000000003
2025-01-31 06:00:00+00:00,7.27,7.219999999999999,6.579999999999998
2025-01-31 12:00:00+00:00,11.689999999999998,12.559999999999999,11.940000000000005
2025-01-31 18:00:00+00:00,13.660000000000004,14.559999999999995,14.539999999999996
2025-02-01 00:00:00+00:00,10.18,11.350000000000001,11.29
2025-02-01 06:00:00+00:00,6.82,6.52,6.07
2025-02-01 12:00:00+00:00,8.48,7.699999999999999,7.659999999999997
2025-02-01 18:00:00+00:00,12.86,13.380000000000003,13.480000000000004
2025-02-02 00:00:00+00:00,8.54,8.86,8.8
2025-02-02 06:00:00+00:00,4.529999999999998,4.030000000000001,3.2699999999999996
2025-02-02 12:00:00+00:00,7.800000000000001,8.059999999999999,8.440000000000001
2025-02-02 18:00:00+00:00,25.689999999999998,25.55,30.41
2025-02-03 00:00:00+00:00,10.119999999999997,10.389999999999997,9.799999999999997
2025-02-03 06:00:00+00:00,9.54,10.739999999999998,10.590000000000003
2025-02-03 12:00:00+00:00,21.820000000000004,22.369999999999997,25.68
2025-02-03 18:00:00+00:00,13.469999999999999,14.440000000000001,14.830000000000002
2025-02-04 00:00:00+00:00,10.64,10.07,9.579999999999998
2025-02-04 06:00:00+00:00,11.579999999999998,11.799999999999997,11.279999999999998
2025-02-04 12:00:00+00:00,9.149999999999999,11.800000000000004,11.519999999999996
2025-02-04 18:00:00+00:00,18.06,18.39,19.02
2025-02-05 00:00:00+00:00,6.270000000000003,5.390000000000001,6.709999999999994
2025-02-05 06:00:00+00:00,12.219999999999999,13.520000000000003,15.170000000000002
2025-02-05 12:00:00+00:00,17.83,19.910000000000004,21.61
2025-02-05 18:00:00+00:00,12.46,13.120000000000005,13.020000000000003
2025-02-06 00:00:00+00:00,9.41,10.16,10.840000000000003
2025-02-06 06:00:00+00:00,4.75,5.460000000000001,6.09
2025-02-06 12:00:00+00:00,13.45,15.229999999999997,16.669999999999998
2025-02-06 18:00:00+00:00,10.800000000000004,11.910000000000004,14.369999999999997
2025-02-07 00:00:00+00:00,4.73,5.050000000000001,7.0
2025-02-07 06:00:00+00:00,18.51,19.54,22.29
2025-02-07 12:00:00+00:00,32.58,33.66,32.38000000000001
2025-02-07 18:00:00+00:00,18.380000000000003,18.1,18.410000000000004
2025-02-08 00:00:00+00:00,10.68,9.479999999999997,9.780000000000001
2025-02-08 06:00:00+00:00,2.480000000000004,1.9600000000000009,2.020000000000003
2025-02-08 12:00:00+00:00,10.469999999999999,10.579999999999998,12.110000000000007
2025-02-08 18:00:00+00:00,8.779999999999998,9.950000000000003,10.830000000000002
2025-02-09 00:00:00+00:00,6.84,7.9999999999999964,8.07
2025-02-09 06:00:00+00:00,6.6200000000000045,4.619999999999997,3.6999999999999993
2025-02-09 12:00:00+00:00,8.07,7.140000000000001,9.07
2025-02-09 18:00:00+00:00,30.07,30.369999999999997,31.259999999999998
2025-02-10 00:00:00+00:00,13.180000000000003,11.950000000000003,10.509999999999998
2025-02-10 06:00:00+00:00,29.96,29.53,28.559999999999995
2025-02-10 12:00:00+00:00,43.870000000000005,50.279999999999994,48.410000000000004
2025-02-10 18:00:00+00:00,28.71,29.95,28.880000000000003
2025-02-11 00:00:00+00:00,18.720000000000002,18.39,17.08
2025-02-11 06:00:00+00:00,10.439999999999998,13.240000000000002,13.849999999999994
2025-02-11 12:00:00+00:00,16.57,21.189999999999998,22.130000000000003
2025-02-11 18:00:00+00:00,25.82,28.75,30.35
2025-02-12 00:00:00+00:00,21.740000000000002,24.04,23.839999999999996
2025-02-12 06:00:00+00:00,12.179999999999996,13.379999999999995,12.46
2025-02-12 12:00:00+00:00,17.549999999999997,16.92,19.03
2025-02-12 18:00:00+00:00,13.280000000000001,14.219999999999999,13.719999999999999
2025-02-13 00:00:00+00:00,15.510000000000002,16.200000000000003,16.099999999999998
2025-02-13 06:00:00+00:00,11.859999999999996,11.579999999999998,11.470000000000002
2025-02-13 12:00:00+00:00,20.240000000000002,22.620000000000005,21.67
2025-02-13 18:00:00+00:00,28.349999999999998,29.9,28.709999999999997
2025-02-14 00:00:00+00:00,9.300000000000004,10.050000000000004,8.61
2025-02-14 06:00:00+00:00,14.07,14.670000000000002,13.75
2025-02-14 12:00:00+00:00,47.57000000000001,47.68,42.11
2025-02-14 18:00:00+00:00,14.27,15.979999999999997,15.18
2025-02-15 00:00:00+00:00,10.130000000000003,12.190000000000005,12.490000000000002
2025-02-15 06:00:00+00:00,8.2,9.310000000000002,8.620000000000005
2025-02-15 12:00:00+00:00,8.870000000000005,5.640000000000001,3.5899999999999963
2025-02-15 18:00:00+00:00,3.6400000000000006,12.64,12.57
2025-02-16 00:00:00+00:00,12.68,13.340000000000003,11.36
2025-02-16 06:00:00+00:00,1.8300000000000018,1.4199999999999982,3.1900000000000013
2025-02-16 12:00:00+00:00,2.219999999999999,3.190000000000005,5.020000000000003
2025-02-16 18:00:00+00:00,34.37,37.330000000000005,36.370000000000005
2025-02-17 00:00:00+00:00,21.1,24.880000000000003,21.589999999999996
2025-02-17 06:00:00+00:00,40.22,40.39,39.7
2025-02-17 12:00:00+00:00,64.44999999999999,72.93,55.790000000000006
2025-02-17 18:00:00+00:00,65.41999999999999,67.80000000000001,71.84
2025-02-18 00:00:00+00:00,31.39999999999999,31.060000000000002,29.69999999999999
2025-02-18 06:00:00+00:00,36.67,37.790000000000006,36.27000000000001
2025-02-18 12:00:00+00:00,74.10000000000001,79.26,78.22
2025-02-18 18:00:00+00:00,52.86,55.559999999999995,55.26
2025-02-19 00:00:00+00:00,36.06999999999999,36.349999999999994,35.06
2025-02-19 06:00:00+00:00,37.81,36.94,36.31
2025-02-19 12:00:00+00:00,71.45,70.41,71.35
2025-02-19 18:00:00+00:00,70.95,67.73,67.61
2025-02-20 00:00:00+00:00,41.60000000000001,40.84,43.17
2025-02-20 06:00:00+00:00,63.64999999999999,64.32000000000001,66.33
2025-02-20 12:00:00+00:00,116.03,128.22,124.58000000000001
2025-02-20 18:00:00+00:00,101.43,103.61000000000001,100.63999999999999
2025-02-21 00:00:00+00:00,66.56,68.22000000000001,66.47
2025-02-21 06:00:00+00:00,61.89999999999999,70.96,67.21
2025-02-21 12:00:00+00:00,168.48999999999998,181.2,156.34
2025-02-21 18:00:00+00:00,40.67999999999999,43.15,47.089999999999996
2025-02-22 00:00:00+00:00,40.480000000000004,41.66,45.88
2025-02-22 06:00:00+00:00,3.3800000000000026,3.740000000000002,3.5700000000000003
2025-02-22 12:00:00+00:00,20.2,22.439999999999998,23.67
2025-02-22 18:00:00+00:00,24.470000000000002,26.120000000000005,26.27
2025-02-23 00:00:00+00:00,10.450000000000003,9.86,9.630000000000003
2025-02-23 06:00:00+00:00,5.560000000000002,6.369999999999997,5.909999999999997
2025-02-23 12:00:00+00:00,13.570000000000004,17.15,15.219999999999999
2025-02-23 18:00:00+00:00,20.450000000000003,22.589999999999996,24.18
2025-02-24 00:00:00+00:00,17.21,14.0,14.209999999999994
2025-02-24 06:00:00+00:00,14.229999999999997,18.869999999999997,15.52
2025-02-24 12:00:00+00:00,23.4,39.67,32.650000000000006
2025-02-24 18:00:00+00:00,17.940000000000005,19.400000000000002,18.52
2025-02-25 00:00:00+00:00,13.130000000000003,13.43,13.280000000000001
2025-02-25 06:00:00+00:00,19.96,19.419999999999998,22.340000000000003
2025-02-25 12:00:00+00:00,43.39000000000001,54.7,52.150000000000006
2025-02-25 18:00:00+00:00,29.25,26.25,30.67
2025-02-26 00:00:00+00:00,19.979999999999997,10.450000000000003,17.660000000000004
2025-02-26 06:00:00+00:00,10.73,14.950000000000003,15.560000000000002
2025-02-26 12:00:00+00:00,25.52,33.83,34.22999999999999
2025-02-26 18:00:00+00:00,21.189999999999998,21.729999999999997,21.880000000000003
2025-02-27 00:00:00+00:00,12.700000000000003,12.780000000000001,15.199999999999996
2025-02-27 06:00:00+00:00,13.96,12.14,11.700000000000003
2025-02-27 12:00:00+00:00,30.19,21.82,20.51
2025-02-27 18:00:00+00:00,30.310000000000002,29.599999999999998,30.97
2025-02-28 00:00:00+00:00,13.32,15.329999999999998,16.1
2025-02-28 06:00:00+00:00,13.240000000000002,21.310000000000002,21.580000000000002
2025-02-28 12:00:00+00:00,30.490000000000002,35.459999999999994,32.760000000000005
2025-02-28 18:00:00+00:00,18.640000000000004,16.060000000000002,14.780000000000005
2025-03-01 00:00:00+00:00,14.48,10.850000000000001,9.290000000000003
2025-03-01 06:00:00+00:00,8.48,7.02,7.230000000000004
2025-03-01 12:00:00+00:00,5.719999999999999,6.359999999999999,5.590000000000003
2025-03-01 18:00:00+00:00,35.58,37.25,36.43
2025-03-02 00:00:00+00:00,11.729999999999997,13.689999999999998,10.719999999999999
2025-03-02 06:00:00+00:00,9.469999999999999,9.780000000000001,8.740000000000002
2025-03-02 12:00:00+00:00,26.42,22.0,20.5
2025-03-02 18:00:00+00:00,46.42,42.2,40.48
2025-03-03 00:00:00+00:00,25.83,17.139999999999993,18.4
2025-03-03 06:00:00+00:00,22.970000000000006,33.45,34.98
2025-03-03 12:00:00+00:00,42.67,52.88000000000001,64.5
2025-03-03 18:00:00+00:00,23.92,24.84,24.31
2025-03-04 00:00:00+00:00,21.8,20.42,19.060000000000002
2025-03-04 06:00:00+00:00,11.14,15.019999999999996,16.099999999999998
2025-03-04 12:00:00+00:00,13.009999999999998,16.690000000000005,17.200000000000003
2025-03-04 18:00:00+00:00,10.610000000000003,11.380000000000003,11.86
2025-03-05 00:00:00+00:00,13.719999999999999,12.149999999999999,11.560000000000002
2025-03-05 06:00:00+00:00,16.400000000000002,16.430000000000003,17.520000000000003
2025-03-05 12:00:00+00:00,15.970000000000002,14.93,14.229999999999997
2025-03-05 18:00:00+00:00,12.779999999999998,16.85,18.54
2025-03-06 00:00:00+00:00,14.220000000000002,24.509999999999998,26.509999999999998
2025-03-06 06:00:00+00:00,20.57,22.24,21.650000000000002
2025-03-06 12:00:00+00:00,35.49,36.56,33.260000000000005
2025-03-06 18:00:00+00:00,34.97,33.62,35.120000000000005
2025-03-07 00:00:00+00:00,25.46,24.53,27.92
2025-03-07 06:00:00+00:00,23.529999999999994,30.259999999999998,30.189999999999998
2025-03-07 12:00:00+00:00,33.870000000000005,37.309999999999995,39.33
2025-03-07 18:00:00+00:00,22.259999999999998,23.9,24.6
2025-03-08 00:00:00+00:00,19.79,20.019999999999996,19.71
2025-03-08 06:00:00+00:00,19.74,13.959999999999994,14.530000000000001
2025-03-08 12:00:00+00:00,25.39,12.079999999999998,11.419999999999995
2025-03-08 18:00:00+00:00,28.35,24.549999999999997,23.5
2025-03-09 00:00:00+00:00,20.410000000000004,20.740000000000002,20.979999999999997
2025-03-09 06:00:00+00:00,11.140000000000004,7.7500000000000036,7.659999999999997
2025-03-09 12:00:00+00:00,19.919999999999998,14.069999999999997,13.629999999999999
2025-03-09 18:00:00+00:00,25.26,19.759999999999998,19.4
2025-03-10 00:00:00+00:00,15.320000000000004,13.21,14.54
2025-03-10 06:00:00+00:00,50.99999999999999,50.78999999999999,54.32000000000001
2025-03-10 12:00:00+00:00,48.17999999999999,43.599999999999994,44.36
2025-03-10 18:00:00+00:00,22.609999999999996,20.770000000000003,21.11
2025-03-11 00:00:00+00:00,19.880000000000003,18.210000000000004,19.3
2025-03-11 06:00:00+00:00,29.77,35.89,38.059999999999995
2025-03-11 12:00:00+00:00,16.53,19.959999999999997,19.72
2025-03-11 18:00:00+00:00,33.19,37.790000000000006,37.839999999999996
2025-03-12 00:00:00+00:00,25.280000000000005,23.760000000000005,23.010000000000005
2025-03-12 06:00:00+00:00,42.89000000000001,44.339999999999996,62.99
2025-03-12 12:00:00+00:00,29.849999999999998,31.240000000000002,38.849999999999994
2025-03-12 18:00:00+00:00,42.27000000000001,48.29,51.849999999999994
2025-03-13 00:00:00+00:00,32.93,31.169999999999995,38.22
2025-03-13 06:00:00+00:00,42.709999999999994,45.16,52.63999999999999
2025-03-13 12:00:00+00:00,29.729999999999997,32.29,32.580000000000005
2025-03-13 18:00:00+00:00,44.95,44.86,42.72
2025-03-14 00:00:00+00:00,36.59,33.12,33.24
2025-03-14 06:00:00+00:00,24.97,27.990000000000002,27.35
2025-03-14 12:00:00+00:00,20.75,21.169999999999998,21.750000000000004
2025-03-14 18:00:00+00:00,22.89,27.160000000000004,26.110000000000003
2025-03-15 00:00:00+00:00,17.310000000000002,19.81,18.71
2025-03-15 06:00:00+00:00,5.499999999999998,5.990000000000002,5.760000000000002
2025-03-15 12:00:00+00:00,9.070000000000002,3.469999999999999,5.030000000000001
2025-03-15 18:00:00+00:00,21.8,14.36,15.339999999999996
2025-03-16 00:00:00+00:00,16.359999999999996,14.890000000000004,15.580000000000002
2025-03-16 06:00:00+00:00,7.5600000000000005,5.289999999999999,5.77
2025-03-16 12:00:00+00:00,6.82,2.879999999999999,4.390000000000001
2025-03-16 18:00:00+00:00,35.599999999999994,35.620000000000005,39.31
2025-03-17 00:00:00+00:00,22.379999999999995,33.209999999999994,35.959999999999994
2025-03-17 06:00:00+00:00,63.949999999999996,68.28,76.05
2025-03-17 12:00:00+00:00,54.08,39.94,40.269999999999996
2025-03-17 18:00:00+00:00,39.36,41.36,39.24999999999999
2025-03-18 00:00:00+00:00,21.71,32.09,29.46
2025-03-18 06:00:00+00:00,26.009999999999998,40.43000000000001,38.58
2025-03-18 12:00:00+00:00,20.28,23.699999999999996,22.340000000000003
2025-03-18 18:00:00+00:00,23.08,24.580000000000002,23.849999999999998
2025-03-19 00:00:00+00:00,19.990000000000002,28.03,26.220000000000002
2025-03-19 06:00:00+00:00,28.810000000000002,29.580000000000002,27.49
2025-03-19 12:00:00+00:00,13.27,12.339999999999996,13.0
2025-03-19 18:00:00+00:00,16.86,17.32,16.68
2025-03-20 00:00:00+00:00,16.609999999999996,24.28,22.15
2025-03-20 06:00:00+00:00,25.53,31.48,32.68
2025-03-20 12:00:00+00:00,16.33,18.599999999999998,19.709999999999997
2025-03-20 18:00:00+00:00,38.42,35.68,36.6
2025-03-21 00:00:00+00:00,25.679999999999993,29.21999999999999,30.64
2025-03-21 06:00:00+00:00,19.11,37.21,35.209999999999994
2025-03-21 12:00:00+00:00,24.86,33.099999999999994,32.129999999999995
2025-03-21 18:00:00+00:00,13.969999999999999,15.32,15.400000000000002
2025-03-22 00:00:00+00:00,5.030000000000001,7.48,7.550000000000004
2025-03-22 06:00:00+00:00,16.889999999999997,17.880000000000003,17.259999999999998
2025-03-22 12:00:00+00:00,18.81,18.73,19.000000000000004
2025-03-22 18:00:00+00:00,42.4,28.599999999999998,27.830000000000002
2025-03-23 00:00:00+00:00,34.93,19.470000000000002,17.64
2025-03-23 06:00:00+00:00,3.629999999999999,3.4499999999999993,4.469999999999999
2025-03-23 12:00:00+00:00,5.579999999999998,7.43,8.510000000000002
2025-03-23 18:00:00+00:00,15.07,15.66,15.71
2025-03-24 00:00:00+00:00,13.000000000000004,15.93,18.199999999999996
2025-03-24 06:00:00+00:00,20.18,21.6,23.990000000000002
2025-03-24 12:00:00+00:00,11.599999999999998,12.900000000000002,13.900000000000002
2025-03-24 18:00:00+00:00,31.959999999999997,33.019999999999996,31.800000000000004
2025-03-25 00:00:00+00:00,24.990000000000002,25.97,27.43
2025-03-25 06:00:00+00:00,34.19,35.49000000000001,36.25
2025-03-25 12:00:00+00:00,32.15,32.16,32.510000000000005
2025-03-25 18:00:00+00:00,26.009999999999998,28.52,28.53
2025-03-26 00:00:00+00:00,22.099999999999994,25.78,25.54
2025-03-26 06:00:00+00:00,39.82,41.49,40.93
2025-03-26 12:00:00+00:00,30.65,32.290000000000006,32.739999999999995
2025-03-26 18:00:00+00:00,34.28,36.3,38.17
2025-03-27 00:00:00+00:00,32.49,29.849999999999994,31.519999999999996
2025-03-27 06:00:00+00:00,30.599999999999998,36.31999999999999,39.58
2025-03-27 12:00:00+00:00,14.290000000000003,15.099999999999998,15.369999999999997
2025-03-27 18:00:00+00:00,16.509999999999998,20.499999999999996,22.509999999999998
2025-03-28 00:00:00+00:00,19.580000000000002,17.75,18.810000000000002
2025-03-28 06:00:00+00:00,14.490000000000002,17.75,15.989999999999998
2025-03-28 12:00:00+00:00,12.870000000000001,14.099999999999998,11.75
2025-03-28 18:00:00+00:00,11.129999999999999,12.230000000000004,11.630000000000003
2025-03-29 00:00:00+00:00,9.27,11.29,12.920000000000002
2025-03-29 06:00:00+00:00,7.689999999999998,7.509999999999998,8.620000000000001
2025-03-29 12:00:00+00:00,4.050000000000001,2.509999999999998,2.09
2025-03-29 18:00:00+00:00,9.18,10.529999999999998,10.380000000000003
2025-03-30 00:00:00+00:00,9.23,10.330000000000002,11.18
2025-03-30 06:00:00+00:00,1.8099999999999987,2.2300000000000004,2.3800000000000026
2025-03-30 12:00:00+00:00,1.4200000000000017,1.1799999999999997,1.4800000000000004
2025-03-30 18:00:00+00:00,10.620000000000001,13.729999999999997,12.68
2025-03-31 00:00:00+00:00,16.509999999999998,15.93,16.72
2025-03-31 06:00:00+00:00,20.91,23.119999999999997,21.33
2025-03-31 12:00:00+00:00,9.570000000000004,14.230000000000004,8.25
2025-03-31 18:00:00+00:00,28.229999999999997,28.769999999999996,28.340000000000003
2025-04-01 00:00:00+00:00,37.93000000000001,38.85000000000001,31.669999999999995
2025-04-01 06:00:00+00:00,35.45,37.510000000000005,36.989999999999995
2025-04-01 12:00:00+00:00,28.36,23.27,22.19
2025-04-01 18:00:00+00:00,13.400000000000002,18.61,17.95
2025-04-02 00:00:00+00:00,18.909999999999997,24.97,25.23
2025-04-02 06:00:00+00:00,14.68,20.38,22.38
2025-04-02 12:00:00+00:00,8.8,8.75,10.010000000000005
2025-04-02 18:00:00+00:00,10.829999999999998,16.200000000000003,15.41
2025-04-03 00:00:00+00:00,14.350000000000001,24.5,23.140000000000004
2025-04-03 06:00:00+00:00,23.339999999999996,20.200000000000003,22.229999999999997
2025-04-03 12:00:00+00:00,6.59,7.030000000000001,8.079999999999998
2025-04-03 18:00:00+00:00,36.72,36.76,30.96
2025-04-04 00:00:00+00:00,41.18,43.35999999999999,33.730000000000004
2025-04-04 06:00:00+00:00,25.83,28.31,31.270000000000003
2025-04-04 12:00:00+00:00,10.549999999999997,10.339999999999996,12.07
2025-04-04 18:00:00+00:00,7.899999999999999,10.009999999999998,9.39
2025-04-05 00:00:00+00:00,17.46,18.39,16.380000000000003
2025-04-05 06:00:00+00:00,4.899999999999999,4.829999999999998,4.719999999999999
2025-04-05 12:00:00+00:00,7.649999999999999,6.779999999999994,8.120000000000005
2025-04-05 18:00:00+00:00,13.970000000000002,12.310000000000002,12.25
2025-04-06 00:00:00+00:00,13.129999999999999,19.11,16.490000000000002
2025-04-06 06:00:00+00:00,9.800000000000004,8.800000000000004,8.559999999999999
2025-04-06 12:00:00+00:00,10.709999999999997,10.14,10.399999999999999
2025-04-06 18:00:00+00:00,28.39,29.06,29.599999999999998
2025-04-07 00:00:00+00:00,40.49999999999999,37.72,39.419999999999995
2025-04-07 06:00:00+00:00,22.58,36.92,31.749999999999993
2025-04-07 12:00:00+00:00,16.7,23.14,21.980000000000004
2025-04-07 18:00:00+00:00,33.209999999999994,27.369999999999997,12.359999999999996
2025-04-08 00:00:00+00:00,32.83,38.92999999999999,17.86
2025-04-08 06:00:00+00:00,58.510000000000005,61.41,47.21
2025-04-08 12:00:00+00:00,37.27,40.84,34.529999999999994
2025-04-08 18:00:00+00:00,32.980000000000004,27.720000000000002,26.880000000000003
2025-04-09 00:00:00+00:00,58.49,36.73,37.980000000000004
2025-04-09 06:00:00+00:00,28.179999999999996,49.6,44.309999999999995
2025-04-09 12:00:00+00:00,18.929999999999996,34.86,30.150000000000006
2025-04-09 18:00:00+00:00,26.509999999999998,18.309999999999995,19.52
2025-04-10 00:00:00+00:00,36.09,30.569999999999993,30.589999999999996
2025-04-10 06:00:00+00:00,38.67,33.43,34.870000000000005
2025-04-10 12:00:00+00:00,18.87,18.14,16.239999999999995
2025-04-10 18:00:00+00:00,15.649999999999999,14.259999999999998,13.690000000000001
2025-04-11 00:00:00+00:00,23.240000000000002,21.589999999999996,18.65
2025-04-11 06:00:00+00:00,44.82000000000001,45.23,44.370000000000005
2025-04-11 12:00:00+00:00,26.17,27.799999999999997,11.96
2025-04-11 18:00:00+00:00,17.830000000000002,17.7,18.759999999999998
2025-04-12 00:00:00+00:00,31.24,26.79,28.749999999999993
2025-04-12 06:00:00+00:00,8.130000000000003,7.899999999999999,7.169999999999995
2025-04-12 12:00:00+00:00,19.96,15.329999999999998,12.690000000000001
2025-04-12 18:00:00+00:00,19.770000000000003,18.19,16.79
2025-04-13 00:00:00+00:00,27.040000000000003,14.75,15.049999999999997
2025-04-13 06:00:00+00:00,4.720000000000001,3.520000000000003,4.060000000000002
2025-04-13 12:00:00+00:00,6.469999999999999,5.699999999999996,5.32
2025-04-13 18:00:00+00:00,20.19,19.09,10.690000000000001
2025-04-14 00:00:00+00:00,29.71,25.749999999999996,18.830000000000002
2025-04-14 06:00:00+00:00,13.889999999999999,24.080000000000002,20.849999999999998
2025-04-14 12:00:00+00:00,8.859999999999998,10.490000000000002,12.25
2025-04-14 18:00:00+00:00,14.95,20.35,7.849999999999998
2025-04-15 00:00:00+00:00,24.3,29.35,7.399999999999999
2025-04-15 06:00:00+00:00,15.540000000000001,20.010000000000005,19.51
2025-04-15 12:00:00+00:00,7.87,8.760000000000002,10.02
2025-04-15 18:00:00+00:00,23.28,16.63,7.09
2025-04-16 00:00:00+00:00,32.43000000000001,35.269999999999996,21.58
2025-04-16 06:00:00+00:00,40.22,43.209999999999994,39.06
2025-04-16 12:00:00+00:00,22.760000000000005,17.71,16.660000000000004
2025-04-16 18:00:00+00:00,26.7,27.73,25.929999999999996
2025-04-17 00:00:00+00:00,56.24,31.020000000000003,25.639999999999993
2025-04-17 06:00:00+00:00,9.82,27.68,25.330000000000005
2025-04-17 12:00:00+00:00,2.5699999999999994,9.950000000000003,9.830000000000002
2025-04-17 18:00:00+00:00,15.11,18.2,7.059999999999999
2025-04-18 00:00:00+00:00,24.75,33.58,12.57
2025-04-18 06:00:00+00:00,11.98,10.490000000000002,8.629999999999999
2025-04-18 12:00:00+00:00,3.8899999999999997,3.469999999999999,3.1300000000000026
2025-04-18 18:00:00+00:00,14.03,12.25,7.100000000000001
2025-04-19 00:00:00+00:00,11.469999999999999,23.49,13.259999999999998
2025-04-19 06:00:00+00:00,9.16,9.259999999999998,6.590000000000003
2025-04-19 12:00:00+00:00,4.09,2.9499999999999993,5.32
2025-04-19 18:00:00+00:00,25.179999999999996,24.32,13.789999999999996
2025-04-20 00:00:00+00:00,39.75,39.72,20.99
2025-04-20 06:00:00+00:00,11.129999999999999,2.9700000000000024,2.9700000000000024
2025-04-20 12:00:00+00:00,3.8999999999999986,2.379999999999999,2.469999999999999
2025-04-20 18:00:00+00:00,9.089999999999998,15.36,14.560000000000002
2025-04-21 00:00:00+00:00,18.27,22.250000000000004,20.91
2025-04-21 06:00:00+00:00,14.110000000000001,13.960000000000004,14.149999999999999
2025-04-21 12:00:00+00:00,2.3299999999999983,1.4400000000000013,2.2300000000000004
2025-04-21 18:00:00+00:00,26.79,19.92,11.990000000000002
2025-04-22 00:00:00+00:00,33.55,38.519999999999996,22.369999999999997
2025-04-22 06:00:00+00:00,13.260000000000002,16.709999999999997,17.020000000000003
2025-04-22 12:00:00+00:00,4.010000000000002,2.3999999999999986,3.009999999999998
2025-04-22 18:00:00+00:00,31.370000000000005,25.549999999999997,24.79
2025-04-23 00:00:00+00:00,44.78999999999999,45.5,43.919999999999995
2025-04-23 06:00:00+00:00,16.290000000000003,19.1,18.46
2025-04-23 12:00:00+00:00,6.259999999999998,7.18,8.419999999999998
2025-04-23 18:00:00+00:00,20.89,21.66,22.159999999999997
2025-04-24 00:00:00+00:00,38.519999999999996,35.72,34.790000000000006
2025-04-24 06:00:00+00:00,14.75,13.96,14.929999999999996
2025-04-24 12:00:00+00:00,3.830000000000002,4.340000000000003,5.529999999999998
2025-04-24 18:00:00+00:00,20.38,22.04,21.520000000000003
2025-04-25 00:00:00+00:00,28.860000000000003,30.029999999999998,30.630000000000003
2025-04-25 06:00:00+00:00,25.159999999999997,16.290000000000003,17.619999999999997
2025-04-25 12:00:00+00:00,7.010000000000002,2.3299999999999983,2.289999999999999
2025-04-25 18:00:00+00:00,7.110000000000003,8.96,7.619999999999997
2025-04-26 00:00:00+00:00,19.029999999999998,19.900000000000002,18.9
2025-04-26 06:00:00+00:00,2.650000000000002,3.0100000000000016,4.41
2025-04-26 12:00:00+00:00,3.6900000000000013,2.8599999999999994,1.3399999999999999
2025-04-26 18:00:00+00:00,17.52,17.930000000000003,16.759999999999998
2025-04-27 00:00:00+00:00,21.040000000000003,22.33,22.979999999999997
2025-04-27 06:00:00+00:00,9.439999999999998,3.8999999999999986,3.9899999999999984
2025-04-27 12:00:00+00:00,12.500000000000002,2.5700000000000003,3.400000000000002
2025-04-27 18:00:00+00:00,20.740000000000002,15.320000000000004,15.399999999999999
2025-04-28 00:00:00+00:00,25.660000000000004,24.299999999999997,24.199999999999996
2025-04-28 06:00:00+00:00,18.119999999999997,15.190000000000001,14.049999999999997
2025-04-28 12:00:00+00:00,7.080000000000002,3.3599999999999994,3.9299999999999997
2025-04-28 18:00:00+00:00,25.94,30.780000000000005,28.95
2025-04-29 00:00:00+00:00,34.78,37.16,35.08
2025-04-29 06:00:00+00:00,11.63,11.870000000000001,13.150000000000002
2025-04-29 12:00:00+00:00,32.39,7.649999999999999,2.3199999999999967
2025-04-29 18:00:00+00:00,30.21,30.97,32.01
2025-04-30 00:00:00+00:00,44.81999999999999,50.730000000000004,48.260000000000005
2025-04-30 06:00:00+00:00,18.43,15.900000000000002,16.38
2025-04-30 12:00:00+00:00,9.729999999999997,5.559999999999999,5.0
2025-04-30 18:00:00+00:00,25.730000000000004,24.129999999999995,26.35
2025-05-01 00:00:00+00:00,33.31,38.57,38.19
2025-05-01 06:00:00+00:00,17.98,20.43,19.1
2025-05-01 12:00:00+00:00,10.969999999999999,7.600000000000001,8.82
2025-05-01 18:00:00+00:00,26.02,17.97,19.43
2025-05-02 00:00:00+00:00,37.589999999999996,38.86,39.370000000000005
2025-05-02 06:00:00+00:00,19.150000000000002,19.049999999999997,18.44
2025-05-02 12:00:00+00:00,8.730000000000004,8.949999999999996,11.030000000000001
2025-05-02 18:00:00+00:00,21.590000000000003,18.58,18.410000000000004
2025-05-03 00:00:00+00:00,23.800000000000004,23.65,24.08
2025-05-03 06:00:00+00:00,2.91,3.990000000000002,3.9399999999999977
2025-05-03 12:00:00+00:00,6.490000000000002,2.719999999999999,3.1099999999999994
2025-05-03 18:00:00+00:00,22.05,18.06,18.979999999999997
2025-05-04 00:00:00+00:00,27.139999999999997,28.240000000000002,27.709999999999997
2025-05-04 06:00:00+00:00,3.509999999999998,2.620000000000001,2.4499999999999993
2025-05-04 12:00:00+00:00,4.490000000000002,3.66,3.7200000000000024
2025-05-04 18:00:00+00:00,18.479999999999997,16.970000000000002,16.969999999999995
2025-05-05 00:00:00+00:00,26.51,23.979999999999997,24.14
2025-05-05 06:00:00+00:00,26.8,25.5,23.15
2025-05-05 12:00:00+00:00,13.939999999999998,14.700000000000003,14.399999999999999
2025-05-05 18:00:00+00:00,19.330000000000005,20.549999999999997,21.729999999999997
2025-05-06 00:00:00+00:00,39.370000000000005,42.290000000000006,44.849999999999994
2025-05-06 06:00:00+00:00,27.650000000000002,30.16,30.93
2025-05-06 12:00:00+00:00,12.189999999999998,12.5,14.450000000000003
2025-05-06 18:00:00+00:00,27.019999999999996,27.799999999999997,27.93
2025-05-07 00:00:00+00:00,47.38,48.7,47.88
2025-05-07 06:00:00+00:00,20.42,21.949999999999996,22.13
2025-05-07 12:00:00+00:00,9.049999999999997,10.220000000000002,10.419999999999998
2025-05-07 18:00:00+00:00,21.42,21.839999999999996,20.6
2025-05-08 00:00:00+00:00,26.980000000000004,27.04,25.59
2025-05-08 06:00:00+00:00,13.849999999999998,15.320000000000004,13.679999999999996
2025-05-08 12:00:00+00:00,6.289999999999999,3.379999999999999,7.599999999999998
2025-05-08 18:00:00+00:00,20.229999999999997,22.58,21.88
2025-05-09 00:00:00+00:00,38.849999999999994,43.77,42.95
2025-05-09 06:00:00+00:00,12.770000000000003,13.649999999999999,14.330000000000002
2025-05-09 12:00:00+00:00,3.09,5.0,5.530000000000001
2025-05-09 18:00:00+00:00,23.91,24.630000000000003,25.0
2025-05-10 00:00:00+00:00,32.879999999999995,36.419999999999995,38.14000000000001
2025-05-10 06:00:00+00:00,3.469999999999999,2.7699999999999996,2.3100000000000023
2025-05-10 12:00:00+00:00,2.5199999999999996,2.0600000000000023,2.0600000000000023
2025-05-10 18:00:00+00:00,17.01,20.020000000000003,19.91
2025-05-11 00:00:00+00:00,23.72,27.56,24.990000000000002
2025-05-11 06:00:00+00:00,4.030000000000001,1.8999999999999986,1.5899999999999999
2025-05-11 12:00:00+00:00,1.9599999999999973,2.7300000000000004,3.710000000000001
2025-05-11 18:00:00+00:00,32.32,27.779999999999998,27.42
2025-05-12 00:00:00+00:00,32.099999999999994,35.53,36.290000000000006
2025-05-12 06:00:00+00:00,13.560000000000002,14.43,14.329999999999998
2025-05-12 12:00:00+00:00,4.82,3.780000000000001,5.700000000000003
2025-05-12 18:00:00+00:00,24.21,27.009999999999998,25.78
2025-05-13 00:00:00+00:00,34.449999999999996,42.129999999999995,42.720000000000006
2025-05-13 06:00:00+00:00,22.339999999999996,19.59,20.39
2025-05-13 12:00:00+00:00,5.759999999999998,3.1599999999999966,3.9499999999999957
2025-05-13 18:00:00+00:00,20.53,23.04,22.85
2025-05-14 00:00:00+00:00,33.77,39.67,40.03999999999999
2025-05-14 06:00:00+00:00,18.03,20.049999999999997,20.37
2025-05-14 12:00:00+00:00,2.6000000000000014,2.479999999999997,3.4299999999999997
2025-05-14 18:00:00+00:00,25.97,28.820000000000007,28.42
2025-05-15 00:00:00+00:00,40.17,47.03,46.17
2025-05-15 06:00:00+00:00,13.649999999999999,15.830000000000002,16.33
2025-05-15 12:00:00+00:00,8.670000000000002,24.21,14.29
2025-05-15 18:00:00+00:00,38.09,38.14,42.279999999999994
2025-05-16 00:00:00+00:00,52.31,64.77000000000001,57.83
2025-05-16 06:00:00+00:00,6.649999999999999,6.949999999999999,7.060000000000002
2025-05-16 12:00:00+00:00,3.530000000000001,12.670000000000002,10.140000000000004
2025-05-16 18:00:00+00:00,33.42,26.310000000000002,28.11
2025-05-17 00:00:00+00:00,30.44,29.560000000000002,27.46
2025-05-17 06:00:00+00:00,4.170000000000002,8.84,7.59
2025-05-17 12:00:00+00:00,1.3100000000000005,5.969999999999999,4.930000000000003
2025-05-17 18:00:00+00:00,24.61,18.369999999999997,19.07
2025-05-18 00:00:00+00:00,23.4,27.550000000000004,25.799999999999997
2025-05-18 06:00:00+00:00,1.2899999999999991,1.1400000000000006,1.1000000000000014
2025-05-18 12:00:00+00:00,2.2099999999999973,5.490000000000002,5.469999999999999
2025-05-18 18:00:00+00:00,14.54,16.17,16.69
2025-05-19 00:00:00+00:00,27.169999999999998,38.78,28.16
2025-05-19 06:00:00+00:00,13.429999999999998,10.48,11.04
2025-05-19 12:00:00+00:00,2.8599999999999994,4.800000000000001,3.370000000000001
2025-05-19 18:00:00+00:00,11.16,12.879999999999999,11.829999999999998
2025-05-20 00:00:00+00:00,18.62,22.6,21.979999999999997
2025-05-20 06:00:00+00:00,11.909999999999998,8.8,9.27
2025-05-20 12:00:00+00:00,1.0799999999999983,2.539999999999999,2.3599999999999994
2025-05-20 18:00:00+00:00,17.55,15.889999999999997,18.04
2025-05-21 00:00:00+00:00,20.79,22.820000000000004,24.270000000000003
2025-05-21 06:00:00+00:00,7.98,9.89,10.14
2025-05-21 12:00:00+00:00,7.73,4.330000000000002,4.300000000000004
2025-05-21 18:00:00+00:00,15.829999999999998,12.620000000000001,13.330000000000002
2025-05-22 00:00:00+00:00,19.540000000000003,23.069999999999997,23.180000000000003
2025-05-22 06:00:00+00:00,10.799999999999997,11.350000000000001,12.039999999999996
2025-05-22 12:00:00+00:00,6.98,6.129999999999999,6.560000000000002
2025-05-22 18:00:00+00:00,14.77,15.060000000000002,14.45
2025-05-23 00:00:00+00:00,23.090000000000003,24.369999999999997,22.82
2025-05-23 06:00:00+00:00,14.500000000000004,14.010000000000002,14.3
2025-05-23 12:00:00+00:00,6.800000000000001,5.079999999999998,6.129999999999999
2025-05-23 18:00:00+00:00,20.1,17.859999999999996,19.220000000000002
2025-05-24 00:00:00+00:00,23.45,24.680000000000003,23.8
2025-05-24 06:00:00+00:00,1.0700000000000003,1.1699999999999982,1.110000000000003
2025-05-24 12:00:00+00:00,2.120000000000001,2.1799999999999997,1.5199999999999996
2025-05-24 18:00:00+00:00,15.109999999999996,15.670000000000002,16.100000000000005
2025-05-25 00:00:00+00:00,20.509999999999998,21.27,21.65
2025-05-25 06:00:00+00:00,1.5199999999999996,1.8900000000000006,1.9000000000000021
2025-05-25 12:00:00+00:00,1.9800000000000004,1.6900000000000013,1.9600000000000009
2025-05-25 18:00:00+00:00,11.030000000000001,14.530000000000001,12.049999999999997
2025-05-26 00:00:00+00:00,18.490000000000002,20.250000000000004,19.730000000000004
2025-05-26 06:00:00+00:00,1.2600000000000016,1.4399999999999977,1.2699999999999996
2025-05-26 12:00:00+00:00,1.6499999999999986,3.129999999999999,2.270000000000003
2025-05-26 18:00:00+00:00,13.8,15.120000000000005,17.990000000000002
2025-05-27 00:00:00+00:00,14.700000000000003,21.03,21.95
2025-05-27 06:00:00+00:00,8.84,10.55,12.270000000000003
2025-05-27 12:00:00+00:00,2.6400000000000006,1.6799999999999997,2.7399999999999984
2025-05-27 18:00:00+00:00,10.790000000000006,9.649999999999999,10.220000000000006
2025-05-28 00:00:00+00:00,22.250000000000004,23.820000000000004,23.34
2025-05-28 06:00:00+00:00,14.679999999999996,14.84,16.43
2025-05-28 12:00:00+00:00,5.259999999999998,5.630000000000003,7.540000000000006
2025-05-28 18:00:00+00:00,11.769999999999996,12.07,12.699999999999996
2025-05-29 00:00:00+00:00,29.22,28.83,29.410000000000004
2025-05-29 06:00:00+00:00,12.290000000000003,13.57,14.490000000000002
2025-05-29 12:00:00+00:00,4.18,4.239999999999998,5.34
2025-05-29 18:00:00+00:00,11.299999999999997,11.590000000000003,11.669999999999995
2025-05-30 00:00:00+00:00,32.5,33.72,33.64
2025-05-30 06:00:00+00:00,6.120000000000001,5.899999999999999,5.789999999999999
2025-05-30 12:00:00+00:00,4.260000000000002,3.990000000000002,4.18
2025-05-30 18:00:00+00:00,10.979999999999997,11.510000000000005,12.170000000000002
2025-05-31 00:00:00+00:00,22.889999999999997,24.51,25.319999999999997
2025-05-31 06:00:00+00:00,1.7800000000000011,2.0600000000000023,2.1799999999999997
2025-05-31 12:00:00+00:00,4.120000000000001,2.1499999999999986,2.4499999999999993
2025-05-31 18:00:00+00:00,18.549999999999997,12.759999999999998,10.680000000000003
2025-06-01 00:00:00+00:00,16.37,16.869999999999997,16.51
2025-06-01 06:00:00+00:00,3.3100000000000023,3.4400000000000013,3.460000000000001
2025-06-01 12:00:00+00:00,4.019999999999998,5.18,5.299999999999997
2025-06-01 18:00:00+00:00,26.349999999999998,23.2,22.77
2025-06-02 00:00:00+00:00,30.800000000000004,31.830000000000002,31.48
2025-06-02 06:00:00+00:00,7.049999999999999,6.57,6.940000000000001
2025-06-02 12:00:00+00:00,6.100000000000001,5.379999999999999,3.710000000000001
2025-06-02 18:00:00+00:00,20.39,22.71,22.98
2025-06-03 00:00:00+00:00,28.330000000000002,31.619999999999997,30.68
2025-06-03 06:00:00+00:00,6.309999999999999,6.670000000000002,6.790000000000003
2025-06-03 12:00:00+00:00,5.440000000000001,6.109999999999999,7.57
2025-06-03 18:00:00+00:00,25.78,29.26,27.53
2025-06-04 00:00:00+00:00,32.78999999999999,39.82,34.14
2025-06-04 06:00:00+00:00,8.040000000000003,9.34,10.46
2025-06-04 12:00:00+00:00,6.149999999999999,9.920000000000002,5.289999999999999
2025-06-04 18:00:00+00:00,24.71,29.32999999999999,25.880000000000003
2025-06-05 00:00:00+00:00,35.099999999999994,36.96,36.75
2025-06-05 06:00:00+00:00,10.620000000000005,9.660000000000004,9.11
2025-06-05 12:00:00+00:00,2.859999999999996,8.880000000000003,5.780000000000001
2025-06-05 18:00:00+00:00,21.630000000000003,23.059999999999995,21.840000000000003
2025-06-06 00:00:00+00:00,26.4,34.09,29.669999999999998
2025-06-06 06:00:00+00:00,13.650000000000002,12.639999999999997,12.779999999999998
2025-06-06 12:00:00+00:00,3.270000000000003,3.6599999999999966,3.460000000000001
2025-06-06 18:00:00+00:00,6.82,6.8600000000000065,6.469999999999999
2025-06-07 00:00:00+00:00,20.02,20.320000000000004,20.680000000000003
2025-06-07 06:00:00+00:00,1.509999999999998,1.8099999999999987,2.370000000000001
2025-06-07 12:00:00+00:00,5.329999999999998,5.039999999999999,5.27
2025-06-07 18:00:00+00:00,13.14,14.119999999999997,14.019999999999996
2025-06-08 00:00:00+00:00,19.889999999999997,20.83,19.35
2025-06-08 06:00:00+00:00,1.6799999999999997,1.7900000000000027,1.620000000000001
2025-06-08 12:00:00+00:00,3.1999999999999993,4.259999999999998,5.02
2025-06-08 18:00:00+00:00,12.389999999999997,15.010000000000002,16.800000000000004
2025-06-09 00:00:00+00:00,18.26,19.37,19.46
2025-06-09 06:00:00+00:00,7.789999999999999,8.11,8.96
2025-06-09 12:00:00+00:00,3.8699999999999974,1.7899999999999991,1.5500000000000007
2025-06-09 18:00:00+00:00,13.260000000000002,11.8,10.95
2025-06-10 00:00:00+00:00,28.130000000000003,29.8,29.259999999999998
2025-06-10 06:00:00+00:00,5.450000000000003,5.879999999999999,5.899999999999999
2025-06-10 12:00:00+00:00,3.2300000000000004,3.6099999999999994,2.870000000000001
2025-06-10 18:00:00+00:00,20.779999999999998,21.840000000000003,22.359999999999996
2025-06-11 00:00:00+00:00,32.79,32.480000000000004,32.519999999999996
2025-06-11 06:00:00+00:00,7.879999999999999,7.560000000000002,7.879999999999999
2025-06-11 12:00:00+00:00,9.509999999999998,9.8,9.350000000000001
2025-06-11 18:00:00+00:00,20.419999999999995,21.799999999999997,22.880000000000003
2025-06-12 00:00:00+00:00,39.26,41.589999999999996,41.56
2025-06-12 06:00:00+00:00,5.600000000000001,5.990000000000002,6.079999999999998
2025-06-12 12:00:00+00:00,9.810000000000002,9.719999999999999,9.409999999999997
2025-06-12 18:00:00+00:00,13.560000000000002,14.940000000000005,16.009999999999998
2025-06-13 00:00:00+00:00,27.650000000000002,30.01,30.84
2025-06-13 06:00:00+00:00,5.210000000000001,5.789999999999999,5.189999999999998
2025-06-13 12:00:00+00:00,7.689999999999998,8.209999999999997,8.110000000000003
2025-06-13 18:00:00+00:00,8.04,8.579999999999998,9.619999999999997
2025-06-14 00:00:00+00:00,13.799999999999997,13.780000000000001,12.810000000000002
2025-06-14 06:00:00+00:00,1.1099999999999994,1.8299999999999983,2.419999999999998
2025-06-14 12:00:00+00:00,6.48,7.330000000000002,7.610000000000003
2025-06-14 18:00:00+00:00,12.23,12.629999999999999,12.690000000000001
2025-06-15 00:00:00+00:00,17.490000000000002,18.01,18.17
2025-06-15 06:00:00+00:00,1.4499999999999993,2.0100000000000016,2.0700000000000003
2025-06-15 12:00:00+00:00,7.100000000000001,7.199999999999999,6.439999999999998
2025-06-15 18:00:00+00:00,23.75,24.81,25.470000000000002
2025-06-16 00:00:00+00:00,34.849999999999994,35.83,36.11
2025-06-16 06:00:00+00:00,6.130000000000003,6.919999999999998,7.560000000000002
2025-06-16 12:00:00+00:00,11.459999999999997,12.0,11.379999999999999
2025-06-16 18:00:00+00:00,16.310000000000002,17.03,16.870000000000005
2025-06-17 00:00:00+00:00,34.620000000000005,35.92,35.02
2025-06-17 06:00:00+00:00,9.43,9.27,9.120000000000001
2025-06-17 12:00:00+00:00,10.990000000000002,11.889999999999993,11.14
2025-06-17 18:00:00+00:00,23.22,24.249999999999993,24.11
2025-06-18 00:00:00+00:00,44.03,46.36000000000001,45.61999999999999
2025-06-18 06:00:00+00:00,7.389999999999997,7.539999999999999,7.870000000000001
2025-06-18 12:00:00+00:00,6.52,8.459999999999994,13.370000000000001
2025-06-18 18:00:00+00:00,14.620000000000005,13.979999999999997,11.299999999999997
2025-06-19 00:00:00+00:00,22.680000000000003,23.64,24.1
2025-06-19 06:00:00+00:00,5.170000000000002,4.970000000000002,5.510000000000002
2025-06-19 12:00:00+00:00,5.920000000000002,6.140000000000001,6.299999999999997
2025-06-19 18:00:00+00:00,25.15,26.269999999999996,25.129999999999995
2025-06-20 00:00:00+00:00,38.8,40.2,39.45
2025-06-20 06:00:00+00:00,5.079999999999998,6.060000000000002,7.199999999999999
2025-06-20 12:00:00+00:00,9.68,9.229999999999997,8.759999999999998
2025-06-20 18:00:00+00:00,11.479999999999997,13.469999999999999,14.829999999999998
2025-06-21 00:00:00+00:00,18.63,20.97,20.700000000000003
2025-06-21 06:00:00+00:00,5.32,5.030000000000001,4.390000000000001
2025-06-21 12:00:00+00:00,10.98,12.599999999999998,12.39
2025-06-21 18:00:00+00:00,23.48,21.230000000000004,22.0
2025-06-22 00:00:00+00:00,33.339999999999996,32.92999999999999,33.519999999999996
2025-06-22 06:00:00+00:00,3.549999999999997,5.579999999999998,4.960000000000001
2025-06-22 12:00:00+00:00,21.79,22.520000000000003,23.509999999999998
2025-06-22 18:00:00+00:00,30.47,37.64,34.269999999999996
2025-06-23 00:00:00+00:00,44.75,52.17,50.07
2025-06-23 06:00:00+00:00,16.34,17.47,17.5
2025-06-23 12:00:00+00:00,61.690000000000005,70.69,75.16
2025-06-23 18:00:00+00:00,174.14999999999998,160.13,161.85999999999999
2025-06-24 00:00:00+00:00,234.62,238.78999999999996,237.54
2025-06-24 06:00:00+00:00,24.700000000000003,25.629999999999995,25.730000000000004
2025-06-24 12:00:00+00:00,78.02999999999999,84.93,86.28
2025-06-24 18:00:00+00:00,157.19000000000003,159.54000000000002,161.13
2025-06-25 00:00:00+00:00,220.07,236.76,235.26000000000002
2025-06-25 06:00:00+00:00,15.520000000000003,16.490000000000002,16.21
2025-06-25 12:00:00+00:00,29.260000000000005,33.03,35.080000000000005
2025-06-25 18:00:00+00:00,42.05999999999999,38.71000000000001,35.11999999999999
2025-06-26 00:00:00+00:00,92.36999999999998,94.08000000000001,92.22000000000001
2025-06-26 06:00:00+00:00,18.779999999999998,19.65,19.74
2025-06-26 12:00:00+00:00,56.050000000000004,67.22999999999999,75.97
2025-06-26 18:00:00+00:00,70.81,76.00000000000001,69.47999999999999
2025-06-27 00:00:00+00:00,122.52,136.47,134.67
2025-06-27 06:00:00+00:00,10.840000000000003,13.069999999999997,12.350000000000001
2025-06-27 12:00:00+00:00,14.699999999999996,23.769999999999996,22.130000000000003
2025-06-27 18:00:00+00:00,21.4,22.939999999999998,19.67
2025-06-28 00:00:00+00:00,34.849999999999994,42.739999999999995,40.15
2025-06-28 06:00:00+00:00,3.16,2.3199999999999967,2.3200000000000003
2025-06-28 12:00:00+00:00,13.079999999999998,13.64,13.82
2025-06-28 18:00:00+00:00,33.68000000000001,31.520000000000003,32.32
2025-06-29 00:00:00+00:00,41.93000000000001,40.92,42.059999999999995
2025-06-29 06:00:00+00:00,3.270000000000003,3.5,4.049999999999997
2025-06-29 12:00:00+00:00,20.660000000000004,20.610000000000003,20.25
2025-06-29 18:00:00+00:00,48.3,48.739999999999995,49.010000000000005
2025-06-30 00:00:00+00:00,67.49,68.33000000000001,67.45
2025-06-30 06:00:00+00:00,14.520000000000003,15.439999999999998,15.520000000000003
2025-06-30 12:00:00+00:00,30.310000000000002,32.8,32.7
2025-06-30 18:00:00+00:00,15.400000000000006,13.549999999999997,13.810000000000002
2025-07-01 00:00:00+00:00,44.739999999999995,46.730000000000004,49.09
2025-07-01 06:00:00+00:00,9.530000000000001,10.140000000000004,9.920000000000002
2025-07-01 12:00:00+00:00,15.329999999999998,14.980000000000004,15.350000000000001
2025-07-01 18:00:00+00:00,57.54,58.97,56.17
2025-07-02 00:00:00+00:00,68.3,68.72999999999999,66.47999999999999
2025-07-02 06:00:00+00:00,4.93,4.899999999999999,5.050000000000001
2025-07-02 12:00:00+00:00,25.020000000000003,24.380000000000003,24.519999999999996
2025-07-02 18:00:00+00:00,35.28,37.14,37.870000000000005
2025-07-03 00:00:00+00:00,64.81,66.7,65.97
2025-07-03 06:00:00+00:00,8.579999999999998,9.840000000000003,10.04
2025-07-03 12:00:00+00:00,20.159999999999997,18.83,19.18
2025-07-03 18:00:00+00:00,37.989999999999995,38.44,38.7
2025-07-04 00:00:00+00:00,56.78999999999999,57.57,55.519999999999996
2025-07-04 06:00:00+00:00,3.6400000000000006,4.099999999999998,3.6400000000000006
2025-07-04 12:00:00+00:00,21.21,21.050000000000004,21.1
2025-07-04 18:00:00+00:00,27.020000000000003,28.47,27.900000000000006
2025-07-05 00:00:00+00:00,39.58,40.269999999999996,38.99000000000001
2025-07-05 06:00:00+00:00,3.6199999999999974,4.040000000000003,4.390000000000001
2025-07-05 12:00:00+00:00,22.370000000000005,23.07,23.84
2025-07-05 18:00:00+00:00,37.78,37.36000000000001,35.88
2025-07-06 00:00:00+00:00,55.370000000000005,55.31,55.68
2025-07-06 06:00:00+00:00,2.5599999999999987,2.5100000000000016,2.400000000000002
2025-07-06 12:00:00+00:00,22.250000000000004,22.1,23.169999999999998
2025-07-06 18:00:00+00:00,41.01,41.849999999999994,42.120000000000005
2025-07-07 00:00:00+00:00,46.69,46.93,46.699999999999996
2025-07-07 06:00:00+00:00,13.84,13.949999999999996,14.189999999999998
2025-07-07 12:00:00+00:00,20.07,19.11,18.270000000000003
2025-07-07 18:00:00+00:00,38.769999999999996,38.989999999999995,40.29
2025-07-08 00:00:00+00:00,48.79,47.88000000000001,47.129999999999995
2025-07-08 06:00:00+00:00,12.939999999999998,13.630000000000003,13.689999999999998
2025-07-08 12:00:00+00:00,23.610000000000007,21.779999999999994,22.180000000000007
2025-07-08 18:00:00+00:00,37.519999999999996,37.620000000000005,38.42
2025-07-09 00:00:00+00:00,50.65,50.97,51.48
2025-07-09 06:00:00+00:00,8.82,9.96,10.249999999999996
2025-07-09 12:00:00+00:00,18.190000000000005,20.509999999999998,21.529999999999994
2025-07-09 18:00:00+00:00,34.290000000000006,36.290000000000006,34.120000000000005
2025-07-10 00:00:00+00:00,59.55,57.879999999999995,52.94
2025-07-10 06:00:00+00:00,10.64,12.620000000000001,13.809999999999999
2025-07-10 12:00:00+00:00,18.17,19.61,20.080000000000005
2025-07-10 18:00:00+00:00,27.79999999999999,23.46,21.53
2025-07-11 00:00:00+00:00,49.260000000000005,47.3,45.92000000000001
2025-07-11 06:00:00+00:00,15.46,16.06,16.729999999999997
2025-07-11 12:00:00+00:00,30.760000000000005,30.68,33.300000000000004
2025-07-11 18:00:00+00:00,15.040000000000006,16.89,16.590000000000003
2025-07-12 00:00:00+00:00,46.38,45.89000000000001,44.879999999999995
2025-07-12 06:00:00+00:00,5.32,5.450000000000003,6.0
2025-07-12 12:00:00+00:00,14.350000000000001,14.770000000000003,15.71
2025-07-12 18:00:00+00:00,33.43,35.050000000000004,34.779999999999994
2025-07-13 00:00:00+00:00,41.49,42.9,43.43
2025-07-13 06:00:00+00:00,7.059999999999999,5.120000000000001,5.510000000000002
2025-07-13 12:00:00+00:00,15.43,12.52,11.490000000000002
2025-07-13 18:00:00+00:00,39.46000000000001,37.94,36.68
2025-07-14 00:00:00+00:00,51.91,52.580000000000005,51.7
2025-07-14 06:00:00+00:00,12.46,14.77,12.95
2025-07-14 12:00:00+00:00,19.990000000000002,24.049999999999997,23.099999999999994
2025-07-14 18:00:00+00:00,35.730000000000004,38.639999999999986,36.53999999999999
2025-07-15 00:00:00+00:00,71.97,78.44,74.35
2025-07-15 06:00:00+00:00,9.940000000000001,12.82,12.780000000000001
2025-07-15 12:00:00+00:00,43.78,43.529999999999994,46.13
2025-07-15 18:00:00+00:00,60.420000000000016,62.53,61.80000000000001
2025-07-16 00:00:00+00:00,112.80999999999999,113.8,114.46000000000001
2025-07-16 06:00:00+00:00,15.079999999999998,15.760000000000002,17.250000000000004
2025-07-16 12:00:00+00:00,28.39,35.25,37.129999999999995
2025-07-16 18:00:00+00:00,14.930000000000007,33.59,38.829999999999984
2025-07-17 00:00:00+00:00,40.39,60.65,66.27
2025-07-17 06:00:00+00:00,11.459999999999997,13.149999999999999,13.019999999999996
2025-07-17 12:00:00+00:00,14.530000000000001,18.400000000000006,18.060000000000002
2025-07-17 18:00:00+00:00,21.999999999999993,21.72,24.289999999999992
2025-07-18 00:00:00+00:00,34.24,39.849999999999994,39.14999999999999
2025-07-18 06:00:00+00:00,6.389999999999997,10.270000000000003,10.800000000000004
2025-07-18 12:00:00+00:00,13.520000000000003,16.65,19.67
2025-07-18 18:00:00+00:00,14.990000000000002,13.89,12.119999999999997
2025-07-19 00:00:00+00:00,28.650000000000006,28.200000000000003,28.099999999999994
2025-07-19 06:00:00+00:00,2.620000000000001,2.3800000000000026,2.4299999999999997
2025-07-19 12:00:00+00:00,20.740000000000002,24.450000000000003,12.099999999999994
2025-07-19 18:00:00+00:00,17.660000000000004,16.709999999999994,28.659999999999997
2025-07-20 00:00:00+00:00,26.64,25.939999999999998,17.479999999999997
2025-07-20 06:00:00+00:00,3.5799999999999983,2.25,2.4200000000000017
2025-07-20 12:00:00+00:00,17.37,16.709999999999997,16.54
2025-07-20 18:00:00+00:00,25.370000000000005,28.290000000000006,22.929999999999993
2025-07-21 00:00:00+00:00,47.22,47.769999999999996,29.269999999999996
2025-07-21 06:00:00+00:00,10.379999999999995,12.64,12.759999999999998
2025-07-21 12:00:00+00:00,14.219999999999999,14.490000000000002,15.060000000000002
2025-07-21 18:00:00+00:00,27.620000000000005,26.689999999999998,18.489999999999995
2025-07-22 00:00:00+00:00,45.75999999999999,48.57000000000001,25.0
2025-07-22 06:00:00+00:00,7.82,8.189999999999998,7.879999999999999
2025-07-22 12:00:00+00:00,16.700000000000003,14.099999999999994,14.18
2025-07-22 18:00:00+00:00,30.96,31.86999999999999,31.790000000000006
2025-07-23 00:00:00+00:00,49.8,53.31999999999999,41.41
2025-07-23 06:00:00+00:00,4.810000000000002,5.739999999999998,5.699999999999999
2025-07-23 12:00:00+00:00,30.75,30.53,32.739999999999995
2025-07-23 18:00:00+00:00,62.11,65.76,61.89
2025-07-24 00:00:00+00:00,104.93,107.35999999999999,114.07999999999998
2025-07-24 06:00:00+00:00,12.830000000000002,13.98,15.030000000000001
2025-07-24 12:00:00+00:00,52.84,59.669999999999995,61.029999999999994
2025-07-24 18:00:00+00:00,125.05,142.93,143.35999999999999
2025-07-25 00:00:00+00:00,184.89000000000001,192.04999999999998,192.32999999999998
2025-07-25 06:00:00+00:00,11.259999999999998,11.979999999999997,12.57
2025-07-25 12:00:00+00:00,24.29,26.860000000000007,26.740000000000002
2025-07-25 18:00:00+00:00,51.07000000000001,50.260000000000005,50.349999999999994
2025-07-26 00:00:00+00:00,66.72999999999999,68.75999999999999,71.25
2025-07-26 06:00:00+00:00,3.150000000000002,3.3000000000000007,3.650000000000002
2025-07-26 12:00:00+00:00,23.35,23.75,24.13
2025-07-26 18:00:00+00:00,28.249999999999993,28.400000000000006,28.11999999999999
2025-07-27 00:00:00+00:00,40.53999999999999,39.93,39.72
2025-07-27 06:00:00+00:00,2.6599999999999966,2.5700000000000003,3.2699999999999996
2025-07-27 12:00:00+00:00,26.499999999999996,26.52,27.71
2025-07-27 18:00:00+00:00,44.5,45.620000000000005,46.91
2025-07-28 00:00:00+00:00,56.94,56.99999999999999,58.00000000000001
2025-07-28 06:00:00+00:00,10.21,11.009999999999998,12.190000000000001
2025-07-28 12:00:00+00:00,80.71,82.22,87.25000000000001
2025-07-28 18:00:00+00:00,236.95,251.66000000000003,250.89
2025-07-29 00:00:00+00:00,242.86,260.23,257.08
2025-07-29 06:00:00+00:00,14.130000000000003,14.759999999999998,15.350000000000001
2025-07-29 12:00:00+00:00,82.17,87.6,88.50999999999999
2025-07-29 18:00:00+00:00,258.51,272.28999999999996,273.52
2025-07-30 00:00:00+00:00,237.82,248.40999999999997,242.93
2025-07-30 06:00:00+00:00,12.700000000000003,13.25,15.11
2025-07-30 12:00:00+00:00,48.75999999999999,55.970000000000006,56.33
2025-07-30 18:00:00+00:00,18.64,20.810000000000016,17.47999999999999
2025-07-31 00:00:00+00:00,62.010000000000005,64.58000000000001,64.22999999999999
2025-07-31 06:00:00+00:00,11.009999999999998,11.490000000000002,11.829999999999998
2025-07-31 12:00:00+00:00,7.330000000000005,8.560000000000002,9.590000000000003
2025-07-31 18:00:00+00:00,14.25,15.310000000000002,13.600000000000001
2025-08-01 00:00:00+00:00,26.79,27.67,27.08
2025-08-01 06:00:00+00:00,7.849999999999998,8.580000000000002,9.48
2025-08-01 12:00:00+00:00,6.829999999999998,6.450000000000003,7.2499999999999964
2025-08-01 18:00:00+00:00,12.25,14.700000000000003,15.759999999999998
2025-08-02 00:00:00+00:00,24.45,30.089999999999996,32.370000000000005
2025-08-02 06:00:00+00:00,1.6699999999999982,1.7100000000000009,2.030000000000001
2025-08-02 12:00:00+00:00,5.800000000000001,6.550000000000001,6.210000000000001
2025-08-02 18:00:00+00:00,18.540000000000003,19.0,18.930000000000003
2025-08-03 00:00:00+00:00,23.629999999999995,22.540000000000003,22.91
2025-08-03 06:00:00+00:00,2.1999999999999993,2.289999999999999,2.25
2025-08-03 12:00:00+00:00,9.350000000000001,9.579999999999998,10.309999999999999
2025-08-03 18:00:00+00:00,30.65,31.310000000000002,31.27
2025-08-04 00:00:00+00:00,31.020000000000003,29.710000000000004,30.020000000000003
2025-08-04 06:00:00+00:00,8.649999999999999,9.07,9.34
2025-08-04 12:00:00+00:00,16.859999999999996,17.51,18.5
2025-08-04 18:00:00+00:00,22.759999999999998,23.47,22.64999999999999
2025-08-05 00:00:00+00:00,34.64999999999999,35.519999999999996,35.690000000000005
2025-08-05 06:00:00+00:00,8.34,9.289999999999996,9.0
2025-08-05 12:00:00+00:00,11.560000000000002,12.760000000000005,14.089999999999996
2025-08-05 18:00:00+00:00,38.06,37.85,37.56
2025-08-06 00:00:00+00:00,39.1,39.349999999999994,39.09
2025-08-06 06:00:00+00:00,8.75,8.990000000000002,9.219999999999999
2025-08-06 12:00:00+00:00,18.66,18.88,18.310000000000002
2025-08-06 18:00:00+00:00,39.78999999999999,40.03,42.449999999999996
2025-08-07 00:00:00+00:00,51.08,54.13999999999999,54.78
2025-08-07 06:00:00+00:00,7.890000000000004,8.400000000000002,9.099999999999998
2025-08-07 12:00:00+00:00,19.150000000000002,17.659999999999997,18.22
2025-08-07 18:00:00+00:00,33.18,32.830000000000005,32.82000000000001
2025-08-08 00:00:00+00:00,48.78,50.33,50.69999999999999
2025-08-08 06:00:00+00:00,7.300000000000001,8.289999999999996,7.690000000000001
2025-08-08 12:00:00+00:00,24.46,32.99000000000001,24.88
2025-08-08 18:00:00+00:00,37.629999999999995,58.519999999999996,35.82
2025-08-09 00:00:00+00:00,47.900000000000006,79.36,39.849999999999994
2025-08-09 06:00:00+00:00,1.9299999999999997,2.16,2.7799999999999976
2025-08-09 12:00:00+00:00,25.79,25.59,27.970000000000002
2025-08-09 18:00:00+00:00,36.18,37.39,37.85000000000001
2025-08-10 00:00:00+00:00,40.74,40.980000000000004,44.06999999999999
2025-08-10 06:00:00+00:00,3.1000000000000014,3.210000000000001,3.169999999999998
2025-08-10 12:00:00+00:00,30.02,31.660000000000004,35.239999999999995
2025-08-10 18:00:00+00:00,61.57,63.05,55.94
2025-08-11 00:00:00+00:00,68.13,70.12,74.53
2025-08-11 06:00:00+00:00,12.449999999999996,12.82,12.079999999999998
2025-08-11 12:00:00+00:00,38.33,38.24,61.47
2025-08-11 18:00:00+00:00,73.93,72.67,78.00999999999999
2025-08-12 00:00:00+00:00,79.25,79.03999999999999,115.91
2025-08-12 06:00:00+00:00,13.16,18.28,18.4
2025-08-12 12:00:00+00:00,22.879999999999995,33.99999999999999,55.620000000000005
2025-08-12 18:00:00+00:00,69.52,64.75,45.8
2025-08-13 00:00:00+00:00,60.28,60.489999999999995,63.25
2025-08-13 06:00:00+00:00,13.710000000000004,13.91,14.340000000000003
2025-08-13 12:00:00+00:00,22.519999999999996,23.060000000000002,36.33
2025-08-13 18:00:00+00:00,31.909999999999997,33.879999999999995,21.28
2025-08-14 00:00:00+00:00,47.25,50.72,52.91
2025-08-14 06:00:00+00:00,8.799999999999997,8.559999999999999,8.779999999999998
2025-08-14 12:00:00+00:00,20.710000000000004,21.870000000000005,22.119999999999997
2025-08-14 18:00:00+00:00,20.700000000000003,16.949999999999996,12.39
2025-08-15 00:00:00+00:00,42.44999999999999,42.580000000000005,43.519999999999996
2025-08-15 06:00:00+00:00,6.759999999999998,6.289999999999999,5.719999999999999
2025-08-15 12:00:00+00:00,37.5,38.28,47.449999999999996
2025-08-15 18:00:00+00:00,44.11,46.64,39.47
2025-08-16 00:00:00+00:00,58.17999999999999,52.08,55.269999999999996
2025-08-16 06:00:00+00:00,3.240000000000002,2.25,1.9800000000000004
2025-08-16 12:00:00+00:00,43.46000000000001,41.95,50.540000000000006
2025-08-16 18:00:00+00:00,52.75,52.129999999999995,49.34
2025-08-17 00:00:00+00:00,57.239999999999995,59.71000000000001,65.48
2025-08-17 06:00:00+00:00,4.59,4.440000000000001,4.52
2025-08-17 12:00:00+00:00,22.799999999999997,23.64,24.319999999999997
2025-08-17 18:00:00+00:00,40.529999999999994,43.830000000000005,45.989999999999995
2025-08-18 00:00:00+00:00,36.57,36.92999999999999,38.0
2025-08-18 06:00:00+00:00,10.529999999999998,11.279999999999998,12.410000000000004
2025-08-18 12:00:00+00:00,27.04,27.450000000000003,29.270000000000003
2025-08-18 18:00:00+00:00,78.79,81.36000000000001,88.71000000000001
2025-08-19 00:00:00+00:00,64.38,64.93,70.39999999999999
2025-08-19 06:00:00+00:00,12.720000000000002,13.879999999999999,17.090000000000003
2025-08-19 12:00:00+00:00,20.699999999999996,20.07,19.730000000000004
2025-08-19 18:00:00+00:00,22.789999999999992,34.849999999999994,21.140000000000008
2025-08-20 00:00:00+00:00,33.68,61.99,28.5
2025-08-20 06:00:00+00:00,14.439999999999998,14.600000000000001,15.900000000000002
2025-08-20 12:00:00+00:00,3.0199999999999996,4.189999999999998,3.8999999999999986
2025-08-20 18:00:00+00:00,13.339999999999996,15.030000000000001,11.219999999999999
2025-08-21 00:00:00+00:00,17.840000000000003,18.62,17.96
2025-08-21 06:00:00+00:00,10.099999999999998,10.11,10.319999999999997
2025-08-21 12:00:00+00:00,10.799999999999997,8.419999999999998,4.850000000000001
2025-08-21 18:00:00+00:00,30.839999999999996,27.370000000000005,11.299999999999997
2025-08-22 00:00:00+00:00,41.53,35.28,18.150000000000002
2025-08-22 06:00:00+00:00,9.870000000000005,9.879999999999999,10.580000000000002
2025-08-22 12:00:00+00:00,11.149999999999999,8.96,3.4599999999999937
2025-08-22 18:00:00+00:00,24.360000000000007,19.859999999999992,6.150000000000006
2025-08-23 00:00:00+00:00,37.2,31.319999999999997,15.550000000000004
2025-08-23 06:00:00+00:00,2.4400000000000013,2.150000000000002,2.4200000000000017
2025-08-23 12:00:00+00:00,5.789999999999999,6.170000000000002,6.419999999999998
2025-08-23 18:00:00+00:00,19.880000000000003,19.529999999999998,11.479999999999997
2025-08-24 00:00:00+00:00,21.79,20.740000000000002,12.529999999999998
2025-08-24 06:00:00+00:00,1.6999999999999993,2.0199999999999996,2.0599999999999987
2025-08-24 12:00:00+00:00,2.3999999999999986,3.0700000000000003,4.199999999999999
2025-08-24 18:00:00+00:00,19.44,21.090000000000003,11.249999999999996
2025-08-25 00:00:00+00:00,23.419999999999998,24.509999999999998,14.370000000000001
2025-08-25 06:00:00+00:00,9.350000000000001,9.399999999999999,10.59
2025-08-25 12:00:00+00:00,2.6999999999999993,2.6400000000000006,2.780000000000001
2025-08-25 18:00:00+00:00,25.419999999999998,22.099999999999998,14.32
2025-08-26 00:00:00+00:00,28.74,27.11,18.16
2025-08-26 06:00:00+00:00,6.890000000000001,8.119999999999997,8.66
2025-08-26 12:00:00+00:00,2.41,3.6400000000000006,4.140000000000001
2025-08-26 18:00:00+00:00,13.309999999999999,12.89,12.329999999999998
2025-08-27 00:00:00+00:00,15.959999999999997,17.029999999999998,17.39
2025-08-27 06:00:00+00:00,10.98,9.379999999999999,9.59
2025-08-27 12:00:00+00:00,3.379999999999999,3.1000000000000014,3.1199999999999974
2025-08-27 18:00:00+00:00,20.28,20.61,18.37
2025-08-28 00:00:00+00:00,20.18,20.639999999999997,20.609999999999996
2025-08-28 06:00:00+00:00,10.670000000000002,10.8,11.209999999999997
2025-08-28 12:00:00+00:00,7.23,7.279999999999998,6.93
2025-08-28 18:00:00+00:00,15.829999999999998,15.700000000000003,16.599999999999998
2025-08-29 00:00:00+00:00,16.64,16.31,16.360000000000003
2025-08-29 06:00:00+00:00,10.57,11.45,11.000000000000004
2025-08-29 12:00:00+00:00,7.09,7.129999999999999,7.449999999999999
2025-08-29 18:00:00+00:00,14.829999999999998,16.4,17.190000000000005
2025-08-30 00:00:00+00:00,20.819999999999997,21.33,22.220000000000002
2025-08-30 06:00:00+00:00,0.6899999999999977,0.740000000000002,0.9299999999999997
2025-08-30 12:00:00+00:00,3.7900000000000027,3.990000000000002,3.7399999999999984
2025-08-30 18:00:00+00:00,19.919999999999998,20.120000000000005,18.98
2025-08-31 00:00:00+00:00,17.689999999999998,19.14,18.83
2025-08-31 06:00:00+00:00,1.4499999999999993,1.629999999999999,2.1700000000000017
2025-08-31 12:00:00+00:00,3.8099999999999987,4.23,3.9400000000000013
2025-08-31 18:00:00+00:00,23.330000000000002,23.549999999999997,23.129999999999995
2025-09-01 00:00:00+00:00,17.01,16.990000000000002,16.9
2025-09-01 06:00:00+00:00,1.5599999999999987,1.4600000000000009,1.5599999999999987
2025-09-01 12:00:00+00:00,4.66,4.829999999999998,5.27
2025-09-01 18:00:00+00:00,26.330000000000002,27.56,22.95
2025-09-02 00:00:00+00:00,19.080000000000002,19.810000000000002,17.270000000000003
2025-09-02 06:00:00+00:00,14.850000000000001,15.36,15.07
2025-09-02 12:00:00+00:00,8.880000000000003,9.25,9.829999999999998
2025-09-02 18:00:00+00:00,23.57,22.410000000000004,18.97
2025-09-03 00:00:00+00:00,25.290000000000003,24.299999999999997,23.8
2025-09-03 06:00:00+00:00,9.23,11.760000000000005,11.879999999999999
2025-09-03 12:00:00+00:00,1.6600000000000001,4.400000000000002,3.849999999999998
2025-09-03 18:00:00+00:00,21.550000000000004,31.130000000000003,17.08
2025-09-04 00:00:00+00:00,21.87,31.21,22.0
2025-09-04 06:00:00+00:00,12.640000000000004,12.5,13.59
2025-09-04 12:00:00+00:00,4.689999999999998,3.75,4.27
2025-09-04 18:00:00+00:00,17.37,23.659999999999997,21.900000000000002
2025-09-05 00:00:00+00:00,20.64,15.170000000000002,10.149999999999999
2025-09-05 06:00:00+00:00,9.490000000000002,8.23,4.0
2025-09-05 12:00:00+00:00,2.92,8.560000000000002,6.260000000000002
2025-09-05 18:00:00+00:00,22.970000000000002,35.0,13.190000000000001
2025-09-06 00:00:00+00:00,21.43,32.83,19.400000000000002
2025-09-06 06:00:00+00:00,3.0500000000000007,2.759999999999998,2.9499999999999993
2025-09-06 12:00:00+00:00,4.34,1.7100000000000009,1.5199999999999996
2025-09-06 18:00:00+00:00,26.529999999999998,25.52,23.040000000000003
2025-09-07 00:00:00+00:00,21.46,22.23,22.0
2025-09-07 06:00:00+00:00,2.169999999999998,2.1000000000000014,2.240000000000002
2025-09-07 12:00:00+00:00,2.969999999999999,3.1000000000000014,2.4200000000000017
2025-09-07 18:00:00+00:00,35.36,38.769999999999996,21.519999999999996
2025-09-08 00:00:00+00:00,23.869999999999997,23.81,12.899999999999999
2025-09-08 06:00:00+00:00,13.559999999999999,15.420000000000002,16.62
2025-09-08 12:00:00+00:00,3.0799999999999983,4.260000000000002,4.489999999999998
2025-09-08 18:00:00+00:00,30.789999999999996,30.07,30.17
2025-09-09 00:00:00+00:00,17.470000000000002,15.499999999999996,17.78
2025-09-09 06:00:00+00:00,12.82,15.030000000000001,17.919999999999998
2025-09-09 12:00:00+00:00,7.060000000000002,6.300000000000001,6.079999999999998
2025-09-09 18:00:00+00:00,44.870000000000005,44.07,45.6
2025-09-10 00:00:00+00:00,30.110000000000003,30.0,30.769999999999996
2025-09-10 06:00:00+00:00,20.000000000000004,21.020000000000003,22.08
2025-09-10 12:00:00+00:00,7.350000000000001,7.830000000000002,8.09
2025-09-10 18:00:00+00:00,47.77,53.85,36.41
2025-09-11 00:00:00+00:00,35.67,40.620000000000005,21.209999999999997
2025-09-11 06:00:00+00:00,16.26,16.83,16.990000000000002
2025-09-11 12:00:00+00:00,9.029999999999998,8.420000000000002,7.940000000000001
2025-09-11 18:00:00+00:00,43.34,46.39,41.330000000000005
2025-09-12 00:00:00+00:00,32.09,36.82,30.55
2025-09-12 06:00:00+00:00,12.059999999999999,12.299999999999997,14.850000000000001
2025-09-12 12:00:00+00:00,10.25,10.61,10.610000000000003
2025-09-12 18:00:00+00:00,36.58,37.309999999999995,28.020000000000003
2025-09-13 00:00:00+00:00,28.959999999999997,27.950000000000003,18.5
2025-09-13 06:00:00+00:00,3.6900000000000013,4.109999999999999,6.460000000000001
2025-09-13 12:00:00+00:00,12.609999999999996,11.41,8.45
2025-09-13 18:00:00+00:00,35.209999999999994,41.2,26.229999999999997
2025-09-14 00:00:00+00:00,27.279999999999998,28.790000000000003,19.370000000000005
2025-09-14 06:00:00+00:00,1.8999999999999986,1.990000000000002,1.5
2025-09-14 12:00:00+00:00,11.96,10.689999999999998,9.060000000000002
2025-09-14 18:00:00+00:00,39.24,42.73,33.24000000000001
2025-09-15 00:00:00+00:00,30.740000000000002,32.07,29.879999999999995
2025-09-15 06:00:00+00:00,15.520000000000003,14.389999999999997,13.889999999999997
2025-09-15 12:00:00+00:00,14.86,13.770000000000003,14.449999999999996
2025-09-15 18:00:00+00:00,58.74,73.86,49.199999999999996
2025-09-16 00:00:00+00:00,43.95,47.269999999999996,34.9
2025-09-16 06:00:00+00:00,22.640000000000004,23.88,23.279999999999998
2025-09-16 12:00:00+00:00,12.98,13.779999999999998,15.330000000000002
2025-09-16 18:00:00+00:00,50.23,64.28,51.279999999999994
2025-09-17 00:00:00+00:00,33.6,39.580000000000005,36.06
2025-09-17 06:00:00+00:00,24.730000000000004,25.349999999999998,26.39
2025-09-17 12:00:00+00:00,15.510000000000002,15.39,17.119999999999997
2025-09-17 18:00:00+00:00,47.74,48.44,49.64999999999999
2025-09-18 00:00:00+00:00,42.66,42.53999999999999,44.31999999999999
2025-09-18 06:00:00+00:00,21.730000000000004,22.43,22.609999999999996
2025-09-18 12:00:00+00:00,19.18,16.130000000000003,16.560000000000002
2025-09-18 18:00:00+00:00,40.93000000000001,46.21,40.010000000000005
2025-09-19 00:00:00+00:00,41.339999999999996,39.03,39.7
2025-09-19 06:00:00+00:00,21.520000000000003,22.76,23.41
2025-09-19 12:00:00+00:00,7.659999999999997,7.739999999999995,8.170000000000002
2025-09-19 18:00:00+00:00,25.82,39.6,21.229999999999997
2025-09-20 00:00:00+00:00,28.24,37.260000000000005,25.699999999999996
2025-09-20 06:00:00+00:00,5.850000000000001,6.020000000000003,5.950000000000003
2025-09-20 12:00:00+00:00,8.46,6.84,6.150000000000006
2025-09-20 18:00:00+00:00,33.05,32.970000000000006,31.909999999999997
2025-09-21 00:00:00+00:00,23.3,23.7,23.209999999999997
2025-09-21 06:00:00+00:00,4.190000000000001,4.41,4.440000000000001
2025-09-21 12:00:00+00:00,6.939999999999998,6.959999999999997,7.259999999999998
2025-09-21 18:00:00+00:00,26.959999999999994,26.009999999999998,25.89
2025-09-22 00:00:00+00:00,25.46,25.94,26.23
2025-09-22 06:00:00+00:00,29.680000000000003,31.12,31.37
2025-09-22 12:00:00+00:00,9.020000000000003,9.189999999999998,9.71
2025-09-22 18:00:00+00:00,40.41,41.449999999999996,42.07
2025-09-23 00:00:00+00:00,45.699999999999996,48.04,48.39
2025-09-23 06:00:00+00:00,43.900000000000006,40.08,40.14
2025-09-23 12:00:00+00:00,6.480000000000004,7.25,7.299999999999997
2025-09-23 18:00:00+00:00,33.46,32.949999999999996,32.64999999999999
2025-09-24 00:00:00+00:00,46.24,45.379999999999995,45.67000000000001
2025-09-24 06:00:00+00:00,25.279999999999998,25.929999999999996,26.529999999999998
2025-09-24 12:00:00+00:00,6.240000000000002,6.209999999999994,5.460000000000001
2025-09-24 18:00:00+00:00,28.549999999999997,29.46999999999999,30.160000000000004
2025-09-25 00:00:00+00:00,29.4,29.979999999999997,30.319999999999993
2025-09-25 06:00:00+00:00,28.37,28.990000000000002,29.880000000000003
2025-09-25 12:00:00+00:00,12.050000000000004,12.019999999999996,12.240000000000002
2025-09-25 18:00:00+00:00,57.120000000000005,54.440000000000005,56.07999999999999
2025-09-26 00:00:00+00:00,47.660000000000004,44.87,45.67
2025-09-26 06:00:00+00:00,28.290000000000003,27.360000000000003,27.070000000000004
2025-09-26 12:00:00+00:00,14.700000000000003,14.93,14.530000000000001
2025-09-26 18:00:00+00:00,52.910000000000004,53.65,52.61
2025-09-27 00:00:00+00:00,36.29,32.11,33.21999999999999
2025-09-27 06:00:00+00:00,6.399999999999999,5.420000000000002,6.450000000000003
2025-09-27 12:00:00+00:00,11.299999999999997,11.490000000000002,12.170000000000002
2025-09-27 18:00:00+00:00,69.23,71.77000000000001,71.47
2025-09-28 00:00:00+00:00,27.36,28.570000000000007,28.309999999999995
2025-09-28 06:00:00+00:00,3.3000000000000043,4.350000000000001,4.030000000000001
2025-09-28 12:00:00+00:00,15.399999999999999,16.310000000000002,15.330000000000002
2025-09-28 18:00:00+00:00,83.56,84.38,85.0
2025-09-29 00:00:00+00:00,42.68,41.089999999999996,38.190000000000005
2025-09-29 06:00:00+00:00,19.930000000000003,22.49,24.029999999999998
2025-09-29 12:00:00+00:00,31.55,25.9,26.55
2025-09-29 18:00:00+00:00,131.07999999999998,136.54000000000002,124.42
2025-09-30 00:00:00+00:00,76.91,76.13999999999999,75.9
2025-09-30 06:00:00+00:00,27.75,31.470000000000002,32.5
2025-09-30 12:00:00+00:00,11.600000000000001,12.329999999999998,11.950000000000003
2025-09-30 18:00:00+00:00,72.61999999999999,98.97999999999999,47.72
2025-10-01 00:00:00+00:00,38.44,50.03,21.7
2025-10-01 06:00:00+00:00,16.990000000000002,25.499999999999996,27.05
2025-10-01 12:00:00+00:00,13.600000000000005,12.340000000000003,12.299999999999997
2025-10-01 18:00:00+00:00,63.720000000000006,93.78999999999999,50.84
2025-10-02 00:00:00+00:00,33.489999999999995,46.92,22.03
2025-10-02 06:00:00+00:00,20.839999999999996,27.459999999999997,28.52
2025-10-02 12:00:00+00:00,9.529999999999998,13.46,9.060000000000002
2025-10-02 18:00:00+00:00,70.93,94.03,56.89
2025-10-03 00:00:00+00:00,41.82,46.67,30.92
2025-10-03 06:00:00+00:00,20.73,25.72,23.23
2025-10-03 12:00:00+00:00,17.719999999999995,16.970000000000002,15.09
2025-10-03 18:00:00+00:00,86.47999999999999,95.06,73.64
2025-10-04 00:00:00+00:00,33.099999999999994,31.089999999999996,26.65
2025-10-04 06:00:00+00:00,3.5100000000000016,5.640000000000001,5.079999999999998
2025-10-04 12:00:00+00:00,11.8,22.6,17.4
2025-10-04 18:00:00+00:00,55.45,78.93,69.41
2025-10-05 00:00:00+00:00,20.8,23.07,17.800000000000004
2025-10-05 06:00:00+00:00,7.699999999999999,14.43,8.41
2025-10-05 12:00:00+00:00,10.57,17.23,9.82
2025-10-05 18:00:00+00:00,55.67,73.97,60.54
2025-10-06 00:00:00+00:00,32.72,36.49,22.72
2025-10-06 06:00:00+00:00,30.27,31.13,32.93000000000001
2025-10-06 12:00:00+00:00,20.82,34.53,25.46
2025-10-06 18:00:00+00:00,72.63,134.39000000000001,88.50999999999999
2025-10-07 00:00:00+00:00,56.89,109.31,62.94
2025-10-07 06:00:00+00:00,25.67,26.909999999999997,26.749999999999993
2025-10-07 12:00:00+00:00,13.030000000000001,10.280000000000001,14.799999999999997
2025-10-07 18:00:00+00:00,68.23,85.11,60.9
2025-10-08 00:00:00+00:00,40.45,55.67999999999999,33.34
2025-10-08 06:00:00+00:00,25.759999999999998,30.629999999999995,22.67
2025-10-08 12:00:00+00:00,13.890000000000004,15.770000000000003,13.48
2025-10-08 18:00:00+00:00,39.03999999999999,36.87,33.769999999999996
2025-10-09 00:00:00+00:00,20.76,17.68,7.770000000000003
2025-10-09 06:00:00+00:00,33.55,42.730000000000004,45.61999999999999
2025-10-09 12:00:00+00:00,19.17,26.819999999999997,31.19
2025-10-09 18:00:00+00:00,47.96,50.47,54.92
2025-10-10 00:00:00+00:00,25.650000000000002,29.06,30.550000000000004
2025-10-10 06:00:00+00:00,23.27,31.04,24.0
2025-10-10 12:00:00+00:00,17.31,15.11,14.199999999999996
2025-10-10 18:00:00+00:00,28.400000000000002,32.03,25.63
2025-10-11 00:00:00+00:00,17.869999999999997,15.71,14.670000000000002
2025-10-11 06:00:00+00:00,2.700000000000003,4.989999999999998,4.449999999999996
2025-10-11 12:00:00+00:00,3.6799999999999997,9.559999999999999,9.55
2025-10-11 18:00:00+00:00,29.81,31.749999999999996,31.290000000000003
2025-10-12 00:00:00+00:00,17.47,9.2,8.719999999999999
2025-10-12 06:00:00+00:00,4.85,3.3099999999999987,3.4400000000000013
2025-10-12 12:00:00+00:00,5.5,8.91,8.669999999999998
2025-10-12 18:00:00+00:00,34.24,44.45,45.28
2025-10-13 00:00:00+00:00,16.46,12.59,13.09
2025-10-13 06:00:00+00:00,21.540000000000003,22.220000000000002,22.12
2025-10-13 12:00:00+00:00,7.680000000000003,13.18,15.02
2025-10-13 18:00:00+00:00,57.239999999999995,51.730000000000004,51.14
2025-10-14 00:00:00+00:00,25.62,18.42,17.049999999999997
2025-10-14 06:00:00+00:00,24.06,28.009999999999998,28.97
2025-10-14 12:00:00+00:00,15.93,23.36,24.310000000000002
2025-10-14 18:00:00+00:00,44.92,47.58,47.07999999999999
2025-10-15 00:00:00+00:00,24.049999999999997,24.01,22.369999999999997
2025-10-15 06:00:00+00:00,36.239999999999995,45.459999999999994,37.5
2025-10-15 12:00:00+00:00,36.43,29.800000000000004,28.6
2025-10-15 18:00:00+00:00,47.98,53.03,40.94
2025-10-16 00:00:00+00:00,21.200000000000003,27.78,18.640000000000004
2025-10-16 06:00:00+00:00,26.65,32.269999999999996,30.599999999999998
2025-10-16 12:00:00+00:00,18.850000000000005,26.45,23.06
2025-10-16 18:00:00+00:00,44.25,50.86999999999999,45.82
2025-10-17 00:00:00+00:00,23.92,27.72,18.61
2025-10-17 06:00:00+00:00,23.1,27.96,30.75
2025-10-17 12:00:00+00:00,12.349999999999998,18.08,20.470000000000002
2025-10-17 18:00:00+00:00,41.06,41.84,40.06999999999999
2025-10-18 00:00:00+00:00,18.57,19.529999999999998,18.89
2025-10-18 06:00:00+00:00,10.450000000000003,7.689999999999998,11.23
2025-10-18 12:00:00+00:00,5.869999999999997,3.4400000000000013,4.300000000000001
2025-10-18 18:00:00+00:00,31.39,25.57,30.33
2025-10-19 00:00:00+00:00,15.879999999999999,14.780000000000001,15.68
2025-10-19 06:00:00+00:00,6.529999999999999,3.2900000000000027,5.879999999999999
2025-10-19 12:00:00+00:00,7.49,2.030000000000001,3.2699999999999996
2025-10-19 18:00:00+00:00,46.02,58.970000000000006,37.28
2025-10-20 00:00:00+00:00,19.450000000000003,27.720000000000002,21.919999999999998
2025-10-20 06:00:00+00:00,33.47,45.849999999999994,40.480000000000004
2025-10-20 12:00:00+00:00,27.61,32.0,27.869999999999997
2025-10-20 18:00:00+00:00,45.97,62.82,59.25999999999999
2025-10-21 00:00:00+00:00,21.839999999999996,31.89,26.02
2025-10-21 06:00:00+00:00,29.29,29.560000000000002,33.74
2025-10-21 12:00:00+00:00,22.29,16.53,18.280000000000005
2025-10-21 18:00:00+00:00,36.2,44.31,42.64000000000001
2025-10-22 00:00:00+00:00,17.27,16.97,14.309999999999995
2025-10-22 06:00:00+00:00,31.089999999999996,31.46,36.14999999999999
2025-10-22 12:00:00+00:00,25.37,25.120000000000005,27.1
2025-10-22 18:00:00+00:00,53.379999999999995,47.88000000000001,47.5
2025-10-23 00:00:00+00:00,16.47,17.23,17.07
2025-10-23 06:00:00+00:00,47.510000000000005,45.81,47.79
2025-10-23 12:00:00+00:00,41.42999999999999,42.510000000000005,41.47
2025-10-23 18:00:00+00:00,54.25,53.95,54.18000000000001
2025-10-24 00:00:00+00:00,22.9,22.230000000000004,23.910000000000004
2025-10-24 06:00:00+00:00,53.62,56.589999999999996,57.94
2025-10-24 12:00:00+00:00,52.92999999999999,52.59,53.650000000000006
2025-10-24 18:00:00+00:00,51.970000000000006,49.8,50.779999999999994
2025-10-25 00:00:00+00:00,23.51,17.300000000000004,18.959999999999997
2025-10-25 06:00:00+00:00,15.61,16.369999999999997,18.37
2025-10-25 12:00:00+00:00,13.089999999999996,15.219999999999999,17.49
2025-10-25 18:00:00+00:00,16.589999999999996,19.46,23.609999999999996
2025-10-26 00:00:00+00:00,13.73,12.790000000000003,14.309999999999999
2025-10-26 06:00:00+00:00,6.84,4.719999999999999,7.099999999999998
2025-10-26 12:00:00+00:00,8.25,9.579999999999998,12.440000000000001
2025-10-26 18:00:00+00:00,32.97,35.67,36.55
2025-10-27 00:00:00+00:00,16.42,11.469999999999999,10.399999999999999
2025-10-27 06:00:00+00:00,30.01,34.379999999999995,34.15
2025-10-27 12:00:00+00:00,24.55,32.84,36.35000000000001
2025-10-27 18:00:00+00:00,36.28,36.5,35.27
2025-10-28 00:00:00+00:00,20.370000000000005,16.53,14.629999999999999
2025-10-28 06:00:00+00:00,42.13,44.49,45.86
2025-10-28 12:00:00+00:00,38.300000000000004,44.10999999999999,45.56
2025-10-28 18:00:00+00:00,24.499999999999996,22.12,20.940000000000005
2025-10-29 00:00:00+00:00,19.04,18.34,18.8
2025-10-29 06:00:00+00:00,25.499999999999996,34.75,35.45
2025-10-29 12:00:00+00:00,29.77,30.93,33.620000000000005
2025-10-29 18:00:00+00:00,47.269999999999996,47.38,47.959999999999994
2025-10-30 00:00:00+00:00,22.979999999999997,25.129999999999995,24.940000000000005
2025-10-30 06:00:00+00:00,49.199999999999996,51.32999999999999,53.43
2025-10-30 12:00:00+00:00,60.64999999999999,65.28,65.62
2025-10-30 18:00:00+00:00,43.269999999999996,45.28999999999999,46.279999999999994
2025-10-31 00:00:00+00:00,20.85,21.069999999999997,21.65
2025-10-31 06:00:00+00:00,33.68,38.75,42.56
2025-10-31 12:00:00+00:00,58.55,37.81999999999999,37.980000000000004
2025-10-31 18:00:00+00:00,51.26,29.83,31.29
2025-11-01 00:00:00+00:00,16.53,14.71,15.819999999999997
2025-11-01 06:00:00+00:00,12.420000000000002,15.119999999999997,16.629999999999995
2025-11-01 12:00:00+00:00,18.58,20.86,22.61
2025-11-01 18:00:00+00:00,47.67,48.52,53.79
2025-11-02 00:00:00+00:00,32.5,28.980000000000004,27.379999999999995
2025-11-02 06:00:00+00:00,6.949999999999999,7.760000000000005,8.469999999999999
2025-11-02 12:00:00+00:00,16.000000000000004,18.400000000000002,19.309999999999995
2025-11-02 18:00:00+00:00,32.93,39.06,40.84
2025-11-03 00:00:00+00:00,27.79,18.800000000000004,19.959999999999997
2025-11-03 06:00:00+00:00,14.6,23.970000000000002,23.799999999999997
2025-11-03 12:00:00+00:00,10.219999999999999,26.64,22.750000000000004
2025-11-03 18:00:00+00:00,54.52000000000001,56.85,57.22
2025-11-04 00:00:00+00:00,24.34,29.17,28.62
2025-11-04 06:00:00+00:00,18.12,21.959999999999997,23.88
2025-11-04 12:00:00+00:00,50.59,36.800000000000004,38.879999999999995
2025-11-04 18:00:00+00:00,35.76,37.03,38.39
2025-11-05 00:00:00+00:00,24.47,19.590000000000003,20.339999999999996
2025-11-05 06:00:00+00:00,9.709999999999999,33.47,37.37
2025-11-05 12:00:00+00:00,6.960000000000001,34.32,36.019999999999996
2025-11-05 18:00:00+00:00,61.97,56.620000000000005,58.980000000000004
2025-11-06 00:00:00+00:00,12.620000000000005,16.739999999999995,16.880000000000003
2025-11-06 06:00:00+00:00,30.11,37.959999999999994,45.620000000000005
2025-11-06 12:00:00+00:00,49.650000000000006,54.47,60.72
2025-11-06 18:00:00+00:00,23.519999999999996,52.71000000000001,57.34
2025-11-07 00:00:00+00:00,20.11,25.849999999999998,27.669999999999998
2025-11-07 06:00:00+00:00,16.51,19.63,20.659999999999997
2025-11-07 12:00:00+00:00,16.890000000000004,18.369999999999997,19.44
2025-11-07 18:00:00+00:00,33.379999999999995,29.95,29.17
2025-11-08 00:00:00+00:00,4.690000000000005,6.600000000000001,4.160000000000004
2025-11-08 06:00:00+00:00,15.690000000000005,15.690000000000005,16.64
2025-11-08 12:00:00+00:00,18.96,19.130000000000003,18.760000000000005
2025-11-08 18:00:00+00:00,24.740000000000002,26.119999999999997,27.019999999999996
2025-11-09 00:00:00+00:00,32.82,18.959999999999997,21.669999999999998
2025-11-09 06:00:00+00:00,6.9,5.02,3.66
2025-11-09 12:00:00+00:00,8.450000000000001,4.699999999999999,4.600000000000001
2025-11-09 18:00:00+00:00,27.61,35.2,29.66
2025-11-10 00:00:00+00:00,14.919999999999998,19.93,15.370000000000005
2025-11-10 06:00:00+00:00,31.82,30.540000000000006,27.689999999999998
2025-11-10 12:00:00+00:00,42.900000000000006,55.71,51.419999999999995
2025-11-10 18:00:00+00:00,62.02000000000001,63.400000000000006,59.89
2025-11-11 00:00:00+00:00,20.71,19.35,17.549999999999997
2025-11-11 06:00:00+00:00,26.720000000000006,39.300000000000004,31.730000000000004
2025-11-11 12:00:00+00:00,54.25,65.36,63.94
2025-11-11 18:00:00+00:00,36.84,42.739999999999995,36.879999999999995
2025-11-12 00:00:00+00:00,24.050000000000004,22.979999999999997,20.6
2025-11-12 06:00:00+00:00,26.53,35.50999999999999,25.560000000000002
2025-11-12 12:00:00+00:00,30.72,50.260000000000005,39.31999999999999
2025-11-12 18:00:00+00:00,48.46,49.38999999999999,47.85
2025-11-13 00:00:00+00:00,19.769999999999996,23.07,20.779999999999994
2025-11-13 06:00:00+00:00,22.79,25.550000000000004,23.42
2025-11-13 12:00:00+00:00,44.699999999999996,48.34,45.940000000000005
2025-11-13 18:00:00+00:00,46.349999999999994,44.540000000000006,46.94
2025-11-14 00:00:00+00:00,27.4,10.059999999999995,13.350000000000001
2025-11-14 06:00:00+00:00,37.81,22.949999999999996,25.64
2025-11-14 12:00:00+00:00,45.00999999999999,44.85000000000001,45.45
2025-11-14 18:00:00+00:00,32.24,38.37,37.93
2025-11-15 00:00:00+00:00,21.96,16.53,19.409999999999997
2025-11-15 06:00:00+00:00,5.3,3.3599999999999994,4.370000000000001
2025-11-15 12:00:00+00:00,3.4000000000000004,4.359999999999999,3.960000000000001
2025-11-15 18:00:00+00:00,25.540000000000003,29.28,29.25
2025-11-16 00:00:00+00:00,7.25,12.560000000000002,12.769999999999996
2025-11-16 06:00:00+00:00,8.89,6.370000000000001,6.380000000000003
2025-11-16 12:00:00+00:00,9.7,10.89,10.319999999999997
2025-11-16 18:00:00+00:00,39.74,41.309999999999995,42.49
2025-11-17 00:00:00+00:00,14.580000000000002,12.099999999999994,12.659999999999997
2025-11-17 06:00:00+00:00,27.59,32.57000000000001,32.7
2025-11-17 12:00:00+00:00,57.129999999999995,74.52,72.16
2025-11-17 18:00:00+00:00,41.980000000000004,48.78999999999999,50.61
2025-11-18 00:00:00+00:00,25.16,23.630000000000003,23.090000000000003
2025-11-18 06:00:00+00:00,29.480000000000004,27.619999999999997,27.7
2025-11-18 12:00:00+00:00,19.839999999999996,28.410000000000004,27.22
2025-11-18 18:00:00+00:00,31.659999999999997,32.05,32.26
2025-11-19 00:00:00+00:00,20.050000000000004,20.99000000000001,19.989999999999995
2025-11-19 06:00:00+00:00,25.78000000000001,27.629999999999995,28.619999999999997
2025-11-19 12:00:00+00:00,40.22,41.349999999999994,41.089999999999996
2025-11-19 18:00:00+00:00,33.93,34.36,36.18
2025-11-20 00:00:00+00:00,28.800000000000004,27.96,27.54
2025-11-20 06:00:00+00:00,25.74,28.529999999999994,29.889999999999993
2025-11-20 12:00:00+00:00,19.560000000000002,24.33,28.060000000000002
2025-11-20 18:00:00+00:00,23.150000000000006,22.97,23.769999999999996
2025-11-21 00:00:00+00:00,19.840000000000003,19.43,28.619999999999997
2025-11-21 06:00:00+00:00,15.299999999999997,18.58,23.520000000000003
2025-11-21 12:00:00+00:00,17.480000000000004,20.369999999999997,19.629999999999995
2025-11-21 18:00:00+00:00,17.71,16.759999999999998,16.439999999999998
2025-11-22 00:00:00+00:00,14.670000000000002,13.449999999999996,11.759999999999998
2025-11-22 06:00:00+00:00,5.080000000000002,3.360000000000003,4.699999999999999
2025-11-22 12:00:00+00:00,14.580000000000002,9.640000000000004,9.329999999999998
2025-11-22 18:00:00+00:00,35.459999999999994,35.03,37.68
2025-11-23 00:00:00+00:00,13.559999999999999,10.52,12.400000000000002
2025-11-23 06:00:00+00:00,10.889999999999997,10.059999999999999,10.129999999999999
2025-11-23 12:00:00+00:00,15.419999999999998,17.03,16.200000000000003
2025-11-23 18:00:00+00:00,37.31,36.25,35.269999999999996
2025-11-24 00:00:00+00:00,21.699999999999996,9.36,6.8799999999999955
2025-11-24 06:00:00+00:00,15.589999999999996,21.85,21.07
2025-11-24 12:00:00+00:00,14.149999999999999,21.130000000000003,19.200000000000003
2025-11-24 18:00:00+00:00,25.72,26.310000000000002,28.159999999999997
2025-11-25 00:00:00+00:00,16.61,16.28,16.79
2025-11-25 06:00:00+00:00,22.49,23.799999999999997,25.630000000000003
2025-11-25 12:00:00+00:00,29.36,28.660000000000004,27.959999999999994
2025-11-25 18:00:00+00:00,11.82,15.399999999999999,25.059999999999995
2025-11-26 00:00:00+00:00,18.22,13.719999999999995,14.490000000000002
2025-11-26 06:00:00+00:00,12.870000000000001,10.420000000000002,10.209999999999997
2025-11-26 12:00:00+00:00,8.180000000000003,14.419999999999998,13.950000000000003
2025-11-26 18:00:00+00:00,22.439999999999998,24.930000000000003,21.709999999999997
2025-11-27 00:00:00+00:00,19.5,15.64,14.230000000000004
2025-11-27 06:00:00+00:00,11.349999999999998,5.889999999999997,3.960000000000001
2025-11-27 12:00:00+00:00,8.05,11.729999999999997,8.529999999999998
2025-11-27 18:00:00+00:00,16.67,14.899999999999999,16.389999999999997
2025-11-28 00:00:00+00:00,4.289999999999999,4.609999999999999,10.61
2025-11-28 06:00:00+00:00,9.600000000000005,11.860000000000007,13.299999999999997
2025-11-28 12:00:00+00:00,8.849999999999994,17.089999999999996,11.090000000000003
2025-11-28 18:00:00+00:00,29.65,34.25,27.29
2025-11-29 00:00:00+00:00,13.100000000000001,14.599999999999994,13.270000000000003
2025-11-29 06:00:00+00:00,6.779999999999998,6.289999999999999,13.899999999999999
2025-11-29 12:00:00+00:00,2.009999999999998,6.75,16.089999999999996
2025-11-29 18:00:00+00:00,10.98,11.690000000000005,17.54
2025-11-30 00:00:00+00:00,9.96,8.139999999999997,9.690000000000001
2025-11-30 06:00:00+00:00,5.16,4.030000000000001,3.91
2025-11-30 12:00:00+00:00,1.4600000000000009,3.639999999999997,4.460000000000001
2025-11-30 18:00:00+00:00,34.56,34.010000000000005,33.49
2025-12-01 00:00:00+00:00,12.439999999999998,9.600000000000001,8.469999999999999
2025-12-01 06:00:00+00:00,32.800000000000004,34.470000000000006,34.2
2025-12-01 12:00:00+00:00,39.28,41.78,42.5
2025-12-01 18:00:00+00:00,31.96999999999999,34.57,34.89999999999999
2025-12-02 00:00:00+00:00,31.370000000000005,31.790000000000006,31.450000000000003
2025-12-02 06:00:00+00:00,19.07,24.009999999999998,21.79
2025-12-02 12:00:00+00:00,47.5,46.980000000000004,47.08
2025-12-02 18:00:00+00:00,51.559999999999995,45.67000000000001,47.11
2025-12-03 00:00:00+00:00,42.35,34.010000000000005,36.68000000000001
2025-12-03 06:00:00+00:00,14.190000000000005,25.22,25.560000000000002
2025-12-03 12:00:00+00:00,27.110000000000007,53.620000000000005,46.419999999999995
2025-12-03 18:00:00+00:00,46.89,49.19,50.36
2025-12-04 00:00:00+00:00,17.080000000000005,16.61,19.18
2025-12-04 06:00:00+00:00,29.14,26.660000000000004,29.629999999999995
2025-12-04 12:00:00+00:00,55.220000000000006,52.68,53.230000000000004
2025-12-04 18:00:00+00:00,61.1,53.41,75.12
2025-12-05 00:00:00+00:00,37.76,30.660000000000004,31.74000000000001
2025-12-05 06:00:00+00:00,21.65,15.100000000000001,19.879999999999995
2025-12-05 12:00:00+00:00,41.379999999999995,46.199999999999996,48.309999999999995
2025-12-05 18:00:00+00:00,22.880000000000003,24.449999999999996,29.430000000000007
2025-12-06 00:00:00+00:00,13.310000000000002,14.529999999999994,19.67
2025-12-06 06:00:00+00:00,18.950000000000003,15.79,16.129999999999995
2025-12-06 12:00:00+00:00,18.82,18.249999999999993,10.75
2025-12-06 18:00:00+00:00,44.08,28.020000000000003,46.06999999999999
2025-12-07 00:00:00+00:00,29.58,19.04999999999999,26.879999999999995
2025-12-07 06:00:00+00:00,8.740000000000002,5.919999999999995,3.8000000000000043
2025-12-07 12:00:00+00:00,5.049999999999997,4.43,7.439999999999998
2025-12-07 18:00:00+00:00,35.02,32.00999999999999,33.230000000000004
2025-12-08 00:00:00+00:00,14.04,17.479999999999997,20.120000000000005
2025-12-08 06:00:00+00:00,21.290000000000006,18.61,23.059999999999995
2025-12-08 12:00:00+00:00,47.05,54.11,63.760000000000005
2025-12-08 18:00:00+00:00,63.85000000000001,56.54,67.88
2025-12-09 00:00:00+00:00,56.42999999999999,36.760000000000005,39.459999999999994
2025-12-09 06:00:00+00:00,27.68,25.110000000000007,32.82
2025-12-09 12:00:00+00:00,65.78999999999999,59.629999999999995,56.00000000000001
2025-12-09 18:00:00+00:00,37.31,42.349999999999994,59.279999999999994
2025-12-10 00:00:00+00:00,30.960000000000004,32.65,36.9
2025-12-10 06:00:00+00:00,15.110000000000001,12.119999999999997,11.010000000000005
2025-12-10 12:00:00+00:00,23.959999999999997,31.109999999999992,28.78
2025-12-10 18:00:00+00:00,44.52,26.349999999999994,30.619999999999997
2025-12-11 00:00:00+00:00,16.300000000000004,17.17000000000001,17.429999999999993
2025-12-11 06:00:00+00:00,21.619999999999997,22.190000000000005,25.930000000000007
2025-12-11 12:00:00+00:00,39.330000000000005,39.370000000000005,41.940000000000005
2025-12-11 18:00:00+00:00,43.09,43.43,64.42
2025-12-12 00:00:00+00:00,25.119999999999997,21.760000000000005,25.229999999999997
2025-12-12 06:00:00+00:00,16.200000000000003,9.61,38.74
2025-12-12 12:00:00+00:00,37.199999999999996,34.21000000000001,68.13
2025-12-12 18:00:00+00:00,25.939999999999998,39.080000000000005,51.6
2025-12-13 00:00:00+00:00,15.780000000000001,24.57,28.640000000000008
2025-12-13 06:00:00+00:00,11.469999999999999,9.869999999999997,11.149999999999999
2025-12-13 12:00:00+00:00,13.86,14.120000000000005,15.760000000000005
2025-12-13 18:00:00+00:00,28.47,29.199999999999996,30.549999999999997
2025-12-14 00:00:00+00:00,23.810000000000002,22.849999999999994,27.389999999999993
2025-12-14 06:00:00+00:00,10.950000000000003,10.339999999999996,9.079999999999998
2025-12-14 12:00:00+00:00,21.6,23.020000000000003,22.52000000000001
2025-12-14 18:00:00+00:00,69.53999999999999,65.91,68.86999999999999
2025-12-15 00:00:00+00:00,53.81999999999999,30.179999999999993,34.36
2025-12-15 06:00:00+00:00,19.160000000000004,55.739999999999995,45.150000000000006
2025-12-15 12:00:00+00:00,43.190000000000005,107.09,89.28
2025-12-15 18:00:00+00:00,58.97,60.03,67.19999999999999
2025-12-16 00:00:00+00:00,30.5,27.93,32.62
2025-12-16 06:00:00+00:00,14.829999999999998,15.86,17.830000000000005
2025-12-16 12:00:00+00:00,44.480000000000004,53.16,52.46
2025-12-16 18:00:00+00:00,19.07,28.93,28.830000000000002
2025-12-17 00:00:00+00:00,10.599999999999998,12.869999999999997,13.469999999999999
2025-12-17 06:00:00+00:00,25.49,24.76,25.12
2025-12-17 12:00:00+00:00,37.87,39.67,41.12
2025-12-17 18:00:00+00:00,19.860000000000003,32.25,37.73
2025-12-18 00:00:00+00:00,15.280000000000001,20.550000000000004,20.580000000000005
2025-12-18 06:00:00+00:00,7.93,7.840000000000003,8.36
2025-12-18 12:00:00+00:00,4.440000000000001,8.920000000000002,9.3
2025-12-18 18:00:00+00:00,10.54,10.120000000000001,10.190000000000001
2025-12-19 00:00:00+00:00,8.68,10.630000000000003,11.539999999999996
2025-12-19 06:00:00+00:00,15.340000000000003,18.400000000000002,8.3
2025-12-19 12:00:00+00:00,26.419999999999998,28.61,9.330000000000005
2025-12-19 18:00:00+00:00,38.120000000000005,36.76,36.269999999999996
2025-12-20 00:00:00+00:00,17.350000000000005,11.049999999999997,11.439999999999998
2025-12-20 06:00:00+00:00,4.66,7.390000000000001,8.170000000000002
2025-12-20 12:00:00+00:00,6.259999999999998,13.600000000000001,15.2
2025-12-20 18:00:00+00:00,15.8,18.320000000000004,18.409999999999997
2025-12-21 00:00:00+00:00,1.1099999999999994,1.9699999999999989,2.200000000000003
2025-12-21 06:00:00+00:00,3.330000000000002,3.0,3.4299999999999997
2025-12-21 12:00:00+00:00,11.46,13.219999999999999,12.400000000000002
2025-12-21 18:00:00+00:00,34.010000000000005,38.46,40.980000000000004
2025-12-22 00:00:00+00:00,20.07,11.46,12.520000000000003
2025-12-22 06:00:00+00:00,7.02,11.979999999999997,12.659999999999997
2025-12-22 12:00:00+00:00,10.230000000000004,21.979999999999997,22.490000000000002
2025-12-22 18:00:00+00:00,10.11,15.129999999999995,17.040000000000006
2025-12-23 00:00:00+00:00,12.04,9.86,10.040000000000003
2025-12-23 06:00:00+00:00,10.370000000000001,19.480000000000004,16.61
2025-12-23 12:00:00+00:00,1.5900000000000034,14.200000000000003,10.300000000000004
2025-12-23 18:00:00+00:00,19.35,19.43,23.75
2025-12-24 00:00:00+00:00,12.0,12.650000000000002,13.720000000000002
2025-12-24 06:00:00+00:00,2.900000000000002,4.260000000000002,5.600000000000001
2025-12-24 12:00:00+00:00,3.210000000000001,4.799999999999997,7.720000000000002
2025-12-24 18:00:00+00:00,9.439999999999998,9.899999999999999,13.610000000000003
2025-12-25 00:00:00+00:00,3.9400000000000013,4.300000000000001,4.07
2025-12-25 06:00:00+00:00,2.830000000000002,2.4499999999999993,2.3099999999999987
2025-12-25 12:00:00+00:00,1.8599999999999994,1.9899999999999984,2.0199999999999996
2025-12-25 18:00:00+00:00,3.490000000000002,6.559999999999999,8.169999999999998
2025-12-26 00:00:00+00:00,1.6400000000000006,5.68,6.900000000000002
2025-12-26 06:00:00+00:00,2.0599999999999987,2.2399999999999984,2.5100000000000016
2025-12-26 12:00:00+00:00,6.169999999999998,6.309999999999999,6.459999999999997
2025-12-26 18:00:00+00:00,19.67,19.36,29.1
2025-12-27 00:00:00+00:00,8.079999999999998,6.0000000000000036,7.099999999999998
2025-12-27 06:00:00+00:00,2.7900000000000027,0.7399999999999984,0.7900000000000027
2025-12-27 12:00:00+00:00,3.3299999999999983,3.120000000000001,4.459999999999997
2025-12-27 18:00:00+00:00,13.939999999999998,11.900000000000002,14.36
2025-12-28 00:00:00+00:00,4.080000000000002,4.850000000000001,5.969999999999999
2025-12-28 06:00:00+00:00,3.289999999999999,2.3900000000000006,1.7800000000000011
2025-12-28 12:00:00+00:00,1.75,3.91,4.010000000000002
2025-12-28 18:00:00+00:00,9.469999999999999,9.73,12.029999999999998
2025-12-29 00:00:00+00:00,8.259999999999998,12.379999999999999,15.43
2025-12-29 06:00:00+00:00,5.84,8.32,7.899999999999999
2025-12-29 12:00:00+00:00,7.09,7.859999999999999,6.479999999999997
2025-12-29 18:00:00+00:00,25.360000000000003,29.51,31.720000000000002
2025-12-30 00:00:00+00:00,8.820000000000004,11.719999999999999,11.770000000000003
2025-12-30 06:00:00+00:00,13.060000000000002,14.030000000000001,14.68
2025-12-30 12:00:00+00:00,34.809999999999995,38.349999999999994,38.1
2025-12-30 18:00:00+00:00,23.25,27.389999999999997,27.65
2025-12-31 00:00:00+00:00,15.860000000000003,13.350000000000001,12.82
2025-12-31 06:00:00+00:00,7.989999999999998,9.0,8.030000000000001
2025-12-31 12:00:00+00:00,13.920000000000002,20.72,20.270000000000003
2025-12-31 18:00:00+00:00,1.0100000000000016,1.0,1.0
