ts_utc,avg_dart,avg_price_diff,cov_price,price_spread,cluster
2025-01-02 00:00:00+00:00,11.672152777777775,4.124,0.1323432211789635,15.274999999999999,5
2025-01-03 00:00:00+00:00,-6.62076388888889,1.692000000000001,0.10997701604436409,7.660000000000001,1
2025-01-04 00:00:00+00:00,14.854305555555555,4.557,0.15622780708135786,17.71,5
2025-01-05 00:00:00+00:00,-18.294526515151517,1.7689999999999997,0.05945742832987175,5.679999999999999,4
2025-01-06 00:00:00+00:00,10.71826388888889,2.1750000000000016,0.05482699647971205,6.540000000000001,1
2025-01-07 00:00:00+00:00,15.32263888888889,6.182,0.20240781305888844,29.025000000000002,2
2025-01-08 00:00:00+00:00,11.355833333333333,4.930999999999999,0.17967488144424215,22.46,5
2025-01-09 00:00:00+00:00,5.652222222222222,3.261,0.1791052351585278,15.315,5
2025-01-10 00:00:00+00:00,-20.61486111111111,2.39,0.13227630763985995,10.93,4
2025-01-11 00:00:00+00:00,-12.596458333333334,1.384,0.04559555231617955,4.024999999999999,1
2025-01-12 00:00:00+00:00,-18.304027777777776,0.8630000000000002,0.02796208996284175,2.395,1
2025-01-13 00:00:00+00:00,-19.75604166666667,4.485999999999999,0.1749877087836491,17.75,4
2025-01-14 00:00:00+00:00,-14.952500000000004,5.415,0.17508768845265754,27.045,4
2025-01-15 00:00:00+00:00,-15.676527777777778,6.664999999999999,0.25468792987810374,28.095,4
2025-01-16 00:00:00+00:00,5.364166666666666,3.716,0.1355954769569043,14.364999999999998,5
2025-01-17 00:00:00+00:00,3.747152777777777,3.455,0.17046974050934094,15.035000000000002,5
2025-01-18 00:00:00+00:00,3.957847222222224,2.039999999999999,0.0672816929416325,6.314999999999998,1
2025-01-19 00:00:00+00:00,14.797986111111108,3.3530000000000006,0.0586946934856891,8.345000000000002,1
2025-01-20 00:00:00+00:00,22.853027777777783,10.262,0.21177613538182555,49.63,3
2025-01-21 00:00:00+00:00,56.70576388888888,21.244000000000003,0.30655192721957053,100.66999999999999,3
2025-01-22 00:00:00+00:00,32.804166666666674,10.533999999999999,0.2658761661265549,45.655,3
2025-01-23 00:00:00+00:00,11.212569444444446,7.478999999999999,0.17814160482942978,25.73,2
2025-01-24 00:00:00+00:00,-8.668333333333333,5.1179999999999986,0.21105959116912384,18.9,5
2025-01-25 00:00:00+00:00,-0.440138888888889,1.7529999999999994,0.08285460647546306,4.674999999999999,1
2025-01-26 00:00:00+00:00,-7.269930555555557,2.2640000000000002,0.15670332275629298,10.430000000000001,1
2025-01-27 00:00:00+00:00,-0.06573232323232259,2.183,0.1456975563357787,9.73,1
2025-01-28 00:00:00+00:00,3.634444444444444,3.5759999999999987,0.358757995726225,15.975,0
2025-01-29 00:00:00+00:00,-3.499905303030304,3.6630000000000003,0.24053267448991575,13.015000000000002,5
2025-01-30 00:00:00+00:00,-18.54256944444444,2.302,0.14137784215948573,8.370000000000001,4
2025-01-31 00:00:00+00:00,12.202362373737376,1.7770000000000004,0.0969609273114774,6.615,1
2025-02-01 00:00:00+00:00,0.17347222222222136,1.277,0.0727650063370058,4.02,1
2025-02-02 00:00:00+00:00,-25.740486111111107,1.5160000000000005,0.0986797739868351,6.1,4
2025-02-03 00:00:00+00:00,11.602430555555554,2.306,0.15251961601607117,10.084999999999997,1
2025-02-04 00:00:00+00:00,12.672291666666665,3.427,0.1590961258039245,14.485,5
2025-02-05 00:00:00+00:00,-4.392083333333333,3.297,0.1660750552498927,13.300000000000004,5
2025-02-06 00:00:00+00:00,-3.7693749999999993,3.6770000000000005,0.24551367461685647,13.875000000000002,5
2025-02-07 00:00:00+00:00,-2.379166666666665,6.311,0.27805551366945114,30.47,2
2025-02-08 00:00:00+00:00,7.4918055555555565,2.782000000000001,0.10538481888216075,9.875,1
2025-02-09 00:00:00+00:00,7.970347222222223,2.023,0.10498670641473595,9.025,1
2025-02-10 00:00:00+00:00,16.81715277777778,9.199,0.362744751063071,45.995000000000005,2
2025-02-11 00:00:00+00:00,12.494861111111113,3.341000000000001,0.19071645694895406,16.010000000000005,5
2025-02-12 00:00:00+00:00,10.585972222222225,4.1080000000000005,0.1595401982582061,17.005000000000003,5
2025-02-13 00:00:00+00:00,-4.549583333333332,3.065,0.14249450819766155,14.004999999999999,1
2025-02-14 00:00:00+00:00,-28.738541666666666,2.11,0.10249071972743304,7.15,4
2025-02-15 00:00:00+00:00,1.3756250000000003,1.875,0.07903411366646701,6.895000000000001,1
2025-02-16 00:00:00+00:00,0.5329861111111109,0.7079999999999995,0.036069071361831295,2.5599999999999987,1
2025-02-17 00:00:00+00:00,38.793055555555554,12.415000000000003,0.3106831376171701,62.075,3
2025-02-18 00:00:00+00:00,30.65485732323232,14.736,0.2507016262514513,57.760000000000005,3
2025-02-19 00:00:00+00:00,3.604236111111107,12.389000000000003,0.2365344191541432,59.025000000000006,3
2025-02-20 00:00:00+00:00,33.17416666666667,18.713,0.2681623694648392,88.1,3
2025-02-21 00:00:00+00:00,34.409375,11.251,0.30026216046985804,50.205000000000005,3
2025-02-22 00:00:00+00:00,1.8918055555555555,1.9880000000000007,0.1226364326224597,9.0,1
2025-02-23 00:00:00+00:00,-5.390833333333334,2.741,0.14719718477962915,12.74,1
2025-02-24 00:00:00+00:00,3.643712121212123,3.4450000000000003,0.5466303761335369,16.125,0
2025-02-25 00:00:00+00:00,4.987967171717171,6.632,0.3059162787235319,33.16,2
2025-02-26 00:00:00+00:00,-0.8678472222222233,3.1609999999999996,0.22734252619117884,14.264999999999997,5
2025-02-27 00:00:00+00:00,1.3362500000000002,2.3200000000000003,0.25058097628465176,9.825,5
2025-02-28 00:00:00+00:00,9.160662878787878,2.8930000000000007,0.760156229887507,11.74,0
2025-03-01 00:00:00+00:00,3.720555555555555,1.8319999999999999,0.10815246837313747,7.390000000000001,1
2025-03-02 00:00:00+00:00,-23.663125,1.9959999999999996,0.12708940712361166,9.979999999999999,4
2025-03-03 00:00:00+00:00,-40.35125000000001,3.063,0.24945164701766326,15.315000000000001,4
2025-03-04 00:00:00+00:00,7.227708333333333,1.9630000000000003,0.12012406571109724,8.355000000000002,1
2025-03-05 00:00:00+00:00,8.220347222222221,1.7000000000000006,0.1000569575782353,7.840000000000002,1
2025-03-06 00:00:00+00:00,7.6054861111111105,5.760999999999999,0.2989723130927766,28.339999999999996,2
2025-03-07 00:00:00+00:00,0.028541666666667354,4.049,0.1650925457328274,14.955000000000002,5
2025-03-08 00:00:00+00:00,-6.094962121212121,2.2889999999999997,0.19968523208488734,10.58,1
2025-03-09 00:00:00+00:00,-4.191517255892255,1.9080000000000004,0.2618648868976721,8.565000000000001,5
2025-03-10 00:00:00+00:00,-4.142834595959595,5.021999999999999,0.39851573528770945,23.904999999999998,0
2025-03-11 00:00:00+00:00,-2.82173611111111,5.398999999999999,0.3373026553616704,23.615,2
2025-03-12 00:00:00+00:00,3.628819444444445,7.067,0.34292632593567773,34.425000000000004,2
2025-03-13 00:00:00+00:00,7.987847222222223,4.5089999999999995,0.2740447829729763,21.560000000000002,5
2025-03-14 00:00:00+00:00,3.004930555555555,5.026,0.31547233387585694,24.92,2
2025-03-15 00:00:00+00:00,-2.9988194444444436,1.6070000000000002,0.16860740455780798,4.3050000000000015,1
2025-03-16 00:00:00+00:00,8.040625000000002,2.021000000000001,0.131246834752953,9.645000000000003,1
2025-03-17 00:00:00+00:00,5.245334595959596,4.543,0.30305051486736934,21.485,5
2025-03-18 00:00:00+00:00,0.8871527777777761,3.411999999999999,0.24898220076576233,15.704999999999998,5
2025-03-19 00:00:00+00:00,12.943055555555555,3.456,0.23232785214255502,16.05,5
2025-03-20 00:00:00+00:00,0.6854166666666668,4.495,0.2839955900726047,22.475,5
2025-03-21 00:00:00+00:00,-1.4760416666666676,3.2829999999999995,0.2365538701310796,14.449999999999998,5
2025-03-22 00:00:00+00:00,-2.6389583333333357,4.574999999999999,0.2745312194393454,22.255000000000003,5
2025-03-23 00:00:00+00:00,0.8568750000000003,1.2899999999999996,0.057874566931761795,3.61,1
2025-03-24 00:00:00+00:00,-5.789280303030305,3.335000000000001,0.17084807978061828,14.795,5
2025-03-25 00:00:00+00:00,4.788598484848484,7.5329999999999995,0.35198155724422,36.480000000000004,2
2025-03-26 00:00:00+00:00,6.697151515151515,6.968999999999999,0.3099487554561998,34.845,2
2025-03-27 00:00:00+00:00,12.01560606060606,3.572,0.23768098825713824,17.205000000000002,5
2025-03-28 00:00:00+00:00,12.769305555555556,2.468,0.17603965057243232,12.225,5
2025-03-29 00:00:00+00:00,-22.237499999999997,1.5290000000000006,0.12726769183543346,6.785000000000002,4
2025-03-30 00:00:00+00:00,-3.5637499999999998,1.0840000000000005,0.0389470079160848,2.41,1
2025-03-31 00:00:00+00:00,3.3001527777777784,3.4240000000000004,0.19978384904771515,16.675,5
2025-04-01 00:00:00+00:00,-9.62902777777778,4.710999999999999,0.23459436839785647,20.905,5
2025-04-02 00:00:00+00:00,-33.72805555555556,3.9259999999999993,0.1675090136422831,15.745,4
2025-04-03 00:00:00+00:00,-7.303216329966331,4.63,0.19008450346977773,17.63,5
2025-04-04 00:00:00+00:00,-20.04923611111111,3.9940000000000007,0.1463468394144551,16.380000000000003,4
2025-04-05 00:00:00+00:00,-0.859583333333334,3.0500000000000003,0.15780776727881685,11.175000000000002,1
2025-04-06 00:00:00+00:00,7.480069444444445,2.504,0.09736167679396705,8.770000000000001,1
2025-04-07 00:00:00+00:00,9.730416666666667,4.618999999999999,0.29298091901537043,22.174999999999997,5
2025-04-08 00:00:00+00:00,3.8616729797979787,10.284,0.3759915192166816,48.125,2
2025-04-09 00:00:00+00:00,8.153868686868687,7.249,0.4081252002154243,36.245,2
2025-04-10 00:00:00+00:00,8.024343434343436,4.589,0.26286186807435935,18.77,5
2025-04-11 00:00:00+00:00,6.303503787878788,7.103,0.3149890990170313,34.92,2
2025-04-12 00:00:00+00:00,-1.1326136363636363,1.6689999999999996,0.18737238446299706,6.004999999999999,1
2025-04-13 00:00:00+00:00,23.01681186868687,1.7980000000000007,0.19504528332725204,6.995,5
2025-04-14 00:00:00+00:00,-0.5051578282828284,4.227,0.37426055845112705,21.12,0
2025-04-15 00:00:00+00:00,-0.5224074074074085,4.392999999999999,0.3085316989978706,19.064999999999998,5
2025-04-16 00:00:00+00:00,10.722708333333335,4.432,0.26539693041247775,17.605,5
2025-04-17 00:00:00+00:00,15.136805555555558,3.7520000000000002,0.28697930738641375,17.32,5
2025-04-18 00:00:00+00:00,-5.130902777777777,4.825,0.42399194183810524,20.86,0
2025-04-19 00:00:00+00:00,6.026685606060606,2.474,0.1562295024016317,11.515,1
2025-04-20 00:00:00+00:00,3.5756249999999996,1.4129999999999996,0.0977638392889469,4.11,1
2025-04-21 00:00:00+00:00,-0.6213194444444445,2.413000000000001,0.13672248532397197,10.309999999999999,1
2025-04-22 00:00:00+00:00,-3.369027777777778,2.646,0.1894082235721795,11.785,5
2025-04-23 00:00:00+00:00,6.65229797979798,2.6320000000000006,0.17236747708456565,11.83,5
2025-04-24 00:00:00+00:00,-12.116729797979797,2.4539999999999997,0.1450290020415074,10.640000000000002,1
2025-04-25 00:00:00+00:00,-4.126180555555557,2.722,0.17270563273876588,13.149999999999999,1
2025-04-26 00:00:00+00:00,4.129444444444444,1.0420000000000003,0.07117712709773046,3.7700000000000014,1
2025-04-27 00:00:00+00:00,-6.208333333333332,2.344,0.1529564694486629,6.159999999999999,1
2025-04-28 00:00:00+00:00,5.235063131313131,2.511,0.18137901426478042,11.45,5
2025-04-29 00:00:00+00:00,3.969930555555554,7.669,0.4082145990897414,38.025000000000006,2
2025-04-30 00:00:00+00:00,-5.145069444444443,3.3700000000000006,0.2456739151302667,15.470000000000002,5
2025-05-01 00:00:00+00:00,4.425991161616161,3.727,0.19021118258421144,18.259999999999998,5
2025-05-02 00:00:00+00:00,3.57215909090909,3.559,0.1769156387785815,14.159999999999997,5
2025-05-03 00:00:00+00:00,-0.25416666666666554,1.5229999999999997,0.058985712560015155,4.715,1
2025-05-04 00:00:00+00:00,1.659166666666667,1.1399999999999995,0.056685498770207204,3.6950000000000003,1
2025-05-05 00:00:00+00:00,-26.7839898989899,3.614,0.21942448516970287,16.965,4
2025-05-06 00:00:00+00:00,5.430416666666666,3.8450000000000006,0.23223798388114056,17.955,5
2025-05-07 00:00:00+00:00,7.387430555555555,2.1140000000000008,0.13251864451222334,9.035,1
2025-05-08 00:00:00+00:00,1.8848611111111104,3.4470000000000005,0.24407264193461756,12.919999999999998,5
2025-05-09 00:00:00+00:00,4.052291666666667,2.527,0.15626007139345885,9.125,1
2025-05-10 00:00:00+00:00,4.84825,1.7249999999999996,0.08596173374195565,4.829999999999999,1
2025-05-11 00:00:00+00:00,9.315271464646464,3.194,-0.7164699749333703,9.94,1
2025-05-12 00:00:00+00:00,-10.829728535353535,3.146,0.6215381139437262,12.1,0
2025-05-13 00:00:00+00:00,2.375738636363636,2.533,0.14673294169323714,7.895000000000001,1
2025-05-14 00:00:00+00:00,-0.530808080808082,2.954,0.18974979705347886,11.825,5
2025-05-15 00:00:00+00:00,-8.647758838383837,2.532,0.24419000276175729,11.690000000000001,5
2025-05-16 00:00:00+00:00,-3.979981060606061,2.245,0.21409478057499975,9.39,1
2025-05-17 00:00:00+00:00,-32.74348484848485,1.6189999999999998,0.4476472848973056,5.325,4
2025-05-18 00:00:00+00:00,1.444513888888889,1.344,0.057723157313544396,3.5950000000000006,1
2025-05-19 00:00:00+00:00,1.2663825757575742,2.718000000000001,0.2015984351389616,11.025000000000002,5
2025-05-20 00:00:00+00:00,0.3578977272727273,1.9619999999999997,0.15255055027815126,8.535,1
2025-05-21 00:00:00+00:00,-8.080643939393937,2.2299999999999995,0.132094840933126,9.639999999999999,1
2025-05-22 00:00:00+00:00,-4.514539141414142,1.6720000000000002,0.10417240479585874,7.084999999999999,1
2025-05-23 00:00:00+00:00,3.2534722222222223,2.691,0.14072850654037755,10.729999999999999,1
2025-05-24 00:00:00+00:00,-0.5008068181818175,0.8979999999999997,0.041527586582732104,2.8499999999999996,1
2025-05-25 00:00:00+00:00,1.3048232323232325,1.41,0.06031380311888115,4.014999999999999,1
2025-05-26 00:00:00+00:00,-2.586155303030302,0.782,0.035497384774420104,1.8949999999999996,1
2025-05-27 00:00:00+00:00,7.957083333333334,3.082,0.15764894655239595,11.68,5
2025-05-28 00:00:00+00:00,2.353888888888889,2.538000000000001,0.1227394043509219,11.200000000000001,1
2025-05-29 00:00:00+00:00,-3.818055555555556,2.367,0.13108584042750554,9.844999999999999,1
2025-05-30 00:00:00+00:00,2.5401388888888894,1.975,0.10946011681181995,6.47,1
2025-05-31 00:00:00+00:00,0.45982112794612817,1.5290000000000004,0.0982052963070445,6.005000000000001,1
2025-06-01 00:00:00+00:00,-17.88345833333333,1.3820000000000001,0.0984218655141701,6.91,4
2025-06-02 00:00:00+00:00,8.86530303030303,2.561000000000001,0.163296635048268,11.825000000000003,5
2025-06-03 00:00:00+00:00,0.642209595959595,2.2160000000000006,0.10280108455285306,7.16,1
2025-06-04 00:00:00+00:00,10.943693181818182,3.1760000000000006,0.13928473030813823,10.425000000000004,1
2025-06-05 00:00:00+00:00,-11.226704545454545,2.66,0.12415813107119536,11.67,1
2025-06-06 00:00:00+00:00,0.6769621212121213,2.8949999999999996,0.1043487448200448,10.014999999999999,1
2025-06-07 00:00:00+00:00,1.928861531986532,1.5100000000000002,0.0752716034749248,5.93,1
2025-06-08 00:00:00+00:00,-0.21921085858585898,0.9659999999999997,0.055062823793665755,2.6549999999999994,1
2025-06-09 00:00:00+00:00,-1.4818686868686843,2.748,0.2017068306368191,10.7,5
2025-06-10 00:00:00+00:00,3.6246464646464647,2.6149999999999998,0.11591194919029679,7.445,1
2025-06-11 00:00:00+00:00,2.51671717171717,1.9880000000000007,0.1172717547835441,8.795000000000002,1
2025-06-12 00:00:00+00:00,0.8032196969696968,1.4529999999999994,0.103672258999855,6.33,1
2025-06-13 00:00:00+00:00,3.7079861111111114,1.776,0.135324109375151,8.71,1
2025-06-14 00:00:00+00:00,0.926223484848486,1.2279999999999998,0.07438406606310355,5.279999999999999,1
2025-06-15 00:00:00+00:00,1.1127777777777783,1.3369999999999997,0.0690046775088333,5.209999999999999,1
2025-06-16 00:00:00+00:00,1.1790025252525256,1.9140000000000006,0.1267733927833665,8.435000000000002,1
2025-06-17 00:00:00+00:00,-3.1928152356902357,1.7979999999999996,0.1127378790689827,8.44,1
2025-06-18 00:00:00+00:00,-41.60994318181818,1.3450000000000002,0.0717222196802817,5.32,4
2025-06-19 00:00:00+00:00,6.11548611111111,2.206,0.10724533482679244,8.495000000000001,1
2025-06-20 00:00:00+00:00,0.3370580808080822,1.6270000000000002,0.09385893098918385,7.050000000000001,1
2025-06-21 00:00:00+00:00,-11.142925505050506,4.077999999999999,0.1823115927445875,19.279999999999998,4
2025-06-22 00:00:00+00:00,-48.441054292929294,5.577999999999999,0.21052540034625228,24.28,4
2025-06-23 00:00:00+00:00,-43.79490530303031,7.327999999999999,0.2624824840399601,32.425,4
2025-06-24 00:00:00+00:00,-0.872696969696972,8.942,0.2333781015686325,39.620000000000005,2
2025-06-25 00:00:00+00:00,14.450587121212124,4.479999999999999,0.13784594593262556,16.024999999999995,5
2025-06-26 00:00:00+00:00,11.739444444444443,4.358,0.19270346432224256,20.77,5
2025-06-27 00:00:00+00:00,11.060688131313132,3.8200000000000003,0.15931461471203284,17.535000000000004,5
2025-06-28 00:00:00+00:00,-14.961458333333336,2.6180000000000008,0.10673109106720059,9.86,4
2025-06-29 00:00:00+00:00,4.204236111111111,3.3999999999999995,0.17142357116832674,16.824999999999996,5
2025-06-30 00:00:00+00:00,-4.023333333333332,3.3119999999999994,0.11078793031124574,10.184999999999999,1
2025-07-01 00:00:00+00:00,7.355833333333332,3.2010000000000005,0.14418743344482388,14.565000000000001,5
2025-07-02 00:00:00+00:00,7.809583333333332,4.228000000000001,0.1733753014660807,19.090000000000003,5
2025-07-03 00:00:00+00:00,-10.952430555555555,3.6670000000000007,0.1408479977138109,16.885000000000005,4
2025-07-04 00:00:00+00:00,-1.0606944444444444,4.483,0.2045281649718716,22.295,5
2025-07-05 00:00:00+00:00,4.078112373737374,3.424,0.19141307731459195,17.119999999999997,5
2025-07-06 00:00:00+00:00,0.47053030303030186,2.744,0.13448966693711295,12.795,1
2025-07-07 00:00:00+00:00,0.9867739898989916,4.562000000000001,0.18462487212809944,20.12,5
2025-07-08 00:00:00+00:00,5.295347222222223,5.028999999999998,0.19968794213588187,24.02499999999999,5
2025-07-09 00:00:00+00:00,1.115486111111109,3.5360000000000005,0.1456947403026958,15.704999999999998,5
2025-07-10 00:00:00+00:00,-8.48486111111111,4.042,0.17598059199661964,17.950000000000003,5
2025-07-11 00:00:00+00:00,3.927569444444445,5.563000000000001,0.22851938803771793,25.945000000000004,5
2025-07-12 00:00:00+00:00,1.9775694444444445,2.021,0.10659936165467335,8.655,1
2025-07-13 00:00:00+00:00,-13.202638888888888,2.5470000000000006,0.15578401141568582,11.855,4
2025-07-14 00:00:00+00:00,6.427083333333334,5.232,0.2093088132493681,25.285,5
2025-07-15 00:00:00+00:00,5.395777777777779,4.713999999999999,0.18104147348088376,20.154999999999994,5
2025-07-16 00:00:00+00:00,8.632626262626264,5.904999999999999,0.18397274649453121,22.2,5
2025-07-17 00:00:00+00:00,2.8599305555555548,2.723,0.1349371207438289,11.43,1
2025-07-18 00:00:00+00:00,3.6294444444444443,2.2630000000000003,0.114690184685345,10.370000000000001,1
2025-07-19 00:00:00+00:00,-1.3089583333333328,2.2329999999999997,0.09317172698561425,10.309999999999997,1
2025-07-20 00:00:00+00:00,4.222152777777776,2.6410000000000005,0.1291906812352176,11.524999999999999,1
2025-07-21 00:00:00+00:00,4.593888888888888,3.015,0.15680592846062513,14.200000000000001,5
2025-07-22 00:00:00+00:00,0.4549305555555555,3.7150000000000003,0.17561882490208425,17.42,5
2025-07-23 00:00:00+00:00,-3.571496212121211,4.707000000000001,0.1753001722338732,20.635,5
2025-07-24 00:00:00+00:00,17.449652777777775,7.449000000000001,0.2361110892170846,35.14,2
2025-07-25 00:00:00+00:00,12.626180555555553,3.76,0.1169888901702586,13.869999999999996,5
2025-07-26 00:00:00+00:00,-7.993402777777778,3.455,0.13169200072257586,15.15,1
2025-07-27 00:00:00+00:00,-4.371736111111113,3.9859999999999998,0.1637509416228001,18.259999999999998,5
2025-07-28 00:00:00+00:00,15.714374999999997,9.109,0.2670862551404439,43.885,2
2025-07-29 00:00:00+00:00,-3.024166666666666,9.230999999999998,0.24717992211820916,42.13499999999999,2
2025-07-30 00:00:00+00:00,-26.937083333333327,4.256,0.15023428872754319,16.915000000000003,4
2025-07-31 00:00:00+00:00,0.4022916666666664,2.559,0.13867316580855577,12.280000000000001,1
2025-08-01 00:00:00+00:00,4.2811174242424235,2.189999999999999,0.1053821522953173,8.43,1
2025-08-02 00:00:00+00:00,2.5301388888888887,1.1380000000000003,0.07216313951875505,4.57,1
2025-08-03 00:00:00+00:00,2.0393055555555555,1.3229999999999997,0.08336853053036665,5.614999999999998,1
2025-08-04 00:00:00+00:00,1.7140277777777775,3.8100000000000005,0.19412999918433155,17.77,5
2025-08-05 00:00:00+00:00,0.2585063131313131,2.3940000000000006,0.15225688796547435,11.400000000000002,1
2025-08-06 00:00:00+00:00,-6.273055555555555,3.190000000000001,0.1481329886391827,13.675000000000004,1
2025-08-07 00:00:00+00:00,-3.301647727272727,4.254999999999999,0.1872027734199884,20.755,5
2025-08-08 00:00:00+00:00,11.779722222222224,5.033,0.1792912468632196,23.17,5
2025-08-09 00:00:00+00:00,5.908794191919192,4.660000000000001,0.2106449583647627,21.310000000000002,5
2025-08-10 00:00:00+00:00,7.866805555555555,3.6770000000000005,0.1718346247957862,18.04,5
2025-08-11 00:00:00+00:00,-3.0961805555555566,8.123,0.24374679499610294,29.78,2
2025-08-12 00:00:00+00:00,-10.78173611111111,4.74,0.23014288247646794,22.549999999999997,4
2025-08-13 00:00:00+00:00,7.54298611111111,4.903,0.19229337599490687,22.13,5
2025-08-14 00:00:00+00:00,0.29937499999999995,3.455000000000001,0.16797147596458029,16.415000000000003,5
2025-08-15 00:00:00+00:00,-16.512361111111108,6.3549999999999995,0.24568319583256776,30.004999999999995,4
2025-08-16 00:00:00+00:00,4.342083333333334,5.076,0.2386551448632688,24.919999999999998,5
2025-08-17 00:00:00+00:00,6.763642676767677,2.9090000000000003,0.15299445957218688,12.985,5
2025-08-18 00:00:00+00:00,-8.025347222222221,5.569,0.289165046031273,27.405,2
2025-08-19 00:00:00+00:00,3.3209861111111096,5.609,0.1813853666696528,25.265,5
2025-08-20 00:00:00+00:00,-23.056887626262625,4.523999999999999,0.1891617366843863,20.08,4
2025-08-21 00:00:00+00:00,2.9711805555555526,3.916,0.21374025475772035,19.18,5
2025-08-22 00:00:00+00:00,11.325972222222221,3.254999999999999,0.16063364288302764,15.274999999999999,5
2025-08-23 00:00:00+00:00,1.9772487373737375,1.395999999999999,0.0671821625998951,4.124999999999998,1
2025-08-24 00:00:00+00:00,4.372361111111111,0.8280000000000001,0.0331944384160223,2.014999999999999,1
2025-08-25 00:00:00+00:00,4.186458333333334,2.207,0.139911311636912,9.09,1
2025-08-26 00:00:00+00:00,3.1992361111111114,1.7570000000000001,0.11085063046921115,7.690000000000001,1
2025-08-27 00:00:00+00:00,2.6108333333333347,1.218,0.09548672919437814,5.025,1
2025-08-28 00:00:00+00:00,0.2187500000000009,2.3790000000000004,0.16192171073429362,11.260000000000002,1
2025-08-29 00:00:00+00:00,1.8649305555555553,2.0479999999999996,0.1441356986914314,10.02,1
2025-08-30 00:00:00+00:00,1.337941919191919,1.2720000000000002,0.0600912980960726,3.870000000000001,1
2025-08-31 00:00:00+00:00,4.680416666666667,1.1169999999999998,0.0630083073956707,3.844999999999999,1
2025-09-01 00:00:00+00:00,1.9563888888888887,1.0560000000000003,0.0863825528874114,4.655000000000001,1
2025-09-02 00:00:00+00:00,7.752474747474748,3.141,0.20391539533080721,15.214999999999998,5
2025-09-03 00:00:00+00:00,2.488560606060606,2.545000000000001,0.1578019889892861,9.415000000000001,1
2025-09-04 00:00:00+00:00,-1.1103472222222228,2.354,0.1597414924175485,10.995,1
2025-09-05 00:00:00+00:00,1.851319444444445,2.674,0.2474536306796607,12.115,5
2025-09-06 00:00:00+00:00,-12.299282407407404,0.7599999999999998,0.04672912556490745,2.4899999999999984,1
2025-09-07 00:00:00+00:00,1.5399999999999996,0.9610000000000003,0.03798033046290355,2.3950000000000014,1
2025-09-08 00:00:00+00:00,15.872361111111111,3.464999999999999,0.19350819860748655,12.32,5
2025-09-09 00:00:00+00:00,-24.394955808080805,2.855000000000001,0.1940885879795061,12.185000000000002,4
2025-09-10 00:00:00+00:00,2.554722222222221,3.314,0.17911835914270716,14.98,5
2025-09-11 00:00:00+00:00,3.074444444444446,2.438,0.1440691991337488,10.000000000000002,1
2025-09-12 00:00:00+00:00,-1.1077777777777782,3.322,0.24457759311608648,16.265,5
2025-09-13 00:00:00+00:00,7.440822811447811,3.015000000000001,0.13291064683294923,10.905,1
2025-09-14 00:00:00+00:00,0.9947348484848488,1.9609999999999999,0.1089622747329365,8.54,1
2025-09-15 00:00:00+00:00,-20.377777777777776,3.414,0.2038338103406702,15.775,4
2025-09-16 00:00:00+00:00,-11.404078282828278,6.096,0.26172750938094935,29.07,2
2025-09-17 00:00:00+00:00,0.232222222222223,8.583,0.31940771054634476,33.935,2
2025-09-18 00:00:00+00:00,-16.37120580808081,4.196999999999999,0.22641688237765964,19.25,4
2025-09-19 00:00:00+00:00,-24.414002525252524,4.248000000000001,0.1937955496762463,17.775000000000002,4
2025-09-20 00:00:00+00:00,-9.312509469696973,1.9979999999999998,0.0926310699378619,8.734999999999998,1
2025-09-21 00:00:00+00:00,5.505669191919192,3.3210000000000006,0.11031939446240616,10.23,1
2025-09-22 00:00:00+00:00,7.304053030303032,4.444000000000001,0.23464034235097753,21.830000000000005,5
2025-09-23 00:00:00+00:00,13.366521464646464,6.402999999999998,0.2539112843101325,27.719999999999995,2
2025-09-24 00:00:00+00:00,-25.69701388888889,5.290999999999999,0.1956544101180789,20.514999999999997,4
2025-09-25 00:00:00+00:00,6.868977272727273,5.637999999999998,0.22640912095507626,24.514999999999993,5
2025-09-26 00:00:00+00:00,8.205618686868686,6.588,0.2590024349046096,25.324999999999996,2
2025-09-27 00:00:00+00:00,-2.7701578282828283,2.3380000000000005,0.25068418096914,10.510000000000002,5
2025-09-28 00:00:00+00:00,5.097973484848485,2.917,0.1519353105927848,10.864999999999998,1
2025-09-29 00:00:00+00:00,9.374236111111111,7.856999999999999,0.37385757289590726,35.190000000000005,2
2025-09-30 00:00:00+00:00,2.376458333333334,6.984999999999999,0.2954331388391269,26.279999999999994,2
2025-10-01 00:00:00+00:00,6.5043118686868695,5.898,0.2775725229679348,22.585,2
2025-10-02 00:00:00+00:00,15.564444444444444,6.181,0.2502615872166028,23.625,2
2025-10-03 00:00:00+00:00,-13.789507575757575,5.4780000000000015,0.2414688375309014,23.335,4
2025-10-04 00:00:00+00:00,1.7032777777777783,4.692,0.2688328978380174,16.805,5
2025-10-05 00:00:00+00:00,17.539444444444445,4.047,0.374957052643535,13.66,0
2025-10-06 00:00:00+00:00,4.391997474747475,5.720000000000001,0.3138835973305187,26.424999999999997,2
2025-10-07 00:00:00+00:00,10.876580808080808,4.813000000000001,0.22964108169650754,22.405,5
2025-10-08 00:00:00+00:00,5.218446969696969,5.677000000000001,0.28566665483239523,25.615000000000002,2
2025-10-09 00:00:00+00:00,7.206032828282828,5.265000000000001,0.5257279252208202,25.295,0
2025-10-10 00:00:00+00:00,5.8712310606060605,4.8809999999999985,0.3038311445820971,21.2,5
2025-10-11 00:00:00+00:00,6.180138888888889,2.1939999999999995,0.1081770490549573,5.629999999999999,1
2025-10-12 00:00:00+00:00,-7.804097222222222,2.3360000000000003,0.28288990039501344,8.575,5
2025-10-13 00:00:00+00:00,-7.125915404040402,4.966999999999999,0.32341121141794094,18.129999999999995,5
2025-10-14 00:00:00+00:00,2.395833333333334,5.8069999999999995,0.25222291518924134,23.15,5
2025-10-15 00:00:00+00:00,17.572569444444444,11.597999999999999,0.3854654580792885,48.54,3
2025-10-16 00:00:00+00:00,0.1465277777777776,5.003,0.2944995807337918,22.865000000000002,5
2025-10-17 00:00:00+00:00,7.918333333333333,4.566999999999999,0.4270282105701593,20.7,0
2025-10-18 00:00:00+00:00,1.4032260101010108,1.701,0.10431643339737959,6.879999999999999,1
2025-10-19 00:00:00+00:00,2.5781376262626265,2.694,0.7163460272708895,11.805,0
2025-10-20 00:00:00+00:00,2.431123737373737,5.646,0.6191403797894381,25.604999999999997,0
2025-10-21 00:00:00+00:00,8.063863636363635,4.23,0.46659489661344633,16.979999999999997,0
2025-10-22 00:00:00+00:00,6.036736111111111,6.104,0.3860587266567688,28.840000000000003,2
2025-10-23 00:00:00+00:00,-14.311458333333336,12.598999999999998,0.46440144774264003,62.99499999999999,3
2025-10-24 00:00:00+00:00,6.522777777777778,7.841999999999998,0.31994360723055726,34.885,2
2025-10-25 00:00:00+00:00,7.843194444444444,2.8049999999999997,0.18536179228308755,13.705,5
2025-10-26 00:00:00+00:00,1.4072916666666662,1.7239999999999998,0.1960421625261885,7.864999999999999,1
2025-10-27 00:00:00+00:00,-2.184513888888889,6.067,0.4418801876408006,29.985000000000003,0
2025-10-28 00:00:00+00:00,13.05160984848485,8.847999999999999,0.4139245161451658,44.239999999999995,2
2025-10-29 00:00:00+00:00,7.405347222222222,6.562000000000001,0.47163646442924745,29.730000000000004,0
2025-10-30 00:00:00+00:00,8.624324494949496,12.857,0.5107307789845461,62.9,3
2025-10-31 00:00:00+00:00,5.5391666666666675,6.598000000000001,0.37880758140708526,32.015,2
2025-11-01 00:00:00+00:00,8.642083333333334,4.885,0.20009260588599034,18.835,5
2025-11-02 00:00:00+00:00,-5.136430555555558,2.9590000000000005,0.48645353636412086,14.795000000000002,0
2025-11-03 00:00:00+00:00,6.423301767676768,3.473,0.343830360964571,15.955000000000002,5
2025-11-04 00:00:00+00:00,0.5085164141414138,3.8200000000000003,0.20178398915829895,14.12,5
2025-11-05 00:00:00+00:00,1.4953472222222228,5.986000000000001,0.4084103966380809,23.105,0
2025-11-06 00:00:00+00:00,6.181597222222223,5.276,0.23375616723897044,17.200000000000003,5
2025-11-07 00:00:00+00:00,-5.5415277777777785,4.197999999999999,0.25311055258100273,14.549999999999997,5
2025-11-08 00:00:00+00:00,8.98400883838384,5.409999999999999,0.1668939022970499,21.880000000000003,5
2025-11-09 00:00:00+00:00,-4.519236111111112,1.0420000000000005,0.06256294875020575,4.420000000000002,1
2025-11-10 00:00:00+00:00,10.76258207070707,7.193999999999999,0.3230627499098456,35.879999999999995,2
2025-11-11 00:00:00+00:00,-18.96409722222222,4.591,0.33046665900574024,20.215000000000003,4
2025-11-12 00:00:00+00:00,-2.9211458333333318,3.843,0.2309034855452518,16.655,5
2025-11-13 00:00:00+00:00,7.641944444444444,7.3660000000000005,0.33642998762047105,36.83,2
2025-11-14 00:00:00+00:00,9.589513888888888,7.056999999999999,0.2840500953705546,26.665000000000003,2
2025-11-15 00:00:00+00:00,7.828611111111112,2.5060000000000002,0.11293102445496364,8.355,1
2025-11-16 00:00:00+00:00,2.4134722222222234,2.986,0.1997487849921257,13.135000000000002,5
2025-11-17 00:00:00+00:00,-2.0055555555555533,4.246,0.2417299405106595,19.555,5
2025-11-18 00:00:00+00:00,1.7611111111111128,3.95,0.19285991150141585,16.29,5
2025-11-19 00:00:00+00:00,5.356069444444444,7.492999999999999,0.22502587350905412,32.975,2
2025-11-20 00:00:00+00:00,-14.43340277777778,4.628000000000002,0.1678307645895446,16.130000000000003,4
2025-11-21 00:00:00+00:00,8.385347222222222,3.6689999999999996,0.1350783770335069,15.635,5
2025-11-22 00:00:00+00:00,4.537171717171717,3.2430000000000003,0.1071225222934944,8.325,1
2025-11-23 00:00:00+00:00,0.5171527777777769,3.019,0.1879061604157159,15.094999999999999,5
2025-11-24 00:00:00+00:00,8.82673611111111,3.96,0.20112041352477114,16.675,5
2025-11-25 00:00:00+00:00,-8.240000000000002,5.8069999999999995,0.25656530642061115,28.369999999999997,2
2025-11-26 00:00:00+00:00,-2.994924242424242,2.0649999999999995,0.0830386398768812,6.26,1
2025-11-27 00:00:00+00:00,-5.210902777777779,2.857,0.17664175368150808,13.965,5
2025-11-28 00:00:00+00:00,2.950277777777777,4.455,0.21945537514152794,20.76,5
2025-11-29 00:00:00+00:00,9.858472222222222,2.7099999999999995,0.12884782866922825,8.134999999999998,1
2025-11-30 00:00:00+00:00,-0.38590277777777793,2.968000000000001,0.1571186967073528,6.680000000000001,1
2025-12-01 00:00:00+00:00,-6.122685245310244,5.686000000000002,0.1765431195298244,25.52,5
2025-12-02 00:00:00+00:00,-17.816037878787878,9.776,0.2824155771056417,47.0,2
2025-12-03 00:00:00+00:00,-54.16411111111111,3.4259999999999975,0.0990262103569157,12.679999999999996,4
2025-12-04 00:00:00+00:00,21.418190656565656,11.671999999999997,0.1900500327012554,50.855,3
2025-12-05 00:00:00+00:00,39.40076388888889,6.863000000000003,0.13550044138008782,27.454999999999995,2
2025-12-06 00:00:00+00:00,12.784236111111113,5.802999999999999,0.16511338238384546,26.595,5
2025-12-07 00:00:00+00:00,-9.450902777777783,3.312999999999999,0.09874047459135935,12.165,1
2025-12-08 00:00:00+00:00,-44.41541666666667,6.1759999999999975,0.14715706963736494,28.92499999999999,4
2025-12-09 00:00:00+00:00,3.7272916666666682,6.973000000000001,0.2203119521016007,31.140000000000004,2
2025-12-10 00:00:00+00:00,22.516458333333336,2.577,0.073032133282964,8.344999999999999,1
2025-12-11 00:00:00+00:00,24.19215277777778,6.337000000000001,0.19711365179325355,30.86,2
2025-12-12 00:00:00+00:00,-14.769539141414143,3.876999999999999,0.10075086809498279,14.365,4
2025-12-13 00:00:00+00:00,25.797727272727272,5.755,0.15464730834013204,24.535,5
2025-12-14 00:00:00+00:00,16.121660353535354,5.955000000000001,0.22854518357905765,29.505000000000003,2
2025-12-15 00:00:00+00:00,5.023939393939394,3.529,0.14989148324517926,13.815000000000001,5
2025-12-16 00:00:00+00:00,12.42809027777778,4.026,0.17567502490583425,18.22,5
2025-12-17 00:00:00+00:00,6.735751262626261,6.682,0.3118227037516407,33.410000000000004,2
2025-12-18 00:00:00+00:00,-0.6117487373737371,4.635,0.30988362498817174,15.214999999999998,5
2025-12-19 00:00:00+00:00,2.6870138888888904,4.969000000000001,0.20453708975839205,20.665000000000003,5
2025-12-20 00:00:00+00:00,5.729513888888889,1.795999999999999,0.06286747276679215,4.6949999999999985,1
2025-12-21 00:00:00+00:00,3.942840909090908,3.4110000000000014,0.13379531126751756,12.295000000000002,1
2025-12-22 00:00:00+00:00,-1.12844739057239,2.215000000000001,0.08269441409766065,7.205,1
2025-12-23 00:00:00+00:00,6.144291666666668,1.845999999999999,0.08064408607967005,6.169999999999998,1
2025-12-24 00:00:00+00:00,4.975763888888889,1.444,0.0787679603989705,4.620000000000001,1
2025-12-25 00:00:00+00:00,0.8356944444444446,0.6810000000000003,0.0321615783495459,2.26,1
2025-12-26 00:00:00+00:00,-0.5468055555555565,1.4019999999999995,0.07330956098050079,4.954999999999998,1
2025-12-27 00:00:00+00:00,-2.6284090909090914,1.6060000000000005,0.1144541461316784,6.880000000000001,1
2025-12-28 00:00:00+00:00,3.956516414141415,1.4089999999999996,0.11545303736576229,6.954999999999998,1
2025-12-29 00:00:00+00:00,6.841180555555557,2.061,0.10157772314600169,6.67,1
2025-12-30 00:00:00+00:00,-2.029236111111112,2.469,0.0927898239934327,9.155000000000001,1
2025-12-31 00:00:00+00:00,6.913749999999999,3.875,0.14535852364624918,14.765,5
